event_id,mode,window_length,method,clip,frame_number,in_window,target_original_confidence,has_output,evidence_source,output_track_id,id_continuous_from_before_window,center_error_px,iou
clip_sample_001_track3_confidence_demotion_w1,confidence_demotion,1,high_confidence_sort,clip_sample_001,1,False,0.83519,True,high_score_detection,45,False,0.0,1.0
clip_sample_001_track3_confidence_demotion_w1,confidence_demotion,1,high_confidence_sort,clip_sample_001,2,False,0.82276,True,high_score_detection,45,False,0.01686459727482249,0.9884822356300011
clip_sample_001_track3_confidence_demotion_w1,confidence_demotion,1,high_confidence_sort,clip_sample_001,3,False,0.8315,True,high_score_detection,45,False,0.048834530040232846,0.9911295603927863
clip_sample_001_track3_confidence_demotion_w1,confidence_demotion,1,high_confidence_sort,clip_sample_001,4,False,0.83809,True,high_score_detection,45,False,0.25841951584406203,0.9870429895976839
clip_sample_001_track3_confidence_demotion_w1,confidence_demotion,1,high_confidence_sort,clip_sample_001,5,False,0.84868,True,high_score_detection,45,False,0.3033465796475455,0.9819059071950882
clip_sample_001_track3_confidence_demotion_w1,confidence_demotion,1,high_confidence_sort,clip_sample_001,6,False,0.84986,True,high_score_detection,45,False,0.2987037551903595,0.9821110937930816
clip_sample_001_track3_confidence_demotion_w1,confidence_demotion,1,high_confidence_sort,clip_sample_001,7,False,0.84504,True,high_score_detection,45,False,0.3570730957849275,0.9771146054909126
clip_sample_001_track3_confidence_demotion_w1,confidence_demotion,1,high_confidence_sort,clip_sample_001,8,False,0.83948,True,high_score_detection,45,False,0.554883817950056,0.9607031603590336
clip_sample_001_track3_confidence_demotion_w1,confidence_demotion,1,high_confidence_sort,clip_sample_001,9,False,0.8266,True,high_score_detection,45,False,0.7753445999559014,0.9524737239155578
clip_sample_001_track3_confidence_demotion_w1,confidence_demotion,1,high_confidence_sort,clip_sample_001,10,False,0.7058,True,high_score_detection,45,False,1.4068262738593285,0.9133825654258697
clip_sample_001_track3_confidence_demotion_w1,confidence_demotion,1,high_confidence_sort,clip_sample_001,11,False,0.72421,True,high_score_detection,45,False,0.5542143420287395,0.957253908156293
clip_sample_001_track3_confidence_demotion_w1,confidence_demotion,1,high_confidence_sort,clip_sample_001,12,False,0.78624,True,high_score_detection,45,False,0.46839464162592165,0.9650620635676033
clip_sample_001_track3_confidence_demotion_w1,confidence_demotion,1,high_confidence_sort,clip_sample_001,13,False,0.74765,True,high_score_detection,45,False,0.6663149994222536,0.920195805904874
clip_sample_001_track3_confidence_demotion_w1,confidence_demotion,1,high_confidence_sort,clip_sample_001,14,False,0.79234,True,high_score_detection,45,True,0.7334490181763688,0.9367638692023991
clip_sample_001_track3_confidence_demotion_w1,confidence_demotion,1,high_confidence_sort,clip_sample_001,15,True,0.61484,True,motion_prediction,45,True,1.5333216632032256,0.8907919128700762
clip_sample_001_track3_confidence_demotion_w1,confidence_demotion,1,high_confidence_sort,clip_sample_001,16,False,0.51533,True,high_score_detection,45,True,1.3196674742712007,0.9035752511156339
clip_sample_001_track3_confidence_demotion_w1,confidence_demotion,1,high_confidence_sort,clip_sample_001,17,False,0.53518,True,high_score_detection,45,True,0.8802756384829584,0.9151063701103205
clip_sample_001_track3_confidence_demotion_w1,confidence_demotion,1,high_confidence_sort,clip_sample_001,18,False,0.69564,True,high_score_detection,45,True,1.723312127044617,0.8777273833756811
clip_sample_001_track3_confidence_demotion_w1,confidence_demotion,1,high_confidence_sort,clip_sample_001,19,False,0.67061,True,high_score_detection,45,True,1.8138412272619124,0.8718709178720186
clip_sample_001_track3_confidence_demotion_w1,confidence_demotion,1,high_confidence_sort,clip_sample_001,20,False,0.60792,True,high_score_detection,45,True,1.4551187248062896,0.8710544976988976
clip_sample_001_track3_confidence_demotion_w1,confidence_demotion,1,high_confidence_sort,clip_sample_001,21,False,0.61125,True,high_score_detection,45,True,1.590085076213498,0.8706878034105955
clip_sample_001_track3_confidence_demotion_w1,confidence_demotion,1,high_confidence_sort,clip_sample_001,22,False,0.60922,True,high_score_detection,45,True,2.192884943027296,0.8386349138690544
clip_sample_001_track3_confidence_demotion_w1,confidence_demotion,1,high_confidence_sort,clip_sample_001,23,False,0.55454,True,high_score_detection,45,True,1.880959560896958,0.8629063085534906
clip_sample_001_track3_confidence_demotion_w1,confidence_demotion,1,high_confidence_sort,clip_sample_001,24,False,0.42867,True,motion_prediction,45,True,3.072369328564256,0.7979865597754551
clip_sample_001_track3_confidence_demotion_w1,confidence_demotion,1,high_confidence_sort,clip_sample_001,25,False,0.35438,True,motion_prediction,45,True,3.9834035020760896,0.7343613549517599
clip_sample_001_track3_confidence_demotion_w1,confidence_demotion,1,high_confidence_sort,clip_sample_001,26,False,0.23841,True,motion_prediction,45,True,4.822126420778769,0.6975436256022114
clip_sample_001_track3_confidence_demotion_w1,confidence_demotion,1,high_confidence_sort,clip_sample_001,27,False,0.17753,True,motion_prediction,45,True,6.19522406905611,0.5979519918584084
clip_sample_001_track3_confidence_demotion_w1,confidence_demotion,1,high_confidence_sort,clip_sample_001,28,False,0.1442,True,motion_prediction,45,True,7.323654110788159,0.5516853695333063
clip_sample_001_track3_confidence_demotion_w1,confidence_demotion,1,high_confidence_sort,clip_sample_001,29,False,0.06182,True,high_score_detection,64,False,120.72884677470685,0.025959266139174153
clip_sample_001_track3_confidence_demotion_w1,confidence_demotion,1,bytetrack,clip_sample_001,1,False,0.83519,True,high_score_detection,51,False,0.0,1.0
clip_sample_001_track3_confidence_demotion_w1,confidence_demotion,1,bytetrack,clip_sample_001,2,False,0.82276,True,high_score_detection,51,False,0.01686459727482249,0.9884822356300011
clip_sample_001_track3_confidence_demotion_w1,confidence_demotion,1,bytetrack,clip_sample_001,3,False,0.8315,True,high_score_detection,51,False,0.048834530040232846,0.9911295603927863
clip_sample_001_track3_confidence_demotion_w1,confidence_demotion,1,bytetrack,clip_sample_001,4,False,0.83809,True,high_score_detection,51,False,0.25841951584406203,0.9870429895976839
clip_sample_001_track3_confidence_demotion_w1,confidence_demotion,1,bytetrack,clip_sample_001,5,False,0.84868,True,high_score_detection,51,False,0.3033465796475455,0.9819059071950882
clip_sample_001_track3_confidence_demotion_w1,confidence_demotion,1,bytetrack,clip_sample_001,6,False,0.84986,True,high_score_detection,51,False,0.2987037551903595,0.9821110937930816
clip_sample_001_track3_confidence_demotion_w1,confidence_demotion,1,bytetrack,clip_sample_001,7,False,0.84504,True,high_score_detection,51,False,0.3570730957849275,0.9771146054909126
clip_sample_001_track3_confidence_demotion_w1,confidence_demotion,1,bytetrack,clip_sample_001,8,False,0.83948,True,high_score_detection,51,False,0.554883817950056,0.9607031603590336
clip_sample_001_track3_confidence_demotion_w1,confidence_demotion,1,bytetrack,clip_sample_001,9,False,0.8266,True,high_score_detection,51,False,0.7753445999559014,0.9524737239155578
clip_sample_001_track3_confidence_demotion_w1,confidence_demotion,1,bytetrack,clip_sample_001,10,False,0.7058,True,high_score_detection,51,False,1.4068262738593285,0.9133825654258697
clip_sample_001_track3_confidence_demotion_w1,confidence_demotion,1,bytetrack,clip_sample_001,11,False,0.72421,True,high_score_detection,51,False,0.5542143420287395,0.957253908156293
clip_sample_001_track3_confidence_demotion_w1,confidence_demotion,1,bytetrack,clip_sample_001,12,False,0.78624,True,high_score_detection,51,False,0.46839464162592165,0.9650620635676033
clip_sample_001_track3_confidence_demotion_w1,confidence_demotion,1,bytetrack,clip_sample_001,13,False,0.74765,True,high_score_detection,51,False,0.6663149994222536,0.920195805904874
clip_sample_001_track3_confidence_demotion_w1,confidence_demotion,1,bytetrack,clip_sample_001,14,False,0.79234,True,high_score_detection,51,True,0.7334490181763688,0.9367638692023991
clip_sample_001_track3_confidence_demotion_w1,confidence_demotion,1,bytetrack,clip_sample_001,15,True,0.61484,True,low_score_detection,51,True,1.0009274115264504,0.9224701372106908
clip_sample_001_track3_confidence_demotion_w1,confidence_demotion,1,bytetrack,clip_sample_001,16,False,0.51533,True,high_score_detection,51,True,1.2534223735699492,0.908806104270111
clip_sample_001_track3_confidence_demotion_w1,confidence_demotion,1,bytetrack,clip_sample_001,17,False,0.53518,True,high_score_detection,51,True,0.8974459925579137,0.9148615518962293
clip_sample_001_track3_confidence_demotion_w1,confidence_demotion,1,bytetrack,clip_sample_001,18,False,0.69564,True,high_score_detection,51,True,1.8370286701861658,0.8723235691999296
clip_sample_001_track3_confidence_demotion_w1,confidence_demotion,1,bytetrack,clip_sample_001,19,False,0.67061,True,high_score_detection,51,True,1.9405612474027356,0.8658940450829564
clip_sample_001_track3_confidence_demotion_w1,confidence_demotion,1,bytetrack,clip_sample_001,20,False,0.60792,True,high_score_detection,51,True,1.570960645754787,0.8655393128850436
clip_sample_001_track3_confidence_demotion_w1,confidence_demotion,1,bytetrack,clip_sample_001,21,False,0.61125,True,high_score_detection,51,True,1.685751929809313,0.8657701099381624
clip_sample_001_track3_confidence_demotion_w1,confidence_demotion,1,bytetrack,clip_sample_001,22,False,0.60922,True,high_score_detection,51,True,2.269045180874288,0.8345161397524278
clip_sample_001_track3_confidence_demotion_w1,confidence_demotion,1,bytetrack,clip_sample_001,23,False,0.55454,True,high_score_detection,51,True,1.9402810953611864,0.8594063529461521
clip_sample_001_track3_confidence_demotion_w1,confidence_demotion,1,bytetrack,clip_sample_001,24,False,0.42867,True,low_score_detection,51,True,2.1975541704337376,0.8495265951255611
clip_sample_001_track3_confidence_demotion_w1,confidence_demotion,1,bytetrack,clip_sample_001,25,False,0.35438,True,low_score_detection,51,True,2.4205375603540977,0.8210900365816037
clip_sample_001_track3_confidence_demotion_w1,confidence_demotion,1,bytetrack,clip_sample_001,26,False,0.23841,True,low_score_detection,51,True,2.289282575534432,0.8357701873329333
clip_sample_001_track3_confidence_demotion_w1,confidence_demotion,1,bytetrack,clip_sample_001,27,False,0.17753,True,low_score_detection,51,True,4.634469060334757,0.6569102101055321
clip_sample_001_track3_confidence_demotion_w1,confidence_demotion,1,bytetrack,clip_sample_001,28,False,0.1442,True,low_score_detection,51,True,5.848107336805422,0.6347427687384355
clip_sample_001_track3_confidence_demotion_w1,confidence_demotion,1,bytetrack,clip_sample_001,29,False,0.06182,True,low_score_detection,51,True,5.2659272718201615,0.6573573120289455
clip_sample_001_track3_confidence_demotion_w2,confidence_demotion,2,high_confidence_sort,clip_sample_001,1,False,0.83519,True,high_score_detection,72,False,0.0,1.0
clip_sample_001_track3_confidence_demotion_w2,confidence_demotion,2,high_confidence_sort,clip_sample_001,2,False,0.82276,True,high_score_detection,72,False,0.01686459727482249,0.9884822356300011
clip_sample_001_track3_confidence_demotion_w2,confidence_demotion,2,high_confidence_sort,clip_sample_001,3,False,0.8315,True,high_score_detection,72,False,0.048834530040232846,0.9911295603927863
clip_sample_001_track3_confidence_demotion_w2,confidence_demotion,2,high_confidence_sort,clip_sample_001,4,False,0.83809,True,high_score_detection,72,False,0.25841951584406203,0.9870429895976839
clip_sample_001_track3_confidence_demotion_w2,confidence_demotion,2,high_confidence_sort,clip_sample_001,5,False,0.84868,True,high_score_detection,72,False,0.3033465796475455,0.9819059071950882
clip_sample_001_track3_confidence_demotion_w2,confidence_demotion,2,high_confidence_sort,clip_sample_001,6,False,0.84986,True,high_score_detection,72,False,0.2987037551903595,0.9821110937930816
clip_sample_001_track3_confidence_demotion_w2,confidence_demotion,2,high_confidence_sort,clip_sample_001,7,False,0.84504,True,high_score_detection,72,False,0.3570730957849275,0.9771146054909126
clip_sample_001_track3_confidence_demotion_w2,confidence_demotion,2,high_confidence_sort,clip_sample_001,8,False,0.83948,True,high_score_detection,72,False,0.554883817950056,0.9607031603590336
clip_sample_001_track3_confidence_demotion_w2,confidence_demotion,2,high_confidence_sort,clip_sample_001,9,False,0.8266,True,high_score_detection,72,False,0.7753445999559014,0.9524737239155578
clip_sample_001_track3_confidence_demotion_w2,confidence_demotion,2,high_confidence_sort,clip_sample_001,10,False,0.7058,True,high_score_detection,72,False,1.4068262738593285,0.9133825654258697
clip_sample_001_track3_confidence_demotion_w2,confidence_demotion,2,high_confidence_sort,clip_sample_001,11,False,0.72421,True,high_score_detection,72,False,0.5542143420287395,0.957253908156293
clip_sample_001_track3_confidence_demotion_w2,confidence_demotion,2,high_confidence_sort,clip_sample_001,12,False,0.78624,True,high_score_detection,72,False,0.46839464162592165,0.9650620635676033
clip_sample_001_track3_confidence_demotion_w2,confidence_demotion,2,high_confidence_sort,clip_sample_001,13,False,0.74765,True,high_score_detection,72,True,0.6663149994222536,0.920195805904874
clip_sample_001_track3_confidence_demotion_w2,confidence_demotion,2,high_confidence_sort,clip_sample_001,14,True,0.79234,True,motion_prediction,72,True,1.0949235036729006,0.9257524895503945
clip_sample_001_track3_confidence_demotion_w2,confidence_demotion,2,high_confidence_sort,clip_sample_001,15,True,0.61484,True,motion_prediction,72,True,1.9371256276030644,0.8749766169864741
clip_sample_001_track3_confidence_demotion_w2,confidence_demotion,2,high_confidence_sort,clip_sample_001,16,False,0.51533,True,high_score_detection,72,True,1.3096735047797186,0.90595796443755
clip_sample_001_track3_confidence_demotion_w2,confidence_demotion,2,high_confidence_sort,clip_sample_001,17,False,0.53518,True,high_score_detection,72,True,0.8263977229088499,0.9111631353170645
clip_sample_001_track3_confidence_demotion_w2,confidence_demotion,2,high_confidence_sort,clip_sample_001,18,False,0.69564,True,high_score_detection,72,True,1.6971528067780581,0.8823044677467325
clip_sample_001_track3_confidence_demotion_w2,confidence_demotion,2,high_confidence_sort,clip_sample_001,19,False,0.67061,True,high_score_detection,72,True,1.7636068448865907,0.8769716957349074
clip_sample_001_track3_confidence_demotion_w2,confidence_demotion,2,high_confidence_sort,clip_sample_001,20,False,0.60792,True,high_score_detection,72,True,1.4019560838303358,0.8757524766474121
clip_sample_001_track3_confidence_demotion_w2,confidence_demotion,2,high_confidence_sort,clip_sample_001,21,False,0.61125,True,high_score_detection,72,True,1.5439730190383758,0.8749573301237259
clip_sample_001_track3_confidence_demotion_w2,confidence_demotion,2,high_confidence_sort,clip_sample_001,22,False,0.60922,True,high_score_detection,72,True,2.1550488719644325,0.8422965584923837
clip_sample_001_track3_confidence_demotion_w2,confidence_demotion,2,high_confidence_sort,clip_sample_001,23,False,0.55454,True,high_score_detection,72,True,1.8509666290663294,0.8660060368266347
clip_sample_001_track3_confidence_demotion_w2,confidence_demotion,2,high_confidence_sort,clip_sample_001,24,False,0.42867,True,motion_prediction,72,True,3.0413671681020515,0.8004176317699561
clip_sample_001_track3_confidence_demotion_w2,confidence_demotion,2,high_confidence_sort,clip_sample_001,25,False,0.35438,True,motion_prediction,72,True,3.950553786925025,0.7368552714742866
clip_sample_001_track3_confidence_demotion_w2,confidence_demotion,2,high_confidence_sort,clip_sample_001,26,False,0.23841,True,motion_prediction,72,True,4.7890651576485785,0.7000188264935382
clip_sample_001_track3_confidence_demotion_w2,confidence_demotion,2,high_confidence_sort,clip_sample_001,27,False,0.17753,True,motion_prediction,72,True,6.159923272366935,0.6010722105521041
clip_sample_001_track3_confidence_demotion_w2,confidence_demotion,2,high_confidence_sort,clip_sample_001,28,False,0.1442,True,motion_prediction,72,True,7.287205059478086,0.5548844970529162
clip_sample_001_track3_confidence_demotion_w2,confidence_demotion,2,high_confidence_sort,clip_sample_001,29,False,0.06182,True,high_score_detection,91,False,120.72884677470685,0.025959266139174153
clip_sample_001_track3_confidence_demotion_w2,confidence_demotion,2,bytetrack,clip_sample_001,1,False,0.83519,True,high_score_detection,78,False,0.0,1.0
clip_sample_001_track3_confidence_demotion_w2,confidence_demotion,2,bytetrack,clip_sample_001,2,False,0.82276,True,high_score_detection,78,False,0.01686459727482249,0.9884822356300011
clip_sample_001_track3_confidence_demotion_w2,confidence_demotion,2,bytetrack,clip_sample_001,3,False,0.8315,True,high_score_detection,78,False,0.048834530040232846,0.9911295603927863
clip_sample_001_track3_confidence_demotion_w2,confidence_demotion,2,bytetrack,clip_sample_001,4,False,0.83809,True,high_score_detection,78,False,0.25841951584406203,0.9870429895976839
clip_sample_001_track3_confidence_demotion_w2,confidence_demotion,2,bytetrack,clip_sample_001,5,False,0.84868,True,high_score_detection,78,False,0.3033465796475455,0.9819059071950882
clip_sample_001_track3_confidence_demotion_w2,confidence_demotion,2,bytetrack,clip_sample_001,6,False,0.84986,True,high_score_detection,78,False,0.2987037551903595,0.9821110937930816
clip_sample_001_track3_confidence_demotion_w2,confidence_demotion,2,bytetrack,clip_sample_001,7,False,0.84504,True,high_score_detection,78,False,0.3570730957849275,0.9771146054909126
clip_sample_001_track3_confidence_demotion_w2,confidence_demotion,2,bytetrack,clip_sample_001,8,False,0.83948,True,high_score_detection,78,False,0.554883817950056,0.9607031603590336
clip_sample_001_track3_confidence_demotion_w2,confidence_demotion,2,bytetrack,clip_sample_001,9,False,0.8266,True,high_score_detection,78,False,0.7753445999559014,0.9524737239155578
clip_sample_001_track3_confidence_demotion_w2,confidence_demotion,2,bytetrack,clip_sample_001,10,False,0.7058,True,high_score_detection,78,False,1.4068262738593285,0.9133825654258697
clip_sample_001_track3_confidence_demotion_w2,confidence_demotion,2,bytetrack,clip_sample_001,11,False,0.72421,True,high_score_detection,78,False,0.5542143420287395,0.957253908156293
clip_sample_001_track3_confidence_demotion_w2,confidence_demotion,2,bytetrack,clip_sample_001,12,False,0.78624,True,high_score_detection,78,False,0.46839464162592165,0.9650620635676033
clip_sample_001_track3_confidence_demotion_w2,confidence_demotion,2,bytetrack,clip_sample_001,13,False,0.74765,True,high_score_detection,78,True,0.6663149994222536,0.920195805904874
clip_sample_001_track3_confidence_demotion_w2,confidence_demotion,2,bytetrack,clip_sample_001,14,True,0.79234,True,low_score_detection,78,True,0.7334490181763688,0.9367638692023991
clip_sample_001_track3_confidence_demotion_w2,confidence_demotion,2,bytetrack,clip_sample_001,15,True,0.61484,True,low_score_detection,78,True,1.0009274115264504,0.9224701372106908
clip_sample_001_track3_confidence_demotion_w2,confidence_demotion,2,bytetrack,clip_sample_001,16,False,0.51533,True,high_score_detection,78,True,1.2534223735699492,0.908806104270111
clip_sample_001_track3_confidence_demotion_w2,confidence_demotion,2,bytetrack,clip_sample_001,17,False,0.53518,True,high_score_detection,78,True,0.8974459925579137,0.9148615518962293
clip_sample_001_track3_confidence_demotion_w2,confidence_demotion,2,bytetrack,clip_sample_001,18,False,0.69564,True,high_score_detection,78,True,1.8370286701861658,0.8723235691999296
clip_sample_001_track3_confidence_demotion_w2,confidence_demotion,2,bytetrack,clip_sample_001,19,False,0.67061,True,high_score_detection,78,True,1.9405612474027356,0.8658940450829564
clip_sample_001_track3_confidence_demotion_w2,confidence_demotion,2,bytetrack,clip_sample_001,20,False,0.60792,True,high_score_detection,78,True,1.570960645754787,0.8655393128850436
clip_sample_001_track3_confidence_demotion_w2,confidence_demotion,2,bytetrack,clip_sample_001,21,False,0.61125,True,high_score_detection,78,True,1.685751929809313,0.8657701099381624
clip_sample_001_track3_confidence_demotion_w2,confidence_demotion,2,bytetrack,clip_sample_001,22,False,0.60922,True,high_score_detection,78,True,2.269045180874288,0.8345161397524278
clip_sample_001_track3_confidence_demotion_w2,confidence_demotion,2,bytetrack,clip_sample_001,23,False,0.55454,True,high_score_detection,78,True,1.9402810953611864,0.8594063529461521
clip_sample_001_track3_confidence_demotion_w2,confidence_demotion,2,bytetrack,clip_sample_001,24,False,0.42867,True,low_score_detection,78,True,2.1975541704337376,0.8495265951255611
clip_sample_001_track3_confidence_demotion_w2,confidence_demotion,2,bytetrack,clip_sample_001,25,False,0.35438,True,low_score_detection,78,True,2.4205375603540977,0.8210900365816037
clip_sample_001_track3_confidence_demotion_w2,confidence_demotion,2,bytetrack,clip_sample_001,26,False,0.23841,True,low_score_detection,78,True,2.289282575534432,0.8357701873329333
clip_sample_001_track3_confidence_demotion_w2,confidence_demotion,2,bytetrack,clip_sample_001,27,False,0.17753,True,low_score_detection,78,True,4.634469060334757,0.6569102101055321
clip_sample_001_track3_confidence_demotion_w2,confidence_demotion,2,bytetrack,clip_sample_001,28,False,0.1442,True,low_score_detection,78,True,5.848107336805422,0.6347427687384355
clip_sample_001_track3_confidence_demotion_w2,confidence_demotion,2,bytetrack,clip_sample_001,29,False,0.06182,True,low_score_detection,78,True,5.2659272718201615,0.6573573120289455
clip_sample_001_track3_confidence_demotion_w3,confidence_demotion,3,high_confidence_sort,clip_sample_001,1,False,0.83519,True,high_score_detection,99,False,0.0,1.0
clip_sample_001_track3_confidence_demotion_w3,confidence_demotion,3,high_confidence_sort,clip_sample_001,2,False,0.82276,True,high_score_detection,99,False,0.01686459727482249,0.9884822356300011
clip_sample_001_track3_confidence_demotion_w3,confidence_demotion,3,high_confidence_sort,clip_sample_001,3,False,0.8315,True,high_score_detection,99,False,0.048834530040232846,0.9911295603927863
clip_sample_001_track3_confidence_demotion_w3,confidence_demotion,3,high_confidence_sort,clip_sample_001,4,False,0.83809,True,high_score_detection,99,False,0.25841951584406203,0.9870429895976839
clip_sample_001_track3_confidence_demotion_w3,confidence_demotion,3,high_confidence_sort,clip_sample_001,5,False,0.84868,True,high_score_detection,99,False,0.3033465796475455,0.9819059071950882
clip_sample_001_track3_confidence_demotion_w3,confidence_demotion,3,high_confidence_sort,clip_sample_001,6,False,0.84986,True,high_score_detection,99,False,0.2987037551903595,0.9821110937930816
clip_sample_001_track3_confidence_demotion_w3,confidence_demotion,3,high_confidence_sort,clip_sample_001,7,False,0.84504,True,high_score_detection,99,False,0.3570730957849275,0.9771146054909126
clip_sample_001_track3_confidence_demotion_w3,confidence_demotion,3,high_confidence_sort,clip_sample_001,8,False,0.83948,True,high_score_detection,99,False,0.554883817950056,0.9607031603590336
clip_sample_001_track3_confidence_demotion_w3,confidence_demotion,3,high_confidence_sort,clip_sample_001,9,False,0.8266,True,high_score_detection,99,False,0.7753445999559014,0.9524737239155578
clip_sample_001_track3_confidence_demotion_w3,confidence_demotion,3,high_confidence_sort,clip_sample_001,10,False,0.7058,True,high_score_detection,99,False,1.4068262738593285,0.9133825654258697
clip_sample_001_track3_confidence_demotion_w3,confidence_demotion,3,high_confidence_sort,clip_sample_001,11,False,0.72421,True,high_score_detection,99,False,0.5542143420287395,0.957253908156293
clip_sample_001_track3_confidence_demotion_w3,confidence_demotion,3,high_confidence_sort,clip_sample_001,12,False,0.78624,True,high_score_detection,99,False,0.46839464162592165,0.9650620635676033
clip_sample_001_track3_confidence_demotion_w3,confidence_demotion,3,high_confidence_sort,clip_sample_001,13,False,0.74765,True,high_score_detection,99,True,0.6663149994222536,0.920195805904874
clip_sample_001_track3_confidence_demotion_w3,confidence_demotion,3,high_confidence_sort,clip_sample_001,14,True,0.79234,True,motion_prediction,99,True,1.0949235036729006,0.9257524895503945
clip_sample_001_track3_confidence_demotion_w3,confidence_demotion,3,high_confidence_sort,clip_sample_001,15,True,0.61484,True,motion_prediction,99,True,1.9371256276030644,0.8749766169864741
clip_sample_001_track3_confidence_demotion_w3,confidence_demotion,3,high_confidence_sort,clip_sample_001,16,True,0.51533,True,motion_prediction,99,True,2.65325047618063,0.8206745387809933
clip_sample_001_track3_confidence_demotion_w3,confidence_demotion,3,high_confidence_sort,clip_sample_001,17,False,0.53518,True,high_score_detection,99,True,1.255238279138179,0.9028254491284669
clip_sample_001_track3_confidence_demotion_w3,confidence_demotion,3,high_confidence_sort,clip_sample_001,18,False,0.69564,True,high_score_detection,99,True,1.2435429627871766,0.9055845027064292
clip_sample_001_track3_confidence_demotion_w3,confidence_demotion,3,high_confidence_sort,clip_sample_001,19,False,0.67061,True,high_score_detection,99,True,1.3782457590511468,0.8985323907941118
clip_sample_001_track3_confidence_demotion_w3,confidence_demotion,3,high_confidence_sort,clip_sample_001,20,False,0.60792,True,high_score_detection,99,True,1.116187726532317,0.8937164560924751
clip_sample_001_track3_confidence_demotion_w3,confidence_demotion,3,high_confidence_sort,clip_sample_001,21,False,0.61125,True,high_score_detection,99,True,1.323609152004003,0.8900831798480047
clip_sample_001_track3_confidence_demotion_w3,confidence_demotion,3,high_confidence_sort,clip_sample_001,22,False,0.60922,True,high_score_detection,99,True,1.984826218256532,0.8545039419754853
clip_sample_001_track3_confidence_demotion_w3,confidence_demotion,3,high_confidence_sort,clip_sample_001,23,False,0.55454,True,high_score_detection,99,True,1.722911125451753,0.8760210769700548
clip_sample_001_track3_confidence_demotion_w3,confidence_demotion,3,high_confidence_sort,clip_sample_001,24,False,0.42867,True,motion_prediction,99,True,2.9037134680200523,0.8074156225267469
clip_sample_001_track3_confidence_demotion_w3,confidence_demotion,3,high_confidence_sort,clip_sample_001,25,False,0.35438,True,motion_prediction,99,True,3.812336189027956,0.7441374453064554
clip_sample_001_track3_confidence_demotion_w3,confidence_demotion,3,high_confidence_sort,clip_sample_001,26,False,0.23841,True,motion_prediction,99,True,4.642382094867668,0.7070869922947168
clip_sample_001_track3_confidence_demotion_w3,confidence_demotion,3,high_confidence_sort,clip_sample_001,27,False,0.17753,True,motion_prediction,99,True,6.032579319791318,0.6103443174065839
clip_sample_001_track3_confidence_demotion_w3,confidence_demotion,3,high_confidence_sort,clip_sample_001,28,False,0.1442,True,motion_prediction,99,True,7.143543955987911,0.5644495297783552
clip_sample_001_track3_confidence_demotion_w3,confidence_demotion,3,high_confidence_sort,clip_sample_001,29,False,0.06182,True,high_score_detection,118,False,120.72884677470685,0.025959266139174153
clip_sample_001_track3_confidence_demotion_w3,confidence_demotion,3,bytetrack,clip_sample_001,1,False,0.83519,True,high_score_detection,105,False,0.0,1.0
clip_sample_001_track3_confidence_demotion_w3,confidence_demotion,3,bytetrack,clip_sample_001,2,False,0.82276,True,high_score_detection,105,False,0.01686459727482249,0.9884822356300011
clip_sample_001_track3_confidence_demotion_w3,confidence_demotion,3,bytetrack,clip_sample_001,3,False,0.8315,True,high_score_detection,105,False,0.048834530040232846,0.9911295603927863
clip_sample_001_track3_confidence_demotion_w3,confidence_demotion,3,bytetrack,clip_sample_001,4,False,0.83809,True,high_score_detection,105,False,0.25841951584406203,0.9870429895976839
clip_sample_001_track3_confidence_demotion_w3,confidence_demotion,3,bytetrack,clip_sample_001,5,False,0.84868,True,high_score_detection,105,False,0.3033465796475455,0.9819059071950882
clip_sample_001_track3_confidence_demotion_w3,confidence_demotion,3,bytetrack,clip_sample_001,6,False,0.84986,True,high_score_detection,105,False,0.2987037551903595,0.9821110937930816
clip_sample_001_track3_confidence_demotion_w3,confidence_demotion,3,bytetrack,clip_sample_001,7,False,0.84504,True,high_score_detection,105,False,0.3570730957849275,0.9771146054909126
clip_sample_001_track3_confidence_demotion_w3,confidence_demotion,3,bytetrack,clip_sample_001,8,False,0.83948,True,high_score_detection,105,False,0.554883817950056,0.9607031603590336
clip_sample_001_track3_confidence_demotion_w3,confidence_demotion,3,bytetrack,clip_sample_001,9,False,0.8266,True,high_score_detection,105,False,0.7753445999559014,0.9524737239155578
clip_sample_001_track3_confidence_demotion_w3,confidence_demotion,3,bytetrack,clip_sample_001,10,False,0.7058,True,high_score_detection,105,False,1.4068262738593285,0.9133825654258697
clip_sample_001_track3_confidence_demotion_w3,confidence_demotion,3,bytetrack,clip_sample_001,11,False,0.72421,True,high_score_detection,105,False,0.5542143420287395,0.957253908156293
clip_sample_001_track3_confidence_demotion_w3,confidence_demotion,3,bytetrack,clip_sample_001,12,False,0.78624,True,high_score_detection,105,False,0.46839464162592165,0.9650620635676033
clip_sample_001_track3_confidence_demotion_w3,confidence_demotion,3,bytetrack,clip_sample_001,13,False,0.74765,True,high_score_detection,105,True,0.6663149994222536,0.920195805904874
clip_sample_001_track3_confidence_demotion_w3,confidence_demotion,3,bytetrack,clip_sample_001,14,True,0.79234,True,low_score_detection,105,True,0.7334490181763688,0.9367638692023991
clip_sample_001_track3_confidence_demotion_w3,confidence_demotion,3,bytetrack,clip_sample_001,15,True,0.61484,True,low_score_detection,105,True,1.0009274115264504,0.9224701372106908
clip_sample_001_track3_confidence_demotion_w3,confidence_demotion,3,bytetrack,clip_sample_001,16,True,0.51533,True,low_score_detection,105,True,1.853488134942081,0.868509398423846
clip_sample_001_track3_confidence_demotion_w3,confidence_demotion,3,bytetrack,clip_sample_001,17,False,0.53518,True,high_score_detection,105,True,1.3340321819657046,0.8968908809408741
clip_sample_001_track3_confidence_demotion_w3,confidence_demotion,3,bytetrack,clip_sample_001,18,False,0.69564,True,high_score_detection,105,True,1.5662977763558545,0.8848358394138687
clip_sample_001_track3_confidence_demotion_w3,confidence_demotion,3,bytetrack,clip_sample_001,19,False,0.67061,True,high_score_detection,105,True,1.7601391996638815,0.8748925774654859
clip_sample_001_track3_confidence_demotion_w3,confidence_demotion,3,bytetrack,clip_sample_001,20,False,0.60792,True,high_score_detection,105,True,1.46268903054283,0.8719875944770793
clip_sample_001_track3_confidence_demotion_w3,confidence_demotion,3,bytetrack,clip_sample_001,21,False,0.61125,True,high_score_detection,105,True,1.6115001802047748,0.8705111941412309
clip_sample_001_track3_confidence_demotion_w3,confidence_demotion,3,bytetrack,clip_sample_001,22,False,0.60922,True,high_score_detection,105,True,2.217796723581018,0.8378587036617535
clip_sample_001_track3_confidence_demotion_w3,confidence_demotion,3,bytetrack,clip_sample_001,23,False,0.55454,True,high_score_detection,105,True,1.905731107174782,0.8618178949739618
clip_sample_001_track3_confidence_demotion_w3,confidence_demotion,3,bytetrack,clip_sample_001,24,False,0.42867,True,low_score_detection,105,True,2.170568788999736,0.8512165328576268
clip_sample_001_track3_confidence_demotion_w3,confidence_demotion,3,bytetrack,clip_sample_001,25,False,0.35438,True,low_score_detection,105,True,2.411981751115697,0.8216363188333161
clip_sample_001_track3_confidence_demotion_w3,confidence_demotion,3,bytetrack,clip_sample_001,26,False,0.23841,True,low_score_detection,105,True,2.279247079090076,0.8361261094037474
clip_sample_001_track3_confidence_demotion_w3,confidence_demotion,3,bytetrack,clip_sample_001,27,False,0.17753,True,low_score_detection,105,True,4.638332618792329,0.6576735441726859
clip_sample_001_track3_confidence_demotion_w3,confidence_demotion,3,bytetrack,clip_sample_001,28,False,0.1442,True,low_score_detection,105,True,5.850228669689971,0.6354514119188854
clip_sample_001_track3_confidence_demotion_w3,confidence_demotion,3,bytetrack,clip_sample_001,29,False,0.06182,True,low_score_detection,105,True,5.265901741627774,0.6575316591361186
clip_sample_001_track3_complete_absence_w1,complete_absence,1,high_confidence_sort,clip_sample_001,1,False,0.83519,True,high_score_detection,126,False,0.0,1.0
clip_sample_001_track3_complete_absence_w1,complete_absence,1,high_confidence_sort,clip_sample_001,2,False,0.82276,True,high_score_detection,126,False,0.01686459727482249,0.9884822356300011
clip_sample_001_track3_complete_absence_w1,complete_absence,1,high_confidence_sort,clip_sample_001,3,False,0.8315,True,high_score_detection,126,False,0.048834530040232846,0.9911295603927863
clip_sample_001_track3_complete_absence_w1,complete_absence,1,high_confidence_sort,clip_sample_001,4,False,0.83809,True,high_score_detection,126,False,0.25841951584406203,0.9870429895976839
clip_sample_001_track3_complete_absence_w1,complete_absence,1,high_confidence_sort,clip_sample_001,5,False,0.84868,True,high_score_detection,126,False,0.3033465796475455,0.9819059071950882
clip_sample_001_track3_complete_absence_w1,complete_absence,1,high_confidence_sort,clip_sample_001,6,False,0.84986,True,high_score_detection,126,False,0.2987037551903595,0.9821110937930816
clip_sample_001_track3_complete_absence_w1,complete_absence,1,high_confidence_sort,clip_sample_001,7,False,0.84504,True,high_score_detection,126,False,0.3570730957849275,0.9771146054909126
clip_sample_001_track3_complete_absence_w1,complete_absence,1,high_confidence_sort,clip_sample_001,8,False,0.83948,True,high_score_detection,126,False,0.554883817950056,0.9607031603590336
clip_sample_001_track3_complete_absence_w1,complete_absence,1,high_confidence_sort,clip_sample_001,9,False,0.8266,True,high_score_detection,126,False,0.7753445999559014,0.9524737239155578
clip_sample_001_track3_complete_absence_w1,complete_absence,1,high_confidence_sort,clip_sample_001,10,False,0.7058,True,high_score_detection,126,False,1.4068262738593285,0.9133825654258697
clip_sample_001_track3_complete_absence_w1,complete_absence,1,high_confidence_sort,clip_sample_001,11,False,0.72421,True,high_score_detection,126,False,0.5542143420287395,0.957253908156293
clip_sample_001_track3_complete_absence_w1,complete_absence,1,high_confidence_sort,clip_sample_001,12,False,0.78624,True,high_score_detection,126,False,0.46839464162592165,0.9650620635676033
clip_sample_001_track3_complete_absence_w1,complete_absence,1,high_confidence_sort,clip_sample_001,13,False,0.74765,True,high_score_detection,126,False,0.6663149994222536,0.920195805904874
clip_sample_001_track3_complete_absence_w1,complete_absence,1,high_confidence_sort,clip_sample_001,14,False,0.79234,True,high_score_detection,126,True,0.7334490181763688,0.9367638692023991
clip_sample_001_track3_complete_absence_w1,complete_absence,1,high_confidence_sort,clip_sample_001,15,True,0.61484,True,motion_prediction,126,True,1.5333216632032256,0.8907919128700762
clip_sample_001_track3_complete_absence_w1,complete_absence,1,high_confidence_sort,clip_sample_001,16,False,0.51533,True,high_score_detection,126,True,1.3196674742712007,0.9035752511156339
clip_sample_001_track3_complete_absence_w1,complete_absence,1,high_confidence_sort,clip_sample_001,17,False,0.53518,True,high_score_detection,126,True,0.8802756384829584,0.9151063701103205
clip_sample_001_track3_complete_absence_w1,complete_absence,1,high_confidence_sort,clip_sample_001,18,False,0.69564,True,high_score_detection,126,True,1.723312127044617,0.8777273833756811
clip_sample_001_track3_complete_absence_w1,complete_absence,1,high_confidence_sort,clip_sample_001,19,False,0.67061,True,high_score_detection,126,True,1.8138412272619124,0.8718709178720186
clip_sample_001_track3_complete_absence_w1,complete_absence,1,high_confidence_sort,clip_sample_001,20,False,0.60792,True,high_score_detection,126,True,1.4551187248062896,0.8710544976988976
clip_sample_001_track3_complete_absence_w1,complete_absence,1,high_confidence_sort,clip_sample_001,21,False,0.61125,True,high_score_detection,126,True,1.590085076213498,0.8706878034105955
clip_sample_001_track3_complete_absence_w1,complete_absence,1,high_confidence_sort,clip_sample_001,22,False,0.60922,True,high_score_detection,126,True,2.192884943027296,0.8386349138690544
clip_sample_001_track3_complete_absence_w1,complete_absence,1,high_confidence_sort,clip_sample_001,23,False,0.55454,True,high_score_detection,126,True,1.880959560896958,0.8629063085534906
clip_sample_001_track3_complete_absence_w1,complete_absence,1,high_confidence_sort,clip_sample_001,24,False,0.42867,True,motion_prediction,126,True,3.072369328564256,0.7979865597754551
clip_sample_001_track3_complete_absence_w1,complete_absence,1,high_confidence_sort,clip_sample_001,25,False,0.35438,True,motion_prediction,126,True,3.9834035020760896,0.7343613549517599
clip_sample_001_track3_complete_absence_w1,complete_absence,1,high_confidence_sort,clip_sample_001,26,False,0.23841,True,motion_prediction,126,True,4.822126420778769,0.6975436256022114
clip_sample_001_track3_complete_absence_w1,complete_absence,1,high_confidence_sort,clip_sample_001,27,False,0.17753,True,motion_prediction,126,True,6.19522406905611,0.5979519918584084
clip_sample_001_track3_complete_absence_w1,complete_absence,1,high_confidence_sort,clip_sample_001,28,False,0.1442,True,motion_prediction,126,True,7.323654110788159,0.5516853695333063
clip_sample_001_track3_complete_absence_w1,complete_absence,1,high_confidence_sort,clip_sample_001,29,False,0.06182,True,high_score_detection,145,False,120.72884677470685,0.025959266139174153
clip_sample_001_track3_complete_absence_w1,complete_absence,1,bytetrack,clip_sample_001,1,False,0.83519,True,high_score_detection,132,False,0.0,1.0
clip_sample_001_track3_complete_absence_w1,complete_absence,1,bytetrack,clip_sample_001,2,False,0.82276,True,high_score_detection,132,False,0.01686459727482249,0.9884822356300011
clip_sample_001_track3_complete_absence_w1,complete_absence,1,bytetrack,clip_sample_001,3,False,0.8315,True,high_score_detection,132,False,0.048834530040232846,0.9911295603927863
clip_sample_001_track3_complete_absence_w1,complete_absence,1,bytetrack,clip_sample_001,4,False,0.83809,True,high_score_detection,132,False,0.25841951584406203,0.9870429895976839
clip_sample_001_track3_complete_absence_w1,complete_absence,1,bytetrack,clip_sample_001,5,False,0.84868,True,high_score_detection,132,False,0.3033465796475455,0.9819059071950882
clip_sample_001_track3_complete_absence_w1,complete_absence,1,bytetrack,clip_sample_001,6,False,0.84986,True,high_score_detection,132,False,0.2987037551903595,0.9821110937930816
clip_sample_001_track3_complete_absence_w1,complete_absence,1,bytetrack,clip_sample_001,7,False,0.84504,True,high_score_detection,132,False,0.3570730957849275,0.9771146054909126
clip_sample_001_track3_complete_absence_w1,complete_absence,1,bytetrack,clip_sample_001,8,False,0.83948,True,high_score_detection,132,False,0.554883817950056,0.9607031603590336
clip_sample_001_track3_complete_absence_w1,complete_absence,1,bytetrack,clip_sample_001,9,False,0.8266,True,high_score_detection,132,False,0.7753445999559014,0.9524737239155578
clip_sample_001_track3_complete_absence_w1,complete_absence,1,bytetrack,clip_sample_001,10,False,0.7058,True,high_score_detection,132,False,1.4068262738593285,0.9133825654258697
clip_sample_001_track3_complete_absence_w1,complete_absence,1,bytetrack,clip_sample_001,11,False,0.72421,True,high_score_detection,132,False,0.5542143420287395,0.957253908156293
clip_sample_001_track3_complete_absence_w1,complete_absence,1,bytetrack,clip_sample_001,12,False,0.78624,True,high_score_detection,132,False,0.46839464162592165,0.9650620635676033
clip_sample_001_track3_complete_absence_w1,complete_absence,1,bytetrack,clip_sample_001,13,False,0.74765,True,high_score_detection,132,False,0.6663149994222536,0.920195805904874
clip_sample_001_track3_complete_absence_w1,complete_absence,1,bytetrack,clip_sample_001,14,False,0.79234,True,high_score_detection,132,True,0.7334490181763688,0.9367638692023991
clip_sample_001_track3_complete_absence_w1,complete_absence,1,bytetrack,clip_sample_001,15,True,0.61484,True,low_score_detection,132,True,0.8337667063192986,0.9390886825655497
clip_sample_001_track3_complete_absence_w1,complete_absence,1,bytetrack,clip_sample_001,16,False,0.51533,True,high_score_detection,132,True,0.8721951209250257,0.9331177538312371
clip_sample_001_track3_complete_absence_w1,complete_absence,1,bytetrack,clip_sample_001,17,False,0.53518,True,high_score_detection,132,True,0.6188910725087168,0.9229099940234589
clip_sample_001_track3_complete_absence_w1,complete_absence,1,bytetrack,clip_sample_001,18,False,0.69564,True,high_score_detection,132,True,2.0057643992813747,0.8643824912311697
clip_sample_001_track3_complete_absence_w1,complete_absence,1,bytetrack,clip_sample_001,19,False,0.67061,True,high_score_detection,132,True,2.050598388823127,0.8600935407501755
clip_sample_001_track3_complete_absence_w1,complete_absence,1,bytetrack,clip_sample_001,20,False,0.60792,True,high_score_detection,132,True,1.6362325350313285,0.8613881894484847
clip_sample_001_track3_complete_absence_w1,complete_absence,1,bytetrack,clip_sample_001,21,False,0.61125,True,high_score_detection,132,True,1.7286966711420098,0.8626924083563451
clip_sample_001_track3_complete_absence_w1,complete_absence,1,bytetrack,clip_sample_001,22,False,0.60922,True,high_score_detection,132,True,2.297125083182851,0.8323036693772642
clip_sample_001_track3_complete_absence_w1,complete_absence,1,bytetrack,clip_sample_001,23,False,0.55454,True,high_score_detection,132,True,1.9586630371737836,0.8578542556845976
clip_sample_001_track3_complete_absence_w1,complete_absence,1,bytetrack,clip_sample_001,24,False,0.42867,True,low_score_detection,132,True,2.2117054947084815,0.8484421486146612
clip_sample_001_track3_complete_absence_w1,complete_absence,1,bytetrack,clip_sample_001,25,False,0.35438,True,low_score_detection,132,True,2.423572722132142,0.8207867405596476
clip_sample_001_track3_complete_absence_w1,complete_absence,1,bytetrack,clip_sample_001,26,False,0.23841,True,low_score_detection,132,True,2.293786819980932,0.8355790872548577
clip_sample_001_track3_complete_absence_w1,complete_absence,1,bytetrack,clip_sample_001,27,False,0.17753,True,low_score_detection,132,True,4.630833627580835,0.6555513944095868
clip_sample_001_track3_complete_absence_w1,complete_absence,1,bytetrack,clip_sample_001,28,False,0.1442,True,low_score_detection,132,True,5.845907847697961,0.6335478381866548
clip_sample_001_track3_complete_absence_w1,complete_absence,1,bytetrack,clip_sample_001,29,False,0.06182,True,low_score_detection,132,True,5.265239795553795,0.657188342114705
clip_sample_001_track3_complete_absence_w2,complete_absence,2,high_confidence_sort,clip_sample_001,1,False,0.83519,True,high_score_detection,153,False,0.0,1.0
clip_sample_001_track3_complete_absence_w2,complete_absence,2,high_confidence_sort,clip_sample_001,2,False,0.82276,True,high_score_detection,153,False,0.01686459727482249,0.9884822356300011
clip_sample_001_track3_complete_absence_w2,complete_absence,2,high_confidence_sort,clip_sample_001,3,False,0.8315,True,high_score_detection,153,False,0.048834530040232846,0.9911295603927863
clip_sample_001_track3_complete_absence_w2,complete_absence,2,high_confidence_sort,clip_sample_001,4,False,0.83809,True,high_score_detection,153,False,0.25841951584406203,0.9870429895976839
clip_sample_001_track3_complete_absence_w2,complete_absence,2,high_confidence_sort,clip_sample_001,5,False,0.84868,True,high_score_detection,153,False,0.3033465796475455,0.9819059071950882
clip_sample_001_track3_complete_absence_w2,complete_absence,2,high_confidence_sort,clip_sample_001,6,False,0.84986,True,high_score_detection,153,False,0.2987037551903595,0.9821110937930816
clip_sample_001_track3_complete_absence_w2,complete_absence,2,high_confidence_sort,clip_sample_001,7,False,0.84504,True,high_score_detection,153,False,0.3570730957849275,0.9771146054909126
clip_sample_001_track3_complete_absence_w2,complete_absence,2,high_confidence_sort,clip_sample_001,8,False,0.83948,True,high_score_detection,153,False,0.554883817950056,0.9607031603590336
clip_sample_001_track3_complete_absence_w2,complete_absence,2,high_confidence_sort,clip_sample_001,9,False,0.8266,True,high_score_detection,153,False,0.7753445999559014,0.9524737239155578
clip_sample_001_track3_complete_absence_w2,complete_absence,2,high_confidence_sort,clip_sample_001,10,False,0.7058,True,high_score_detection,153,False,1.4068262738593285,0.9133825654258697
clip_sample_001_track3_complete_absence_w2,complete_absence,2,high_confidence_sort,clip_sample_001,11,False,0.72421,True,high_score_detection,153,False,0.5542143420287395,0.957253908156293
clip_sample_001_track3_complete_absence_w2,complete_absence,2,high_confidence_sort,clip_sample_001,12,False,0.78624,True,high_score_detection,153,False,0.46839464162592165,0.9650620635676033
clip_sample_001_track3_complete_absence_w2,complete_absence,2,high_confidence_sort,clip_sample_001,13,False,0.74765,True,high_score_detection,153,True,0.6663149994222536,0.920195805904874
clip_sample_001_track3_complete_absence_w2,complete_absence,2,high_confidence_sort,clip_sample_001,14,True,0.79234,True,motion_prediction,153,True,1.0949235036729006,0.9257524895503945
clip_sample_001_track3_complete_absence_w2,complete_absence,2,high_confidence_sort,clip_sample_001,15,True,0.61484,True,motion_prediction,153,True,1.9371256276030644,0.8749766169864741
clip_sample_001_track3_complete_absence_w2,complete_absence,2,high_confidence_sort,clip_sample_001,16,False,0.51533,True,high_score_detection,153,True,1.3096735047797186,0.90595796443755
clip_sample_001_track3_complete_absence_w2,complete_absence,2,high_confidence_sort,clip_sample_001,17,False,0.53518,True,high_score_detection,153,True,0.8263977229088499,0.9111631353170645
clip_sample_001_track3_complete_absence_w2,complete_absence,2,high_confidence_sort,clip_sample_001,18,False,0.69564,True,high_score_detection,153,True,1.6971528067780581,0.8823044677467325
clip_sample_001_track3_complete_absence_w2,complete_absence,2,high_confidence_sort,clip_sample_001,19,False,0.67061,True,high_score_detection,153,True,1.7636068448865907,0.8769716957349074
clip_sample_001_track3_complete_absence_w2,complete_absence,2,high_confidence_sort,clip_sample_001,20,False,0.60792,True,high_score_detection,153,True,1.4019560838303358,0.8757524766474121
clip_sample_001_track3_complete_absence_w2,complete_absence,2,high_confidence_sort,clip_sample_001,21,False,0.61125,True,high_score_detection,153,True,1.5439730190383758,0.8749573301237259
clip_sample_001_track3_complete_absence_w2,complete_absence,2,high_confidence_sort,clip_sample_001,22,False,0.60922,True,high_score_detection,153,True,2.1550488719644325,0.8422965584923837
clip_sample_001_track3_complete_absence_w2,complete_absence,2,high_confidence_sort,clip_sample_001,23,False,0.55454,True,high_score_detection,153,True,1.8509666290663294,0.8660060368266347
clip_sample_001_track3_complete_absence_w2,complete_absence,2,high_confidence_sort,clip_sample_001,24,False,0.42867,True,motion_prediction,153,True,3.0413671681020515,0.8004176317699561
clip_sample_001_track3_complete_absence_w2,complete_absence,2,high_confidence_sort,clip_sample_001,25,False,0.35438,True,motion_prediction,153,True,3.950553786925025,0.7368552714742866
clip_sample_001_track3_complete_absence_w2,complete_absence,2,high_confidence_sort,clip_sample_001,26,False,0.23841,True,motion_prediction,153,True,4.7890651576485785,0.7000188264935382
clip_sample_001_track3_complete_absence_w2,complete_absence,2,high_confidence_sort,clip_sample_001,27,False,0.17753,True,motion_prediction,153,True,6.159923272366935,0.6010722105521041
clip_sample_001_track3_complete_absence_w2,complete_absence,2,high_confidence_sort,clip_sample_001,28,False,0.1442,True,motion_prediction,153,True,7.287205059478086,0.5548844970529162
clip_sample_001_track3_complete_absence_w2,complete_absence,2,high_confidence_sort,clip_sample_001,29,False,0.06182,True,high_score_detection,172,False,120.72884677470685,0.025959266139174153
clip_sample_001_track3_complete_absence_w2,complete_absence,2,bytetrack,clip_sample_001,1,False,0.83519,True,high_score_detection,159,False,0.0,1.0
clip_sample_001_track3_complete_absence_w2,complete_absence,2,bytetrack,clip_sample_001,2,False,0.82276,True,high_score_detection,159,False,0.01686459727482249,0.9884822356300011
clip_sample_001_track3_complete_absence_w2,complete_absence,2,bytetrack,clip_sample_001,3,False,0.8315,True,high_score_detection,159,False,0.048834530040232846,0.9911295603927863
clip_sample_001_track3_complete_absence_w2,complete_absence,2,bytetrack,clip_sample_001,4,False,0.83809,True,high_score_detection,159,False,0.25841951584406203,0.9870429895976839
clip_sample_001_track3_complete_absence_w2,complete_absence,2,bytetrack,clip_sample_001,5,False,0.84868,True,high_score_detection,159,False,0.3033465796475455,0.9819059071950882
clip_sample_001_track3_complete_absence_w2,complete_absence,2,bytetrack,clip_sample_001,6,False,0.84986,True,high_score_detection,159,False,0.2987037551903595,0.9821110937930816
clip_sample_001_track3_complete_absence_w2,complete_absence,2,bytetrack,clip_sample_001,7,False,0.84504,True,high_score_detection,159,False,0.3570730957849275,0.9771146054909126
clip_sample_001_track3_complete_absence_w2,complete_absence,2,bytetrack,clip_sample_001,8,False,0.83948,True,high_score_detection,159,False,0.554883817950056,0.9607031603590336
clip_sample_001_track3_complete_absence_w2,complete_absence,2,bytetrack,clip_sample_001,9,False,0.8266,True,high_score_detection,159,False,0.7753445999559014,0.9524737239155578
clip_sample_001_track3_complete_absence_w2,complete_absence,2,bytetrack,clip_sample_001,10,False,0.7058,True,high_score_detection,159,False,1.4068262738593285,0.9133825654258697
clip_sample_001_track3_complete_absence_w2,complete_absence,2,bytetrack,clip_sample_001,11,False,0.72421,True,high_score_detection,159,False,0.5542143420287395,0.957253908156293
clip_sample_001_track3_complete_absence_w2,complete_absence,2,bytetrack,clip_sample_001,12,False,0.78624,True,high_score_detection,159,False,0.46839464162592165,0.9650620635676033
clip_sample_001_track3_complete_absence_w2,complete_absence,2,bytetrack,clip_sample_001,13,False,0.74765,True,high_score_detection,159,True,0.6663149994222536,0.920195805904874
clip_sample_001_track3_complete_absence_w2,complete_absence,2,bytetrack,clip_sample_001,14,True,0.79234,True,motion_prediction,159,True,1.0949235036729006,0.9257524895503945
clip_sample_001_track3_complete_absence_w2,complete_absence,2,bytetrack,clip_sample_001,15,True,0.61484,True,low_score_detection,159,True,0.9475114601971651,0.9316470682616792
clip_sample_001_track3_complete_absence_w2,complete_absence,2,bytetrack,clip_sample_001,16,False,0.51533,True,high_score_detection,159,True,0.7755817854083104,0.9306518234245174
clip_sample_001_track3_complete_absence_w2,complete_absence,2,bytetrack,clip_sample_001,17,False,0.53518,True,high_score_detection,159,True,0.5287865276583686,0.9199093190299993
clip_sample_001_track3_complete_absence_w2,complete_absence,2,bytetrack,clip_sample_001,18,False,0.69564,True,high_score_detection,159,True,2.0119829840808245,0.8635571064508895
clip_sample_001_track3_complete_absence_w2,complete_absence,2,bytetrack,clip_sample_001,19,False,0.67061,True,high_score_detection,159,True,2.031270952837351,0.8632338292119792
clip_sample_001_track3_complete_absence_w2,complete_absence,2,bytetrack,clip_sample_001,20,False,0.60792,True,high_score_detection,159,True,1.6087307246173674,0.8645455228253611
clip_sample_001_track3_complete_absence_w2,complete_absence,2,bytetrack,clip_sample_001,21,False,0.61125,True,high_score_detection,159,True,1.7023955910732618,0.8657349868954706
clip_sample_001_track3_complete_absence_w2,complete_absence,2,bytetrack,clip_sample_001,22,False,0.60922,True,high_score_detection,159,True,2.2742472324119842,0.8350259199226834
clip_sample_001_track3_complete_absence_w2,complete_absence,2,bytetrack,clip_sample_001,23,False,0.55454,True,high_score_detection,159,True,1.9399805451707566,0.8602168559660055
clip_sample_001_track3_complete_absence_w2,complete_absence,2,bytetrack,clip_sample_001,24,False,0.42867,True,low_score_detection,159,True,2.1974805896328484,0.8504666514577487
clip_sample_001_track3_complete_absence_w2,complete_absence,2,bytetrack,clip_sample_001,25,False,0.35438,True,low_score_detection,159,True,2.4121417154108036,0.8217946761126462
clip_sample_001_track3_complete_absence_w2,complete_absence,2,bytetrack,clip_sample_001,26,False,0.23841,True,low_score_detection,159,True,2.2854556039443845,0.836362254218284
clip_sample_001_track3_complete_absence_w2,complete_absence,2,bytetrack,clip_sample_001,27,False,0.17753,True,low_score_detection,159,True,4.6251808621342985,0.6571734703570823
clip_sample_001_track3_complete_absence_w2,complete_absence,2,bytetrack,clip_sample_001,28,False,0.1442,True,low_score_detection,159,True,5.842065341055509,0.6348980869745637
clip_sample_001_track3_complete_absence_w2,complete_absence,2,bytetrack,clip_sample_001,29,False,0.06182,True,low_score_detection,159,True,5.262460377819995,0.6575552728888173
clip_sample_001_track3_complete_absence_w3,complete_absence,3,high_confidence_sort,clip_sample_001,1,False,0.83519,True,high_score_detection,180,False,0.0,1.0
clip_sample_001_track3_complete_absence_w3,complete_absence,3,high_confidence_sort,clip_sample_001,2,False,0.82276,True,high_score_detection,180,False,0.01686459727482249,0.9884822356300011
clip_sample_001_track3_complete_absence_w3,complete_absence,3,high_confidence_sort,clip_sample_001,3,False,0.8315,True,high_score_detection,180,False,0.048834530040232846,0.9911295603927863
clip_sample_001_track3_complete_absence_w3,complete_absence,3,high_confidence_sort,clip_sample_001,4,False,0.83809,True,high_score_detection,180,False,0.25841951584406203,0.9870429895976839
clip_sample_001_track3_complete_absence_w3,complete_absence,3,high_confidence_sort,clip_sample_001,5,False,0.84868,True,high_score_detection,180,False,0.3033465796475455,0.9819059071950882
clip_sample_001_track3_complete_absence_w3,complete_absence,3,high_confidence_sort,clip_sample_001,6,False,0.84986,True,high_score_detection,180,False,0.2987037551903595,0.9821110937930816
clip_sample_001_track3_complete_absence_w3,complete_absence,3,high_confidence_sort,clip_sample_001,7,False,0.84504,True,high_score_detection,180,False,0.3570730957849275,0.9771146054909126
clip_sample_001_track3_complete_absence_w3,complete_absence,3,high_confidence_sort,clip_sample_001,8,False,0.83948,True,high_score_detection,180,False,0.554883817950056,0.9607031603590336
clip_sample_001_track3_complete_absence_w3,complete_absence,3,high_confidence_sort,clip_sample_001,9,False,0.8266,True,high_score_detection,180,False,0.7753445999559014,0.9524737239155578
clip_sample_001_track3_complete_absence_w3,complete_absence,3,high_confidence_sort,clip_sample_001,10,False,0.7058,True,high_score_detection,180,False,1.4068262738593285,0.9133825654258697
clip_sample_001_track3_complete_absence_w3,complete_absence,3,high_confidence_sort,clip_sample_001,11,False,0.72421,True,high_score_detection,180,False,0.5542143420287395,0.957253908156293
clip_sample_001_track3_complete_absence_w3,complete_absence,3,high_confidence_sort,clip_sample_001,12,False,0.78624,True,high_score_detection,180,False,0.46839464162592165,0.9650620635676033
clip_sample_001_track3_complete_absence_w3,complete_absence,3,high_confidence_sort,clip_sample_001,13,False,0.74765,True,high_score_detection,180,True,0.6663149994222536,0.920195805904874
clip_sample_001_track3_complete_absence_w3,complete_absence,3,high_confidence_sort,clip_sample_001,14,True,0.79234,True,motion_prediction,180,True,1.0949235036729006,0.9257524895503945
clip_sample_001_track3_complete_absence_w3,complete_absence,3,high_confidence_sort,clip_sample_001,15,True,0.61484,True,motion_prediction,180,True,1.9371256276030644,0.8749766169864741
clip_sample_001_track3_complete_absence_w3,complete_absence,3,high_confidence_sort,clip_sample_001,16,True,0.51533,True,motion_prediction,180,True,2.65325047618063,0.8206745387809933
clip_sample_001_track3_complete_absence_w3,complete_absence,3,high_confidence_sort,clip_sample_001,17,False,0.53518,True,high_score_detection,180,True,1.255238279138179,0.9028254491284669
clip_sample_001_track3_complete_absence_w3,complete_absence,3,high_confidence_sort,clip_sample_001,18,False,0.69564,True,high_score_detection,180,True,1.2435429627871766,0.9055845027064292
clip_sample_001_track3_complete_absence_w3,complete_absence,3,high_confidence_sort,clip_sample_001,19,False,0.67061,True,high_score_detection,180,True,1.3782457590511468,0.8985323907941118
clip_sample_001_track3_complete_absence_w3,complete_absence,3,high_confidence_sort,clip_sample_001,20,False,0.60792,True,high_score_detection,180,True,1.116187726532317,0.8937164560924751
clip_sample_001_track3_complete_absence_w3,complete_absence,3,high_confidence_sort,clip_sample_001,21,False,0.61125,True,high_score_detection,180,True,1.323609152004003,0.8900831798480047
clip_sample_001_track3_complete_absence_w3,complete_absence,3,high_confidence_sort,clip_sample_001,22,False,0.60922,True,high_score_detection,180,True,1.984826218256532,0.8545039419754853
clip_sample_001_track3_complete_absence_w3,complete_absence,3,high_confidence_sort,clip_sample_001,23,False,0.55454,True,high_score_detection,180,True,1.722911125451753,0.8760210769700548
clip_sample_001_track3_complete_absence_w3,complete_absence,3,high_confidence_sort,clip_sample_001,24,False,0.42867,True,motion_prediction,180,True,2.9037134680200523,0.8074156225267469
clip_sample_001_track3_complete_absence_w3,complete_absence,3,high_confidence_sort,clip_sample_001,25,False,0.35438,True,motion_prediction,180,True,3.812336189027956,0.7441374453064554
clip_sample_001_track3_complete_absence_w3,complete_absence,3,high_confidence_sort,clip_sample_001,26,False,0.23841,True,motion_prediction,180,True,4.642382094867668,0.7070869922947168
clip_sample_001_track3_complete_absence_w3,complete_absence,3,high_confidence_sort,clip_sample_001,27,False,0.17753,True,motion_prediction,180,True,6.032579319791318,0.6103443174065839
clip_sample_001_track3_complete_absence_w3,complete_absence,3,high_confidence_sort,clip_sample_001,28,False,0.1442,True,motion_prediction,180,True,7.143543955987911,0.5644495297783552
clip_sample_001_track3_complete_absence_w3,complete_absence,3,high_confidence_sort,clip_sample_001,29,False,0.06182,True,high_score_detection,199,False,120.72884677470685,0.025959266139174153
clip_sample_001_track3_complete_absence_w3,complete_absence,3,bytetrack,clip_sample_001,1,False,0.83519,True,high_score_detection,186,False,0.0,1.0
clip_sample_001_track3_complete_absence_w3,complete_absence,3,bytetrack,clip_sample_001,2,False,0.82276,True,high_score_detection,186,False,0.01686459727482249,0.9884822356300011
clip_sample_001_track3_complete_absence_w3,complete_absence,3,bytetrack,clip_sample_001,3,False,0.8315,True,high_score_detection,186,False,0.048834530040232846,0.9911295603927863
clip_sample_001_track3_complete_absence_w3,complete_absence,3,bytetrack,clip_sample_001,4,False,0.83809,True,high_score_detection,186,False,0.25841951584406203,0.9870429895976839
clip_sample_001_track3_complete_absence_w3,complete_absence,3,bytetrack,clip_sample_001,5,False,0.84868,True,high_score_detection,186,False,0.3033465796475455,0.9819059071950882
clip_sample_001_track3_complete_absence_w3,complete_absence,3,bytetrack,clip_sample_001,6,False,0.84986,True,high_score_detection,186,False,0.2987037551903595,0.9821110937930816
clip_sample_001_track3_complete_absence_w3,complete_absence,3,bytetrack,clip_sample_001,7,False,0.84504,True,high_score_detection,186,False,0.3570730957849275,0.9771146054909126
clip_sample_001_track3_complete_absence_w3,complete_absence,3,bytetrack,clip_sample_001,8,False,0.83948,True,high_score_detection,186,False,0.554883817950056,0.9607031603590336
clip_sample_001_track3_complete_absence_w3,complete_absence,3,bytetrack,clip_sample_001,9,False,0.8266,True,high_score_detection,186,False,0.7753445999559014,0.9524737239155578
clip_sample_001_track3_complete_absence_w3,complete_absence,3,bytetrack,clip_sample_001,10,False,0.7058,True,high_score_detection,186,False,1.4068262738593285,0.9133825654258697
clip_sample_001_track3_complete_absence_w3,complete_absence,3,bytetrack,clip_sample_001,11,False,0.72421,True,high_score_detection,186,False,0.5542143420287395,0.957253908156293
clip_sample_001_track3_complete_absence_w3,complete_absence,3,bytetrack,clip_sample_001,12,False,0.78624,True,high_score_detection,186,False,0.46839464162592165,0.9650620635676033
clip_sample_001_track3_complete_absence_w3,complete_absence,3,bytetrack,clip_sample_001,13,False,0.74765,True,high_score_detection,186,True,0.6663149994222536,0.920195805904874
clip_sample_001_track3_complete_absence_w3,complete_absence,3,bytetrack,clip_sample_001,14,True,0.79234,True,motion_prediction,186,True,1.0949235036729006,0.9257524895503945
clip_sample_001_track3_complete_absence_w3,complete_absence,3,bytetrack,clip_sample_001,15,True,0.61484,True,low_score_detection,186,True,0.9475114601971651,0.9316470682616792
clip_sample_001_track3_complete_absence_w3,complete_absence,3,bytetrack,clip_sample_001,16,True,0.51533,True,low_score_detection,186,True,1.439905481373762,0.8953893511838673
clip_sample_001_track3_complete_absence_w3,complete_absence,3,bytetrack,clip_sample_001,17,False,0.53518,True,high_score_detection,186,True,1.0004045487044382,0.9123682990153942
clip_sample_001_track3_complete_absence_w3,complete_absence,3,bytetrack,clip_sample_001,18,False,0.69564,True,high_score_detection,186,True,1.7066954424238183,0.879940781510307
clip_sample_001_track3_complete_absence_w3,complete_absence,3,bytetrack,clip_sample_001,19,False,0.67061,True,high_score_detection,186,True,1.8296235343556082,0.872718085351916
clip_sample_001_track3_complete_absence_w3,complete_absence,3,bytetrack,clip_sample_001,20,False,0.60792,True,high_score_detection,186,True,1.4847002095550537,0.8713108686566245
clip_sample_001_track3_complete_absence_w3,complete_absence,3,bytetrack,clip_sample_001,21,False,0.61125,True,high_score_detection,186,True,1.6190550808762734,0.8706913598415967
clip_sample_001_track3_complete_absence_w3,complete_absence,3,bytetrack,clip_sample_001,22,False,0.60922,True,high_score_detection,186,True,2.2184857749163527,0.8385103189718087
clip_sample_001_track3_complete_absence_w3,complete_absence,3,bytetrack,clip_sample_001,23,False,0.55454,True,high_score_detection,186,True,1.9024455181650182,0.8627253419045104
clip_sample_001_track3_complete_absence_w3,complete_absence,3,bytetrack,clip_sample_001,24,False,0.42867,True,low_score_detection,186,True,2.1686848380217083,0.8522194509830716
clip_sample_001_track3_complete_absence_w3,complete_absence,3,bytetrack,clip_sample_001,25,False,0.35438,True,low_score_detection,186,True,2.402879078787705,0.8223632845812703
clip_sample_001_track3_complete_absence_w3,complete_absence,3,bytetrack,clip_sample_001,26,False,0.23841,True,low_score_detection,186,True,2.2748265751903483,0.8367317161593032
clip_sample_001_track3_complete_absence_w3,complete_absence,3,bytetrack,clip_sample_001,27,False,0.17753,True,low_score_detection,186,True,4.629135782826419,0.6579623171008605
clip_sample_001_track3_complete_absence_w3,complete_absence,3,bytetrack,clip_sample_001,28,False,0.1442,True,low_score_detection,186,True,5.844237344624077,0.6356299286363032
clip_sample_001_track3_complete_absence_w3,complete_absence,3,bytetrack,clip_sample_001,29,False,0.06182,True,low_score_detection,186,True,5.262421164768293,0.6577344706293857
clip_sample_001_track3_complete_absence_w7,complete_absence,7,high_confidence_sort,clip_sample_001,1,False,0.83519,True,high_score_detection,207,False,0.0,1.0
clip_sample_001_track3_complete_absence_w7,complete_absence,7,high_confidence_sort,clip_sample_001,2,False,0.82276,True,high_score_detection,207,False,0.01686459727482249,0.9884822356300011
clip_sample_001_track3_complete_absence_w7,complete_absence,7,high_confidence_sort,clip_sample_001,3,False,0.8315,True,high_score_detection,207,False,0.048834530040232846,0.9911295603927863
clip_sample_001_track3_complete_absence_w7,complete_absence,7,high_confidence_sort,clip_sample_001,4,False,0.83809,True,high_score_detection,207,False,0.25841951584406203,0.9870429895976839
clip_sample_001_track3_complete_absence_w7,complete_absence,7,high_confidence_sort,clip_sample_001,5,False,0.84868,True,high_score_detection,207,False,0.3033465796475455,0.9819059071950882
clip_sample_001_track3_complete_absence_w7,complete_absence,7,high_confidence_sort,clip_sample_001,6,False,0.84986,True,high_score_detection,207,False,0.2987037551903595,0.9821110937930816
clip_sample_001_track3_complete_absence_w7,complete_absence,7,high_confidence_sort,clip_sample_001,7,False,0.84504,True,high_score_detection,207,False,0.3570730957849275,0.9771146054909126
clip_sample_001_track3_complete_absence_w7,complete_absence,7,high_confidence_sort,clip_sample_001,8,False,0.83948,True,high_score_detection,207,False,0.554883817950056,0.9607031603590336
clip_sample_001_track3_complete_absence_w7,complete_absence,7,high_confidence_sort,clip_sample_001,9,False,0.8266,True,high_score_detection,207,False,0.7753445999559014,0.9524737239155578
clip_sample_001_track3_complete_absence_w7,complete_absence,7,high_confidence_sort,clip_sample_001,10,False,0.7058,True,high_score_detection,207,False,1.4068262738593285,0.9133825654258697
clip_sample_001_track3_complete_absence_w7,complete_absence,7,high_confidence_sort,clip_sample_001,11,False,0.72421,True,high_score_detection,207,True,0.5542143420287395,0.957253908156293
clip_sample_001_track3_complete_absence_w7,complete_absence,7,high_confidence_sort,clip_sample_001,12,True,0.78624,True,motion_prediction,207,True,0.763661255304862,0.9474020369705114
clip_sample_001_track3_complete_absence_w7,complete_absence,7,high_confidence_sort,clip_sample_001,13,True,0.74765,True,motion_prediction,207,True,1.1837323615661972,0.8914479575947666
clip_sample_001_track3_complete_absence_w7,complete_absence,7,high_confidence_sort,clip_sample_001,14,True,0.79234,True,motion_prediction,207,True,1.3223946916030298,0.8948472268913182
clip_sample_001_track3_complete_absence_w7,complete_absence,7,high_confidence_sort,clip_sample_001,15,True,0.61484,True,motion_prediction,207,True,2.0678949952794103,0.8606954210187983
clip_sample_001_track3_complete_absence_w7,complete_absence,7,high_confidence_sort,clip_sample_001,16,True,0.51533,True,motion_prediction,207,True,2.3048860545941925,0.8516097850512638
clip_sample_001_track3_complete_absence_w7,complete_absence,7,high_confidence_sort,clip_sample_001,17,True,0.53518,False,,,False,,0.0
clip_sample_001_track3_complete_absence_w7,complete_absence,7,high_confidence_sort,clip_sample_001,18,True,0.69564,False,,,False,,0.0
clip_sample_001_track3_complete_absence_w7,complete_absence,7,high_confidence_sort,clip_sample_001,19,False,0.67061,True,high_score_detection,224,False,0.0,0.9999999999999972
clip_sample_001_track3_complete_absence_w7,complete_absence,7,high_confidence_sort,clip_sample_001,20,False,0.60792,True,high_score_detection,224,False,0.01663952685623963,0.9818105459591597
clip_sample_001_track3_complete_absence_w7,complete_absence,7,high_confidence_sort,clip_sample_001,21,False,0.61125,True,high_score_detection,224,False,0.0077700086689003875,0.9975465778295265
clip_sample_001_track3_complete_absence_w7,complete_absence,7,high_confidence_sort,clip_sample_001,22,False,0.60922,True,high_score_detection,224,False,0.14958184533578892,0.9896145902119204
clip_sample_001_track3_complete_absence_w7,complete_absence,7,high_confidence_sort,clip_sample_001,23,False,0.55454,True,high_score_detection,224,False,0.0435914994333776,0.9945752588916282
clip_sample_001_track3_complete_absence_w7,complete_absence,7,high_confidence_sort,clip_sample_001,24,False,0.42867,True,motion_prediction,224,False,0.14867907608322647,0.9663048174781828
clip_sample_001_track3_complete_absence_w7,complete_absence,7,high_confidence_sort,clip_sample_001,25,False,0.35438,True,motion_prediction,224,False,0.17234604125600883,0.9679089491909246
clip_sample_001_track3_complete_absence_w7,complete_absence,7,high_confidence_sort,clip_sample_001,26,False,0.23841,True,motion_prediction,224,False,0.25939174061943904,0.9389091072967904
clip_sample_001_track3_complete_absence_w7,complete_absence,7,high_confidence_sort,clip_sample_001,27,False,0.17753,True,motion_prediction,224,False,1.4549675128462063,0.772189179356639
clip_sample_001_track3_complete_absence_w7,complete_absence,7,high_confidence_sort,clip_sample_001,28,False,0.1442,True,motion_prediction,224,False,1.1643237446674433,0.8020175241805246
clip_sample_001_track3_complete_absence_w7,complete_absence,7,high_confidence_sort,clip_sample_001,29,False,0.06182,True,high_score_detection,227,False,120.72884677470685,0.025959266139174153
clip_sample_001_track3_complete_absence_w7,complete_absence,7,bytetrack,clip_sample_001,1,False,0.83519,True,high_score_detection,213,False,0.0,1.0
clip_sample_001_track3_complete_absence_w7,complete_absence,7,bytetrack,clip_sample_001,2,False,0.82276,True,high_score_detection,213,False,0.01686459727482249,0.9884822356300011
clip_sample_001_track3_complete_absence_w7,complete_absence,7,bytetrack,clip_sample_001,3,False,0.8315,True,high_score_detection,213,False,0.048834530040232846,0.9911295603927863
clip_sample_001_track3_complete_absence_w7,complete_absence,7,bytetrack,clip_sample_001,4,False,0.83809,True,high_score_detection,213,False,0.25841951584406203,0.9870429895976839
clip_sample_001_track3_complete_absence_w7,complete_absence,7,bytetrack,clip_sample_001,5,False,0.84868,True,high_score_detection,213,False,0.3033465796475455,0.9819059071950882
clip_sample_001_track3_complete_absence_w7,complete_absence,7,bytetrack,clip_sample_001,6,False,0.84986,True,high_score_detection,213,False,0.2987037551903595,0.9821110937930816
clip_sample_001_track3_complete_absence_w7,complete_absence,7,bytetrack,clip_sample_001,7,False,0.84504,True,high_score_detection,213,False,0.3570730957849275,0.9771146054909126
clip_sample_001_track3_complete_absence_w7,complete_absence,7,bytetrack,clip_sample_001,8,False,0.83948,True,high_score_detection,213,False,0.554883817950056,0.9607031603590336
clip_sample_001_track3_complete_absence_w7,complete_absence,7,bytetrack,clip_sample_001,9,False,0.8266,True,high_score_detection,213,False,0.7753445999559014,0.9524737239155578
clip_sample_001_track3_complete_absence_w7,complete_absence,7,bytetrack,clip_sample_001,10,False,0.7058,True,high_score_detection,213,False,1.4068262738593285,0.9133825654258697
clip_sample_001_track3_complete_absence_w7,complete_absence,7,bytetrack,clip_sample_001,11,False,0.72421,True,high_score_detection,213,True,0.5542143420287395,0.957253908156293
clip_sample_001_track3_complete_absence_w7,complete_absence,7,bytetrack,clip_sample_001,12,True,0.78624,True,motion_prediction,213,True,0.763661255304862,0.9474020369705114
clip_sample_001_track3_complete_absence_w7,complete_absence,7,bytetrack,clip_sample_001,13,True,0.74765,True,motion_prediction,213,True,1.1837323615661972,0.8914479575947666
clip_sample_001_track3_complete_absence_w7,complete_absence,7,bytetrack,clip_sample_001,14,True,0.79234,True,motion_prediction,213,True,1.3223946916030298,0.8948472268913182
clip_sample_001_track3_complete_absence_w7,complete_absence,7,bytetrack,clip_sample_001,15,True,0.61484,True,low_score_detection,213,True,1.0923809584461512,0.9431963528185031
clip_sample_001_track3_complete_absence_w7,complete_absence,7,bytetrack,clip_sample_001,16,True,0.51533,True,low_score_detection,213,True,1.0506269940140622,0.916988420296585
clip_sample_001_track3_complete_absence_w7,complete_absence,7,bytetrack,clip_sample_001,17,True,0.53518,True,low_score_detection,213,True,1.3472397653024826,0.891913181413698
clip_sample_001_track3_complete_absence_w7,complete_absence,7,bytetrack,clip_sample_001,18,True,0.69564,True,low_score_detection,213,True,2.1061511198902165,0.8575825090636636
clip_sample_001_track3_complete_absence_w7,complete_absence,7,bytetrack,clip_sample_001,19,False,0.67061,True,high_score_detection,213,True,2.07392838556817,0.8584777107034758
clip_sample_001_track3_complete_absence_w7,complete_absence,7,bytetrack,clip_sample_001,20,False,0.60792,True,high_score_detection,213,True,1.6314173983027525,0.8620008493768623
clip_sample_001_track3_complete_absence_w7,complete_absence,7,bytetrack,clip_sample_001,21,False,0.61125,True,high_score_detection,213,True,1.7133357730984493,0.8644213382400836
clip_sample_001_track3_complete_absence_w7,complete_absence,7,bytetrack,clip_sample_001,22,False,0.60922,True,high_score_detection,213,True,2.278201173801639,0.8345193368205436
clip_sample_001_track3_complete_absence_w7,complete_absence,7,bytetrack,clip_sample_001,23,False,0.55454,True,high_score_detection,213,True,1.9413116672580675,0.8599648262258289
clip_sample_001_track3_complete_absence_w7,complete_absence,7,bytetrack,clip_sample_001,24,False,0.42867,True,low_score_detection,213,True,2.197381194812516,0.8503734355530309
clip_sample_001_track3_complete_absence_w7,complete_absence,7,bytetrack,clip_sample_001,25,False,0.35438,True,low_score_detection,213,True,2.412747963023733,0.8218505576742234
clip_sample_001_track3_complete_absence_w7,complete_absence,7,bytetrack,clip_sample_001,26,False,0.23841,True,low_score_detection,213,True,2.28542902011293,0.8364133638659392
clip_sample_001_track3_complete_absence_w7,complete_absence,7,bytetrack,clip_sample_001,27,False,0.17753,True,low_score_detection,213,True,4.626608211277558,0.6579552029881628
clip_sample_001_track3_complete_absence_w7,complete_absence,7,bytetrack,clip_sample_001,28,False,0.1442,True,low_score_detection,213,True,5.843373998179631,0.6355424755703959
clip_sample_001_track3_complete_absence_w7,complete_absence,7,bytetrack,clip_sample_001,29,False,0.06182,True,low_score_detection,213,True,5.263392445269531,0.6575807676610128
clip_sample_001_track9_confidence_demotion_w1,confidence_demotion,1,high_confidence_sort,clip_sample_001,19,False,0.92538,True,high_score_detection,232,False,11.326191533476749,0.9020844998218083
clip_sample_001_track9_confidence_demotion_w1,confidence_demotion,1,high_confidence_sort,clip_sample_001,20,False,0.93092,True,high_score_detection,232,False,10.00612622952138,0.8921872817694511
clip_sample_001_track9_confidence_demotion_w1,confidence_demotion,1,high_confidence_sort,clip_sample_001,21,False,0.92626,True,high_score_detection,232,False,9.652635647318592,0.8739195210348226
clip_sample_001_track9_confidence_demotion_w1,confidence_demotion,1,high_confidence_sort,clip_sample_001,22,False,0.87384,True,high_score_detection,232,False,9.821721549503435,0.8530031016591726
clip_sample_001_track9_confidence_demotion_w1,confidence_demotion,1,high_confidence_sort,clip_sample_001,23,False,0.84743,True,high_score_detection,232,False,9.4006858006119,0.8410611094980323
clip_sample_001_track9_confidence_demotion_w1,confidence_demotion,1,high_confidence_sort,clip_sample_001,24,False,0.90547,True,high_score_detection,254,False,0.0,1.0
clip_sample_001_track9_confidence_demotion_w1,confidence_demotion,1,high_confidence_sort,clip_sample_001,25,False,0.89228,True,high_score_detection,254,False,0.2467436128098715,0.9810859275082833
clip_sample_001_track9_confidence_demotion_w1,confidence_demotion,1,high_confidence_sort,clip_sample_001,26,False,0.91191,True,high_score_detection,254,False,0.27922622833763666,0.9549484191553409
clip_sample_001_track9_confidence_demotion_w1,confidence_demotion,1,high_confidence_sort,clip_sample_001,27,False,0.89801,True,high_score_detection,254,True,0.5322196238410178,0.9414050508689039
clip_sample_001_track9_confidence_demotion_w1,confidence_demotion,1,high_confidence_sort,clip_sample_001,28,True,0.87837,True,motion_prediction,254,True,1.51027580613411,0.8996925454181361
clip_sample_001_track9_confidence_demotion_w1,confidence_demotion,1,high_confidence_sort,clip_sample_001,29,False,0.87215,True,high_score_detection,254,True,0.5672972632156453,0.9024509976514961
clip_sample_001_track9_confidence_demotion_w1,confidence_demotion,1,high_confidence_sort,clip_sample_001,30,False,0.84357,True,high_score_detection,254,True,1.7095732600733553,0.8873912109336028
clip_sample_001_track9_confidence_demotion_w1,confidence_demotion,1,high_confidence_sort,clip_sample_001,31,False,0.88348,True,high_score_detection,254,True,2.1863217566169597,0.8668538621295134
clip_sample_001_track9_confidence_demotion_w1,confidence_demotion,1,high_confidence_sort,clip_sample_001,32,False,0.83747,True,high_score_detection,254,True,2.8191274789249623,0.876517145277104
clip_sample_001_track9_confidence_demotion_w1,confidence_demotion,1,high_confidence_sort,clip_sample_001,33,False,0.89074,True,high_score_detection,254,True,3.975944257306744,0.8678911390761511
clip_sample_001_track9_confidence_demotion_w1,confidence_demotion,1,high_confidence_sort,clip_sample_001,34,False,0.92315,True,high_score_detection,254,True,4.989059603296652,0.829294593973667
clip_sample_001_track9_confidence_demotion_w1,confidence_demotion,1,high_confidence_sort,clip_sample_001,35,False,0.91054,True,high_score_detection,254,True,5.194203035446161,0.8411050563403095
clip_sample_001_track9_confidence_demotion_w1,confidence_demotion,1,high_confidence_sort,clip_sample_001,36,False,0.88905,True,high_score_detection,254,True,7.487509890065424,0.826269057439872
clip_sample_001_track9_confidence_demotion_w1,confidence_demotion,1,bytetrack,clip_sample_001,19,False,0.92538,True,high_score_detection,252,False,0.0,0.9999999999999993
clip_sample_001_track9_confidence_demotion_w1,confidence_demotion,1,bytetrack,clip_sample_001,20,False,0.93092,True,high_score_detection,252,False,0.3920233927648267,0.9912265819779963
clip_sample_001_track9_confidence_demotion_w1,confidence_demotion,1,bytetrack,clip_sample_001,21,False,0.92626,True,high_score_detection,252,False,0.21299147352639836,0.9824971964714113
clip_sample_001_track9_confidence_demotion_w1,confidence_demotion,1,bytetrack,clip_sample_001,22,False,0.87384,True,high_score_detection,252,False,0.423046814846978,0.9674322753165402
clip_sample_001_track9_confidence_demotion_w1,confidence_demotion,1,bytetrack,clip_sample_001,23,False,0.84743,True,high_score_detection,252,False,0.6975735108875343,0.9556239860486968
clip_sample_001_track9_confidence_demotion_w1,confidence_demotion,1,bytetrack,clip_sample_001,24,False,0.90547,True,high_score_detection,252,False,1.152830565686206,0.9639677807804943
clip_sample_001_track9_confidence_demotion_w1,confidence_demotion,1,bytetrack,clip_sample_001,25,False,0.89228,True,high_score_detection,252,False,0.48422873414386797,0.9392701283803859
clip_sample_001_track9_confidence_demotion_w1,confidence_demotion,1,bytetrack,clip_sample_001,26,False,0.91191,True,high_score_detection,252,False,1.4080764752613144,0.9081985067088542
clip_sample_001_track9_confidence_demotion_w1,confidence_demotion,1,bytetrack,clip_sample_001,27,False,0.89801,True,high_score_detection,252,True,3.939343996055939,0.892279173225467
clip_sample_001_track9_confidence_demotion_w1,confidence_demotion,1,bytetrack,clip_sample_001,28,True,0.87837,True,motion_prediction,252,True,8.948856337018341,0.8533011559782416
clip_sample_001_track9_confidence_demotion_w1,confidence_demotion,1,bytetrack,clip_sample_001,29,False,0.87215,True,high_score_detection,252,True,6.227481712510377,0.8523962500887867
clip_sample_001_track9_confidence_demotion_w1,confidence_demotion,1,bytetrack,clip_sample_001,30,False,0.84357,True,high_score_detection,252,True,7.538250199584777,0.8364611123789636
clip_sample_001_track9_confidence_demotion_w1,confidence_demotion,1,bytetrack,clip_sample_001,31,False,0.88348,True,high_score_detection,252,True,8.49461565364057,0.8165881643491987
clip_sample_001_track9_confidence_demotion_w1,confidence_demotion,1,bytetrack,clip_sample_001,32,False,0.83747,True,high_score_detection,252,True,8.555140986213559,0.8259849514595274
clip_sample_001_track9_confidence_demotion_w1,confidence_demotion,1,bytetrack,clip_sample_001,33,False,0.89074,True,high_score_detection,252,True,10.440699002624838,0.8188430659406893
clip_sample_001_track9_confidence_demotion_w1,confidence_demotion,1,bytetrack,clip_sample_001,34,False,0.92315,True,high_score_detection,252,True,11.901999525661763,0.7784546632663709
clip_sample_001_track9_confidence_demotion_w1,confidence_demotion,1,bytetrack,clip_sample_001,35,False,0.91054,True,high_score_detection,252,True,11.581332055519681,0.7883520670680062
clip_sample_001_track9_confidence_demotion_w1,confidence_demotion,1,bytetrack,clip_sample_001,36,False,0.88905,True,high_score_detection,252,True,14.586766147374524,0.751814719930604
clip_sample_001_track9_confidence_demotion_w2,confidence_demotion,2,high_confidence_sort,clip_sample_001,19,False,0.92538,True,high_score_detection,259,False,11.326191533476749,0.9020844998218083
clip_sample_001_track9_confidence_demotion_w2,confidence_demotion,2,high_confidence_sort,clip_sample_001,20,False,0.93092,True,high_score_detection,259,False,10.00612622952138,0.8921872817694511
clip_sample_001_track9_confidence_demotion_w2,confidence_demotion,2,high_confidence_sort,clip_sample_001,21,False,0.92626,True,high_score_detection,259,False,9.652635647318592,0.8739195210348226
clip_sample_001_track9_confidence_demotion_w2,confidence_demotion,2,high_confidence_sort,clip_sample_001,22,False,0.87384,True,high_score_detection,259,False,9.821721549503435,0.8530031016591726
clip_sample_001_track9_confidence_demotion_w2,confidence_demotion,2,high_confidence_sort,clip_sample_001,23,False,0.84743,True,high_score_detection,259,False,9.4006858006119,0.8410611094980323
clip_sample_001_track9_confidence_demotion_w2,confidence_demotion,2,high_confidence_sort,clip_sample_001,24,False,0.90547,True,high_score_detection,281,False,0.0,1.0
clip_sample_001_track9_confidence_demotion_w2,confidence_demotion,2,high_confidence_sort,clip_sample_001,25,False,0.89228,True,high_score_detection,281,False,0.2467436128098715,0.9810859275082833
clip_sample_001_track9_confidence_demotion_w2,confidence_demotion,2,high_confidence_sort,clip_sample_001,26,False,0.91191,True,high_score_detection,281,True,0.27922622833763666,0.9549484191553409
clip_sample_001_track9_confidence_demotion_w2,confidence_demotion,2,high_confidence_sort,clip_sample_001,27,True,0.89801,True,motion_prediction,281,True,4.089785063963331,0.922902188685359
clip_sample_001_track9_confidence_demotion_w2,confidence_demotion,2,high_confidence_sort,clip_sample_001,28,True,0.87837,True,motion_prediction,281,True,7.208502444527984,0.8820481115692203
clip_sample_001_track9_confidence_demotion_w2,confidence_demotion,2,high_confidence_sort,clip_sample_001,29,False,0.87215,True,high_score_detection,281,True,0.3378140534321544,0.8948072129480777
clip_sample_001_track9_confidence_demotion_w2,confidence_demotion,2,high_confidence_sort,clip_sample_001,30,False,0.84357,True,high_score_detection,281,True,1.485626266928867,0.8852507780446548
clip_sample_001_track9_confidence_demotion_w2,confidence_demotion,2,high_confidence_sort,clip_sample_001,31,False,0.88348,True,high_score_detection,281,True,2.084297414461763,0.8681147521913343
clip_sample_001_track9_confidence_demotion_w2,confidence_demotion,2,high_confidence_sort,clip_sample_001,32,False,0.83747,True,high_score_detection,281,True,2.779450243477548,0.8796138359030894
clip_sample_001_track9_confidence_demotion_w2,confidence_demotion,2,high_confidence_sort,clip_sample_001,33,False,0.89074,True,high_score_detection,281,True,3.99528461906406,0.8721064376873927
clip_sample_001_track9_confidence_demotion_w2,confidence_demotion,2,high_confidence_sort,clip_sample_001,34,False,0.92315,True,high_score_detection,281,True,5.033728257549157,0.8342200902128007
clip_sample_001_track9_confidence_demotion_w2,confidence_demotion,2,high_confidence_sort,clip_sample_001,35,False,0.91054,True,high_score_detection,281,True,5.231240727621783,0.8466515911345194
clip_sample_001_track9_confidence_demotion_w2,confidence_demotion,2,high_confidence_sort,clip_sample_001,36,False,0.88905,True,high_score_detection,281,True,7.515838512565375,0.8320186757742709
clip_sample_001_track9_confidence_demotion_w2,confidence_demotion,2,bytetrack,clip_sample_001,19,False,0.92538,True,high_score_detection,279,False,0.0,0.9999999999999993
clip_sample_001_track9_confidence_demotion_w2,confidence_demotion,2,bytetrack,clip_sample_001,20,False,0.93092,True,high_score_detection,279,False,0.3920233927648267,0.9912265819779963
clip_sample_001_track9_confidence_demotion_w2,confidence_demotion,2,bytetrack,clip_sample_001,21,False,0.92626,True,high_score_detection,279,False,0.21299147352639836,0.9824971964714113
clip_sample_001_track9_confidence_demotion_w2,confidence_demotion,2,bytetrack,clip_sample_001,22,False,0.87384,True,high_score_detection,279,False,0.423046814846978,0.9674322753165402
clip_sample_001_track9_confidence_demotion_w2,confidence_demotion,2,bytetrack,clip_sample_001,23,False,0.84743,True,high_score_detection,279,False,0.6975735108875343,0.9556239860486968
clip_sample_001_track9_confidence_demotion_w2,confidence_demotion,2,bytetrack,clip_sample_001,24,False,0.90547,True,high_score_detection,279,False,1.152830565686206,0.9639677807804943
clip_sample_001_track9_confidence_demotion_w2,confidence_demotion,2,bytetrack,clip_sample_001,25,False,0.89228,True,high_score_detection,279,False,0.48422873414386797,0.9392701283803859
clip_sample_001_track9_confidence_demotion_w2,confidence_demotion,2,bytetrack,clip_sample_001,26,False,0.91191,True,high_score_detection,279,True,1.4080764752613144,0.9081985067088542
clip_sample_001_track9_confidence_demotion_w2,confidence_demotion,2,bytetrack,clip_sample_001,27,True,0.89801,True,motion_prediction,279,True,7.285137737961836,0.8783007821457635
clip_sample_001_track9_confidence_demotion_w2,confidence_demotion,2,bytetrack,clip_sample_001,28,True,0.87837,True,motion_prediction,279,True,13.00928883384063,0.8215156233204922
clip_sample_001_track9_confidence_demotion_w2,confidence_demotion,2,bytetrack,clip_sample_001,29,False,0.87215,True,high_score_detection,279,True,6.283226181058758,0.8429822719937103
clip_sample_001_track9_confidence_demotion_w2,confidence_demotion,2,bytetrack,clip_sample_001,30,False,0.84357,True,high_score_detection,279,True,6.917845009456941,0.8300109934514005
clip_sample_001_track9_confidence_demotion_w2,confidence_demotion,2,bytetrack,clip_sample_001,31,False,0.88348,True,high_score_detection,279,True,7.81794292535527,0.8123946094834846
clip_sample_001_track9_confidence_demotion_w2,confidence_demotion,2,bytetrack,clip_sample_001,32,False,0.83747,True,high_score_detection,279,True,7.980527546602062,0.8231750857039319
clip_sample_001_track9_confidence_demotion_w2,confidence_demotion,2,bytetrack,clip_sample_001,33,False,0.89074,True,high_score_detection,279,True,9.971153935747578,0.8172024030606325
clip_sample_001_track9_confidence_demotion_w2,confidence_demotion,2,bytetrack,clip_sample_001,34,False,0.92315,True,high_score_detection,279,True,11.549583027519372,0.7815361303547951
clip_sample_001_track9_confidence_demotion_w2,confidence_demotion,2,bytetrack,clip_sample_001,35,False,0.91054,True,high_score_detection,279,True,11.320178352216358,0.7911671884315562
clip_sample_001_track9_confidence_demotion_w2,confidence_demotion,2,bytetrack,clip_sample_001,36,False,0.88905,True,high_score_detection,279,True,14.405815915660723,0.7542728949263675
clip_sample_001_track9_confidence_demotion_w3,confidence_demotion,3,high_confidence_sort,clip_sample_001,19,False,0.92538,True,high_score_detection,286,False,11.326191533476749,0.9020844998218083
clip_sample_001_track9_confidence_demotion_w3,confidence_demotion,3,high_confidence_sort,clip_sample_001,20,False,0.93092,True,high_score_detection,286,False,10.00612622952138,0.8921872817694511
clip_sample_001_track9_confidence_demotion_w3,confidence_demotion,3,high_confidence_sort,clip_sample_001,21,False,0.92626,True,high_score_detection,286,False,9.652635647318592,0.8739195210348226
clip_sample_001_track9_confidence_demotion_w3,confidence_demotion,3,high_confidence_sort,clip_sample_001,22,False,0.87384,True,high_score_detection,286,False,9.821721549503435,0.8530031016591726
clip_sample_001_track9_confidence_demotion_w3,confidence_demotion,3,high_confidence_sort,clip_sample_001,23,False,0.84743,True,high_score_detection,286,False,9.4006858006119,0.8410611094980323
clip_sample_001_track9_confidence_demotion_w3,confidence_demotion,3,high_confidence_sort,clip_sample_001,24,False,0.90547,True,high_score_detection,308,False,0.0,1.0
clip_sample_001_track9_confidence_demotion_w3,confidence_demotion,3,high_confidence_sort,clip_sample_001,25,False,0.89228,True,high_score_detection,308,False,0.2467436128098715,0.9810859275082833
clip_sample_001_track9_confidence_demotion_w3,confidence_demotion,3,high_confidence_sort,clip_sample_001,26,False,0.91191,True,high_score_detection,308,True,0.27922622833763666,0.9549484191553409
clip_sample_001_track9_confidence_demotion_w3,confidence_demotion,3,high_confidence_sort,clip_sample_001,27,True,0.89801,True,motion_prediction,308,True,4.089785063963331,0.922902188685359
clip_sample_001_track9_confidence_demotion_w3,confidence_demotion,3,high_confidence_sort,clip_sample_001,28,True,0.87837,True,motion_prediction,308,True,7.208502444527984,0.8820481115692203
clip_sample_001_track9_confidence_demotion_w3,confidence_demotion,3,high_confidence_sort,clip_sample_001,29,True,0.87215,True,motion_prediction,308,True,10.130361039210335,0.8622519855125707
clip_sample_001_track9_confidence_demotion_w3,confidence_demotion,3,high_confidence_sort,clip_sample_001,30,False,0.84357,True,high_score_detection,308,True,0.29660901081532837,0.8680667260942645
clip_sample_001_track9_confidence_demotion_w3,confidence_demotion,3,high_confidence_sort,clip_sample_001,31,False,0.88348,True,high_score_detection,308,True,1.245199616054198,0.8591834561587357
clip_sample_001_track9_confidence_demotion_w3,confidence_demotion,3,high_confidence_sort,clip_sample_001,32,False,0.83747,True,high_score_detection,308,True,2.206115294132455,0.8748605358806256
clip_sample_001_track9_confidence_demotion_w3,confidence_demotion,3,high_confidence_sort,clip_sample_001,33,False,0.89074,True,high_score_detection,308,True,3.5819158015090387,0.8702336307445917
clip_sample_001_track9_confidence_demotion_w3,confidence_demotion,3,high_confidence_sort,clip_sample_001,34,False,0.92315,True,high_score_detection,308,True,4.809263095622298,0.834625317083955
clip_sample_001_track9_confidence_demotion_w3,confidence_demotion,3,high_confidence_sort,clip_sample_001,35,False,0.91054,True,high_score_detection,308,True,5.114656604610591,0.8483908200577107
clip_sample_001_track9_confidence_demotion_w3,confidence_demotion,3,high_confidence_sort,clip_sample_001,36,False,0.88905,True,high_score_detection,308,True,7.505605179181426,0.8346765320858162
clip_sample_001_track9_confidence_demotion_w3,confidence_demotion,3,bytetrack,clip_sample_001,19,False,0.92538,True,high_score_detection,306,False,0.0,0.9999999999999993
clip_sample_001_track9_confidence_demotion_w3,confidence_demotion,3,bytetrack,clip_sample_001,20,False,0.93092,True,high_score_detection,306,False,0.3920233927648267,0.9912265819779963
clip_sample_001_track9_confidence_demotion_w3,confidence_demotion,3,bytetrack,clip_sample_001,21,False,0.92626,True,high_score_detection,306,False,0.21299147352639836,0.9824971964714113
clip_sample_001_track9_confidence_demotion_w3,confidence_demotion,3,bytetrack,clip_sample_001,22,False,0.87384,True,high_score_detection,306,False,0.423046814846978,0.9674322753165402
clip_sample_001_track9_confidence_demotion_w3,confidence_demotion,3,bytetrack,clip_sample_001,23,False,0.84743,True,high_score_detection,306,False,0.6975735108875343,0.9556239860486968
clip_sample_001_track9_confidence_demotion_w3,confidence_demotion,3,bytetrack,clip_sample_001,24,False,0.90547,True,high_score_detection,306,False,1.152830565686206,0.9639677807804943
clip_sample_001_track9_confidence_demotion_w3,confidence_demotion,3,bytetrack,clip_sample_001,25,False,0.89228,True,high_score_detection,306,False,0.48422873414386797,0.9392701283803859
clip_sample_001_track9_confidence_demotion_w3,confidence_demotion,3,bytetrack,clip_sample_001,26,False,0.91191,True,high_score_detection,306,True,1.4080764752613144,0.9081985067088542
clip_sample_001_track9_confidence_demotion_w3,confidence_demotion,3,bytetrack,clip_sample_001,27,True,0.89801,True,motion_prediction,306,True,7.285137737961836,0.8783007821457635
clip_sample_001_track9_confidence_demotion_w3,confidence_demotion,3,bytetrack,clip_sample_001,28,True,0.87837,True,motion_prediction,306,True,13.00928883384063,0.8215156233204922
clip_sample_001_track9_confidence_demotion_w3,confidence_demotion,3,bytetrack,clip_sample_001,29,True,0.87215,True,motion_prediction,306,True,17.03643223883765,0.7926200151794942
clip_sample_001_track9_confidence_demotion_w3,confidence_demotion,3,bytetrack,clip_sample_001,30,False,0.84357,True,high_score_detection,306,True,7.55986074881121,0.8150305074077441
clip_sample_001_track9_confidence_demotion_w3,confidence_demotion,3,bytetrack,clip_sample_001,31,False,0.88348,True,high_score_detection,306,True,7.1132439641773635,0.801665162681224
clip_sample_001_track9_confidence_demotion_w3,confidence_demotion,3,bytetrack,clip_sample_001,32,False,0.83747,True,high_score_detection,306,True,7.111995687774773,0.8149265813500288
clip_sample_001_track9_confidence_demotion_w3,confidence_demotion,3,bytetrack,clip_sample_001,33,False,0.89074,True,high_score_detection,306,True,9.08878494713575,0.8111120273230398
clip_sample_001_track9_confidence_demotion_w3,confidence_demotion,3,bytetrack,clip_sample_001,34,False,0.92315,True,high_score_detection,306,True,10.789675823500517,0.7787678815527961
clip_sample_001_track9_confidence_demotion_w3,confidence_demotion,3,bytetrack,clip_sample_001,35,False,0.91054,True,high_score_detection,306,True,10.717068615368687,0.7927938498891444
clip_sample_001_track9_confidence_demotion_w3,confidence_demotion,3,bytetrack,clip_sample_001,36,False,0.88905,True,high_score_detection,306,True,13.933109517699666,0.7584591067277432
clip_sample_001_track9_complete_absence_w1,complete_absence,1,high_confidence_sort,clip_sample_001,19,False,0.92538,True,high_score_detection,313,False,11.326191533476749,0.9020844998218083
clip_sample_001_track9_complete_absence_w1,complete_absence,1,high_confidence_sort,clip_sample_001,20,False,0.93092,True,high_score_detection,313,False,10.00612622952138,0.8921872817694511
clip_sample_001_track9_complete_absence_w1,complete_absence,1,high_confidence_sort,clip_sample_001,21,False,0.92626,True,high_score_detection,313,False,9.652635647318592,0.8739195210348226
clip_sample_001_track9_complete_absence_w1,complete_absence,1,high_confidence_sort,clip_sample_001,22,False,0.87384,True,high_score_detection,313,False,9.821721549503435,0.8530031016591726
clip_sample_001_track9_complete_absence_w1,complete_absence,1,high_confidence_sort,clip_sample_001,23,False,0.84743,True,high_score_detection,313,False,9.4006858006119,0.8410611094980323
clip_sample_001_track9_complete_absence_w1,complete_absence,1,high_confidence_sort,clip_sample_001,24,False,0.90547,True,high_score_detection,335,False,0.0,1.0
clip_sample_001_track9_complete_absence_w1,complete_absence,1,high_confidence_sort,clip_sample_001,25,False,0.89228,True,high_score_detection,335,False,0.2467436128098715,0.9810859275082833
clip_sample_001_track9_complete_absence_w1,complete_absence,1,high_confidence_sort,clip_sample_001,26,False,0.91191,True,high_score_detection,335,False,0.27922622833763666,0.9549484191553409
clip_sample_001_track9_complete_absence_w1,complete_absence,1,high_confidence_sort,clip_sample_001,27,False,0.89801,True,high_score_detection,335,True,0.5322196238410178,0.9414050508689039
clip_sample_001_track9_complete_absence_w1,complete_absence,1,high_confidence_sort,clip_sample_001,28,True,0.87837,True,motion_prediction,335,True,1.51027580613411,0.8996925454181361
clip_sample_001_track9_complete_absence_w1,complete_absence,1,high_confidence_sort,clip_sample_001,29,False,0.87215,True,high_score_detection,335,True,0.5672972632156453,0.9024509976514961
clip_sample_001_track9_complete_absence_w1,complete_absence,1,high_confidence_sort,clip_sample_001,30,False,0.84357,True,high_score_detection,335,True,1.7095732600733553,0.8873912109336028
clip_sample_001_track9_complete_absence_w1,complete_absence,1,high_confidence_sort,clip_sample_001,31,False,0.88348,True,high_score_detection,335,True,2.1863217566169597,0.8668538621295134
clip_sample_001_track9_complete_absence_w1,complete_absence,1,high_confidence_sort,clip_sample_001,32,False,0.83747,True,high_score_detection,335,True,2.8191274789249623,0.876517145277104
clip_sample_001_track9_complete_absence_w1,complete_absence,1,high_confidence_sort,clip_sample_001,33,False,0.89074,True,high_score_detection,335,True,3.975944257306744,0.8678911390761511
clip_sample_001_track9_complete_absence_w1,complete_absence,1,high_confidence_sort,clip_sample_001,34,False,0.92315,True,high_score_detection,335,True,4.989059603296652,0.829294593973667
clip_sample_001_track9_complete_absence_w1,complete_absence,1,high_confidence_sort,clip_sample_001,35,False,0.91054,True,high_score_detection,335,True,5.194203035446161,0.8411050563403095
clip_sample_001_track9_complete_absence_w1,complete_absence,1,high_confidence_sort,clip_sample_001,36,False,0.88905,True,high_score_detection,335,True,7.487509890065424,0.826269057439872
clip_sample_001_track9_complete_absence_w1,complete_absence,1,bytetrack,clip_sample_001,19,False,0.92538,True,high_score_detection,333,False,0.0,0.9999999999999993
clip_sample_001_track9_complete_absence_w1,complete_absence,1,bytetrack,clip_sample_001,20,False,0.93092,True,high_score_detection,333,False,0.3920233927648267,0.9912265819779963
clip_sample_001_track9_complete_absence_w1,complete_absence,1,bytetrack,clip_sample_001,21,False,0.92626,True,high_score_detection,333,False,0.21299147352639836,0.9824971964714113
clip_sample_001_track9_complete_absence_w1,complete_absence,1,bytetrack,clip_sample_001,22,False,0.87384,True,high_score_detection,333,False,0.423046814846978,0.9674322753165402
clip_sample_001_track9_complete_absence_w1,complete_absence,1,bytetrack,clip_sample_001,23,False,0.84743,True,high_score_detection,333,False,0.6975735108875343,0.9556239860486968
clip_sample_001_track9_complete_absence_w1,complete_absence,1,bytetrack,clip_sample_001,24,False,0.90547,True,high_score_detection,333,False,1.152830565686206,0.9639677807804943
clip_sample_001_track9_complete_absence_w1,complete_absence,1,bytetrack,clip_sample_001,25,False,0.89228,True,high_score_detection,333,False,0.48422873414386797,0.9392701283803859
clip_sample_001_track9_complete_absence_w1,complete_absence,1,bytetrack,clip_sample_001,26,False,0.91191,True,high_score_detection,333,False,1.4080764752613144,0.9081985067088542
clip_sample_001_track9_complete_absence_w1,complete_absence,1,bytetrack,clip_sample_001,27,False,0.89801,True,high_score_detection,333,True,3.939343996055939,0.892279173225467
clip_sample_001_track9_complete_absence_w1,complete_absence,1,bytetrack,clip_sample_001,28,True,0.87837,True,motion_prediction,333,True,8.948856337018341,0.8533011559782416
clip_sample_001_track9_complete_absence_w1,complete_absence,1,bytetrack,clip_sample_001,29,False,0.87215,True,high_score_detection,333,True,6.227481712510377,0.8523962500887867
clip_sample_001_track9_complete_absence_w1,complete_absence,1,bytetrack,clip_sample_001,30,False,0.84357,True,high_score_detection,333,True,7.538250199584777,0.8364611123789636
clip_sample_001_track9_complete_absence_w1,complete_absence,1,bytetrack,clip_sample_001,31,False,0.88348,True,high_score_detection,333,True,8.49461565364057,0.8165881643491987
clip_sample_001_track9_complete_absence_w1,complete_absence,1,bytetrack,clip_sample_001,32,False,0.83747,True,high_score_detection,333,True,8.555140986213559,0.8259849514595274
clip_sample_001_track9_complete_absence_w1,complete_absence,1,bytetrack,clip_sample_001,33,False,0.89074,True,high_score_detection,333,True,10.440699002624838,0.8188430659406893
clip_sample_001_track9_complete_absence_w1,complete_absence,1,bytetrack,clip_sample_001,34,False,0.92315,True,high_score_detection,333,True,11.901999525661763,0.7784546632663709
clip_sample_001_track9_complete_absence_w1,complete_absence,1,bytetrack,clip_sample_001,35,False,0.91054,True,high_score_detection,333,True,11.581332055519681,0.7883520670680062
clip_sample_001_track9_complete_absence_w1,complete_absence,1,bytetrack,clip_sample_001,36,False,0.88905,True,high_score_detection,333,True,14.586766147374524,0.751814719930604
clip_sample_001_track9_complete_absence_w2,complete_absence,2,high_confidence_sort,clip_sample_001,19,False,0.92538,True,high_score_detection,340,False,11.326191533476749,0.9020844998218083
clip_sample_001_track9_complete_absence_w2,complete_absence,2,high_confidence_sort,clip_sample_001,20,False,0.93092,True,high_score_detection,340,False,10.00612622952138,0.8921872817694511
clip_sample_001_track9_complete_absence_w2,complete_absence,2,high_confidence_sort,clip_sample_001,21,False,0.92626,True,high_score_detection,340,False,9.652635647318592,0.8739195210348226
clip_sample_001_track9_complete_absence_w2,complete_absence,2,high_confidence_sort,clip_sample_001,22,False,0.87384,True,high_score_detection,340,False,9.821721549503435,0.8530031016591726
clip_sample_001_track9_complete_absence_w2,complete_absence,2,high_confidence_sort,clip_sample_001,23,False,0.84743,True,high_score_detection,340,False,9.4006858006119,0.8410611094980323
clip_sample_001_track9_complete_absence_w2,complete_absence,2,high_confidence_sort,clip_sample_001,24,False,0.90547,True,high_score_detection,362,False,0.0,1.0
clip_sample_001_track9_complete_absence_w2,complete_absence,2,high_confidence_sort,clip_sample_001,25,False,0.89228,True,high_score_detection,362,False,0.2467436128098715,0.9810859275082833
clip_sample_001_track9_complete_absence_w2,complete_absence,2,high_confidence_sort,clip_sample_001,26,False,0.91191,True,high_score_detection,362,True,0.27922622833763666,0.9549484191553409
clip_sample_001_track9_complete_absence_w2,complete_absence,2,high_confidence_sort,clip_sample_001,27,True,0.89801,True,motion_prediction,362,True,4.089785063963331,0.922902188685359
clip_sample_001_track9_complete_absence_w2,complete_absence,2,high_confidence_sort,clip_sample_001,28,True,0.87837,True,motion_prediction,362,True,7.208502444527984,0.8820481115692203
clip_sample_001_track9_complete_absence_w2,complete_absence,2,high_confidence_sort,clip_sample_001,29,False,0.87215,True,high_score_detection,362,True,0.3378140534321544,0.8948072129480777
clip_sample_001_track9_complete_absence_w2,complete_absence,2,high_confidence_sort,clip_sample_001,30,False,0.84357,True,high_score_detection,362,True,1.485626266928867,0.8852507780446548
clip_sample_001_track9_complete_absence_w2,complete_absence,2,high_confidence_sort,clip_sample_001,31,False,0.88348,True,high_score_detection,362,True,2.084297414461763,0.8681147521913343
clip_sample_001_track9_complete_absence_w2,complete_absence,2,high_confidence_sort,clip_sample_001,32,False,0.83747,True,high_score_detection,362,True,2.779450243477548,0.8796138359030894
clip_sample_001_track9_complete_absence_w2,complete_absence,2,high_confidence_sort,clip_sample_001,33,False,0.89074,True,high_score_detection,362,True,3.99528461906406,0.8721064376873927
clip_sample_001_track9_complete_absence_w2,complete_absence,2,high_confidence_sort,clip_sample_001,34,False,0.92315,True,high_score_detection,362,True,5.033728257549157,0.8342200902128007
clip_sample_001_track9_complete_absence_w2,complete_absence,2,high_confidence_sort,clip_sample_001,35,False,0.91054,True,high_score_detection,362,True,5.231240727621783,0.8466515911345194
clip_sample_001_track9_complete_absence_w2,complete_absence,2,high_confidence_sort,clip_sample_001,36,False,0.88905,True,high_score_detection,362,True,7.515838512565375,0.8320186757742709
clip_sample_001_track9_complete_absence_w2,complete_absence,2,bytetrack,clip_sample_001,19,False,0.92538,True,high_score_detection,360,False,0.0,0.9999999999999993
clip_sample_001_track9_complete_absence_w2,complete_absence,2,bytetrack,clip_sample_001,20,False,0.93092,True,high_score_detection,360,False,0.3920233927648267,0.9912265819779963
clip_sample_001_track9_complete_absence_w2,complete_absence,2,bytetrack,clip_sample_001,21,False,0.92626,True,high_score_detection,360,False,0.21299147352639836,0.9824971964714113
clip_sample_001_track9_complete_absence_w2,complete_absence,2,bytetrack,clip_sample_001,22,False,0.87384,True,high_score_detection,360,False,0.423046814846978,0.9674322753165402
clip_sample_001_track9_complete_absence_w2,complete_absence,2,bytetrack,clip_sample_001,23,False,0.84743,True,high_score_detection,360,False,0.6975735108875343,0.9556239860486968
clip_sample_001_track9_complete_absence_w2,complete_absence,2,bytetrack,clip_sample_001,24,False,0.90547,True,high_score_detection,360,False,1.152830565686206,0.9639677807804943
clip_sample_001_track9_complete_absence_w2,complete_absence,2,bytetrack,clip_sample_001,25,False,0.89228,True,high_score_detection,360,False,0.48422873414386797,0.9392701283803859
clip_sample_001_track9_complete_absence_w2,complete_absence,2,bytetrack,clip_sample_001,26,False,0.91191,True,high_score_detection,360,True,1.4080764752613144,0.9081985067088542
clip_sample_001_track9_complete_absence_w2,complete_absence,2,bytetrack,clip_sample_001,27,True,0.89801,True,motion_prediction,360,True,7.285137737961836,0.8783007821457635
clip_sample_001_track9_complete_absence_w2,complete_absence,2,bytetrack,clip_sample_001,28,True,0.87837,True,motion_prediction,360,True,13.00928883384063,0.8215156233204922
clip_sample_001_track9_complete_absence_w2,complete_absence,2,bytetrack,clip_sample_001,29,False,0.87215,True,high_score_detection,360,True,6.283226181058758,0.8429822719937103
clip_sample_001_track9_complete_absence_w2,complete_absence,2,bytetrack,clip_sample_001,30,False,0.84357,True,high_score_detection,360,True,6.917845009456941,0.8300109934514005
clip_sample_001_track9_complete_absence_w2,complete_absence,2,bytetrack,clip_sample_001,31,False,0.88348,True,high_score_detection,360,True,7.81794292535527,0.8123946094834846
clip_sample_001_track9_complete_absence_w2,complete_absence,2,bytetrack,clip_sample_001,32,False,0.83747,True,high_score_detection,360,True,7.980527546602062,0.8231750857039319
clip_sample_001_track9_complete_absence_w2,complete_absence,2,bytetrack,clip_sample_001,33,False,0.89074,True,high_score_detection,360,True,9.971153935747578,0.8172024030606325
clip_sample_001_track9_complete_absence_w2,complete_absence,2,bytetrack,clip_sample_001,34,False,0.92315,True,high_score_detection,360,True,11.549583027519372,0.7815361303547951
clip_sample_001_track9_complete_absence_w2,complete_absence,2,bytetrack,clip_sample_001,35,False,0.91054,True,high_score_detection,360,True,11.320178352216358,0.7911671884315562
clip_sample_001_track9_complete_absence_w2,complete_absence,2,bytetrack,clip_sample_001,36,False,0.88905,True,high_score_detection,360,True,14.405815915660723,0.7542728949263675
clip_sample_001_track9_complete_absence_w3,complete_absence,3,high_confidence_sort,clip_sample_001,19,False,0.92538,True,high_score_detection,367,False,11.326191533476749,0.9020844998218083
clip_sample_001_track9_complete_absence_w3,complete_absence,3,high_confidence_sort,clip_sample_001,20,False,0.93092,True,high_score_detection,367,False,10.00612622952138,0.8921872817694511
clip_sample_001_track9_complete_absence_w3,complete_absence,3,high_confidence_sort,clip_sample_001,21,False,0.92626,True,high_score_detection,367,False,9.652635647318592,0.8739195210348226
clip_sample_001_track9_complete_absence_w3,complete_absence,3,high_confidence_sort,clip_sample_001,22,False,0.87384,True,high_score_detection,367,False,9.821721549503435,0.8530031016591726
clip_sample_001_track9_complete_absence_w3,complete_absence,3,high_confidence_sort,clip_sample_001,23,False,0.84743,True,high_score_detection,367,False,9.4006858006119,0.8410611094980323
clip_sample_001_track9_complete_absence_w3,complete_absence,3,high_confidence_sort,clip_sample_001,24,False,0.90547,True,high_score_detection,389,False,0.0,1.0
clip_sample_001_track9_complete_absence_w3,complete_absence,3,high_confidence_sort,clip_sample_001,25,False,0.89228,True,high_score_detection,389,False,0.2467436128098715,0.9810859275082833
clip_sample_001_track9_complete_absence_w3,complete_absence,3,high_confidence_sort,clip_sample_001,26,False,0.91191,True,high_score_detection,389,True,0.27922622833763666,0.9549484191553409
clip_sample_001_track9_complete_absence_w3,complete_absence,3,high_confidence_sort,clip_sample_001,27,True,0.89801,True,motion_prediction,389,True,4.089785063963331,0.922902188685359
clip_sample_001_track9_complete_absence_w3,complete_absence,3,high_confidence_sort,clip_sample_001,28,True,0.87837,True,motion_prediction,389,True,7.208502444527984,0.8820481115692203
clip_sample_001_track9_complete_absence_w3,complete_absence,3,high_confidence_sort,clip_sample_001,29,True,0.87215,True,motion_prediction,389,True,10.130361039210335,0.8622519855125707
clip_sample_001_track9_complete_absence_w3,complete_absence,3,high_confidence_sort,clip_sample_001,30,False,0.84357,True,high_score_detection,389,True,0.29660901081532837,0.8680667260942645
clip_sample_001_track9_complete_absence_w3,complete_absence,3,high_confidence_sort,clip_sample_001,31,False,0.88348,True,high_score_detection,389,True,1.245199616054198,0.8591834561587357
clip_sample_001_track9_complete_absence_w3,complete_absence,3,high_confidence_sort,clip_sample_001,32,False,0.83747,True,high_score_detection,389,True,2.206115294132455,0.8748605358806256
clip_sample_001_track9_complete_absence_w3,complete_absence,3,high_confidence_sort,clip_sample_001,33,False,0.89074,True,high_score_detection,389,True,3.5819158015090387,0.8702336307445917
clip_sample_001_track9_complete_absence_w3,complete_absence,3,high_confidence_sort,clip_sample_001,34,False,0.92315,True,high_score_detection,389,True,4.809263095622298,0.834625317083955
clip_sample_001_track9_complete_absence_w3,complete_absence,3,high_confidence_sort,clip_sample_001,35,False,0.91054,True,high_score_detection,389,True,5.114656604610591,0.8483908200577107
clip_sample_001_track9_complete_absence_w3,complete_absence,3,high_confidence_sort,clip_sample_001,36,False,0.88905,True,high_score_detection,389,True,7.505605179181426,0.8346765320858162
clip_sample_001_track9_complete_absence_w3,complete_absence,3,bytetrack,clip_sample_001,19,False,0.92538,True,high_score_detection,387,False,0.0,0.9999999999999993
clip_sample_001_track9_complete_absence_w3,complete_absence,3,bytetrack,clip_sample_001,20,False,0.93092,True,high_score_detection,387,False,0.3920233927648267,0.9912265819779963
clip_sample_001_track9_complete_absence_w3,complete_absence,3,bytetrack,clip_sample_001,21,False,0.92626,True,high_score_detection,387,False,0.21299147352639836,0.9824971964714113
clip_sample_001_track9_complete_absence_w3,complete_absence,3,bytetrack,clip_sample_001,22,False,0.87384,True,high_score_detection,387,False,0.423046814846978,0.9674322753165402
clip_sample_001_track9_complete_absence_w3,complete_absence,3,bytetrack,clip_sample_001,23,False,0.84743,True,high_score_detection,387,False,0.6975735108875343,0.9556239860486968
clip_sample_001_track9_complete_absence_w3,complete_absence,3,bytetrack,clip_sample_001,24,False,0.90547,True,high_score_detection,387,False,1.152830565686206,0.9639677807804943
clip_sample_001_track9_complete_absence_w3,complete_absence,3,bytetrack,clip_sample_001,25,False,0.89228,True,high_score_detection,387,False,0.48422873414386797,0.9392701283803859
clip_sample_001_track9_complete_absence_w3,complete_absence,3,bytetrack,clip_sample_001,26,False,0.91191,True,high_score_detection,387,True,1.4080764752613144,0.9081985067088542
clip_sample_001_track9_complete_absence_w3,complete_absence,3,bytetrack,clip_sample_001,27,True,0.89801,True,motion_prediction,387,True,7.285137737961836,0.8783007821457635
clip_sample_001_track9_complete_absence_w3,complete_absence,3,bytetrack,clip_sample_001,28,True,0.87837,True,motion_prediction,387,True,13.00928883384063,0.8215156233204922
clip_sample_001_track9_complete_absence_w3,complete_absence,3,bytetrack,clip_sample_001,29,True,0.87215,True,motion_prediction,387,True,17.03643223883765,0.7926200151794942
clip_sample_001_track9_complete_absence_w3,complete_absence,3,bytetrack,clip_sample_001,30,False,0.84357,True,high_score_detection,387,True,7.55986074881121,0.8150305074077441
clip_sample_001_track9_complete_absence_w3,complete_absence,3,bytetrack,clip_sample_001,31,False,0.88348,True,high_score_detection,387,True,7.1132439641773635,0.801665162681224
clip_sample_001_track9_complete_absence_w3,complete_absence,3,bytetrack,clip_sample_001,32,False,0.83747,True,high_score_detection,387,True,7.111995687774773,0.8149265813500288
clip_sample_001_track9_complete_absence_w3,complete_absence,3,bytetrack,clip_sample_001,33,False,0.89074,True,high_score_detection,387,True,9.08878494713575,0.8111120273230398
clip_sample_001_track9_complete_absence_w3,complete_absence,3,bytetrack,clip_sample_001,34,False,0.92315,True,high_score_detection,387,True,10.789675823500517,0.7787678815527961
clip_sample_001_track9_complete_absence_w3,complete_absence,3,bytetrack,clip_sample_001,35,False,0.91054,True,high_score_detection,387,True,10.717068615368687,0.7927938498891444
clip_sample_001_track9_complete_absence_w3,complete_absence,3,bytetrack,clip_sample_001,36,False,0.88905,True,high_score_detection,387,True,13.933109517699666,0.7584591067277432
clip_sample_001_track9_complete_absence_w7,complete_absence,7,high_confidence_sort,clip_sample_001,19,False,0.92538,True,high_score_detection,394,False,11.326191533476749,0.9020844998218083
clip_sample_001_track9_complete_absence_w7,complete_absence,7,high_confidence_sort,clip_sample_001,20,False,0.93092,True,high_score_detection,394,False,10.00612622952138,0.8921872817694511
clip_sample_001_track9_complete_absence_w7,complete_absence,7,high_confidence_sort,clip_sample_001,21,False,0.92626,True,high_score_detection,394,False,9.652635647318592,0.8739195210348226
clip_sample_001_track9_complete_absence_w7,complete_absence,7,high_confidence_sort,clip_sample_001,22,False,0.87384,True,high_score_detection,394,False,9.821721549503435,0.8530031016591726
clip_sample_001_track9_complete_absence_w7,complete_absence,7,high_confidence_sort,clip_sample_001,23,False,0.84743,True,high_score_detection,394,False,9.4006858006119,0.8410611094980323
clip_sample_001_track9_complete_absence_w7,complete_absence,7,high_confidence_sort,clip_sample_001,24,False,0.90547,True,high_score_detection,416,True,0.0,1.0
clip_sample_001_track9_complete_absence_w7,complete_absence,7,high_confidence_sort,clip_sample_001,25,True,0.89228,True,motion_prediction,416,True,27.413286012442935,0.843666010509486
clip_sample_001_track9_complete_absence_w7,complete_absence,7,high_confidence_sort,clip_sample_001,26,True,0.91191,True,motion_prediction,416,True,38.87660896991906,0.7861490541752681
clip_sample_001_track9_complete_absence_w7,complete_absence,7,high_confidence_sort,clip_sample_001,27,True,0.89801,True,motion_prediction,416,True,59.7063968515937,0.6996213711640953
clip_sample_001_track9_complete_absence_w7,complete_absence,7,high_confidence_sort,clip_sample_001,28,True,0.87837,True,motion_prediction,394,False,9.836309045792703,0.6407162461054272
clip_sample_001_track9_complete_absence_w7,complete_absence,7,high_confidence_sort,clip_sample_001,29,True,0.87215,True,motion_prediction,416,True,90.01592997908755,0.5689595589872436
clip_sample_001_track9_complete_absence_w7,complete_absence,7,high_confidence_sort,clip_sample_001,30,True,0.84357,False,,,False,,0.0
clip_sample_001_track9_complete_absence_w7,complete_absence,7,high_confidence_sort,clip_sample_001,31,True,0.88348,False,,,False,,0.0
clip_sample_001_track9_complete_absence_w7,complete_absence,7,high_confidence_sort,clip_sample_001,32,False,0.83747,True,high_score_detection,421,False,0.0,0.999999999999999
clip_sample_001_track9_complete_absence_w7,complete_absence,7,high_confidence_sort,clip_sample_001,33,False,0.89074,True,high_score_detection,421,False,0.1364396072618615,0.9845255105403258
clip_sample_001_track9_complete_absence_w7,complete_absence,7,high_confidence_sort,clip_sample_001,34,False,0.92315,True,high_score_detection,421,False,0.056352260825856156,0.9424068155320604
clip_sample_001_track9_complete_absence_w7,complete_absence,7,high_confidence_sort,clip_sample_001,35,False,0.91054,True,high_score_detection,421,False,0.5599317033785903,0.9521365802580279
clip_sample_001_track9_complete_absence_w7,complete_absence,7,high_confidence_sort,clip_sample_001,36,False,0.88905,True,high_score_detection,421,False,0.8817180514852612,0.9309302727770912
clip_sample_001_track9_complete_absence_w7,complete_absence,7,bytetrack,clip_sample_001,19,False,0.92538,True,high_score_detection,414,False,0.0,0.9999999999999993
clip_sample_001_track9_complete_absence_w7,complete_absence,7,bytetrack,clip_sample_001,20,False,0.93092,True,high_score_detection,414,False,0.3920233927648267,0.9912265819779963
clip_sample_001_track9_complete_absence_w7,complete_absence,7,bytetrack,clip_sample_001,21,False,0.92626,True,high_score_detection,414,False,0.21299147352639836,0.9824971964714113
clip_sample_001_track9_complete_absence_w7,complete_absence,7,bytetrack,clip_sample_001,22,False,0.87384,True,high_score_detection,414,False,0.423046814846978,0.9674322753165402
clip_sample_001_track9_complete_absence_w7,complete_absence,7,bytetrack,clip_sample_001,23,False,0.84743,True,high_score_detection,414,False,0.6975735108875343,0.9556239860486968
clip_sample_001_track9_complete_absence_w7,complete_absence,7,bytetrack,clip_sample_001,24,False,0.90547,True,high_score_detection,414,True,1.152830565686206,0.9639677807804943
clip_sample_001_track9_complete_absence_w7,complete_absence,7,bytetrack,clip_sample_001,25,True,0.89228,True,motion_prediction,414,True,1.1219214957977741,0.9286824212029241
clip_sample_001_track9_complete_absence_w7,complete_absence,7,bytetrack,clip_sample_001,26,True,0.91191,True,motion_prediction,414,True,2.9584551874842613,0.8853258672753437
clip_sample_001_track9_complete_absence_w7,complete_absence,7,bytetrack,clip_sample_001,27,True,0.89801,True,motion_prediction,414,True,9.307310639031527,0.8567040148613752
clip_sample_001_track9_complete_absence_w7,complete_absence,7,bytetrack,clip_sample_001,28,True,0.87837,True,motion_prediction,414,True,15.457585326945916,0.8101052445908553
clip_sample_001_track9_complete_absence_w7,complete_absence,7,bytetrack,clip_sample_001,29,True,0.87215,True,motion_prediction,414,True,19.69073921833504,0.7818781826138216
clip_sample_001_track9_complete_absence_w7,complete_absence,7,bytetrack,clip_sample_001,30,True,0.84357,True,motion_prediction,403,False,106.12870795007893,0.020621906756739652
clip_sample_001_track9_complete_absence_w7,complete_absence,7,bytetrack,clip_sample_001,31,True,0.88348,True,motion_prediction,403,False,91.09122495987843,0.021688224778943447
clip_sample_001_track9_complete_absence_w7,complete_absence,7,bytetrack,clip_sample_001,32,False,0.83747,True,high_score_detection,422,False,0.0,0.999999999999999
clip_sample_001_track9_complete_absence_w7,complete_absence,7,bytetrack,clip_sample_001,33,False,0.89074,True,high_score_detection,422,False,0.1364396072618615,0.9845255105403258
clip_sample_001_track9_complete_absence_w7,complete_absence,7,bytetrack,clip_sample_001,34,False,0.92315,True,high_score_detection,422,False,0.056352260825856156,0.9424068155320604
clip_sample_001_track9_complete_absence_w7,complete_absence,7,bytetrack,clip_sample_001,35,False,0.91054,True,high_score_detection,422,False,0.5599317033785903,0.9521365802580279
clip_sample_001_track9_complete_absence_w7,complete_absence,7,bytetrack,clip_sample_001,36,False,0.88905,True,high_score_detection,422,False,0.8817180514852612,0.9309302727770912
clip_sample_001_track10_confidence_demotion_w1,confidence_demotion,1,high_confidence_sort,clip_sample_001,19,False,0.77908,True,high_score_detection,442,False,0.0,0.9999999999999992
clip_sample_001_track10_confidence_demotion_w1,confidence_demotion,1,high_confidence_sort,clip_sample_001,20,False,0.78401,True,high_score_detection,442,False,0.35002752424787215,0.9315588231460323
clip_sample_001_track10_confidence_demotion_w1,confidence_demotion,1,high_confidence_sort,clip_sample_001,21,False,0.83691,True,high_score_detection,442,False,0.3907542022269079,0.9085546476992101
clip_sample_001_track10_confidence_demotion_w1,confidence_demotion,1,high_confidence_sort,clip_sample_001,22,False,0.87314,True,high_score_detection,442,False,1.368534350593589,0.897736084669585
clip_sample_001_track10_confidence_demotion_w1,confidence_demotion,1,high_confidence_sort,clip_sample_001,23,False,0.87851,True,high_score_detection,442,False,1.7598097752414081,0.8982634842871724
clip_sample_001_track10_confidence_demotion_w1,confidence_demotion,1,high_confidence_sort,clip_sample_001,24,False,0.88844,True,high_score_detection,442,False,4.309331634636603,0.8982198951211059
clip_sample_001_track10_confidence_demotion_w1,confidence_demotion,1,high_confidence_sort,clip_sample_001,25,False,0.88674,True,high_score_detection,442,False,2.734801130613415,0.9162421150983827
clip_sample_001_track10_confidence_demotion_w1,confidence_demotion,1,high_confidence_sort,clip_sample_001,26,False,0.87672,True,high_score_detection,442,False,2.2316223546439007,0.9330705851531689
clip_sample_001_track10_confidence_demotion_w1,confidence_demotion,1,high_confidence_sort,clip_sample_001,27,False,0.89502,True,high_score_detection,442,True,1.687668281636662,0.9695715827605793
clip_sample_001_track10_confidence_demotion_w1,confidence_demotion,1,high_confidence_sort,clip_sample_001,28,True,0.88569,True,motion_prediction,442,True,3.3603586790631574,0.9576972593048041
clip_sample_001_track10_confidence_demotion_w1,confidence_demotion,1,high_confidence_sort,clip_sample_001,29,False,0.87576,True,high_score_detection,442,True,2.623748311815657,0.9706637914292672
clip_sample_001_track10_confidence_demotion_w1,confidence_demotion,1,high_confidence_sort,clip_sample_001,30,False,0.87136,True,high_score_detection,442,True,4.062399603455232,0.955027395250352
clip_sample_001_track10_confidence_demotion_w1,confidence_demotion,1,high_confidence_sort,clip_sample_001,31,False,0.80445,True,high_score_detection,442,True,2.9638183912903493,0.9571071797182943
clip_sample_001_track10_confidence_demotion_w1,confidence_demotion,1,high_confidence_sort,clip_sample_001,32,False,0.83294,True,high_score_detection,442,True,1.6043257551554824,0.9672846323567168
clip_sample_001_track10_confidence_demotion_w1,confidence_demotion,1,high_confidence_sort,clip_sample_001,33,False,0.80248,True,high_score_detection,442,True,1.8417775839831978,0.9607007437021148
clip_sample_001_track10_confidence_demotion_w1,confidence_demotion,1,high_confidence_sort,clip_sample_001,34,False,0.68675,True,high_score_detection,442,True,2.6066945407829003,0.9377299434423386
clip_sample_001_track10_confidence_demotion_w1,confidence_demotion,1,high_confidence_sort,clip_sample_001,35,False,0.7785,True,high_score_detection,442,True,1.547611355631452,0.9762522758574871
clip_sample_001_track10_confidence_demotion_w1,confidence_demotion,1,high_confidence_sort,clip_sample_001,36,False,0.06107,True,motion_prediction,442,True,0.6043433404688507,0.9532583825457356
clip_sample_001_track10_confidence_demotion_w1,confidence_demotion,1,bytetrack,clip_sample_001,19,False,0.77908,True,high_score_detection,444,False,0.0,0.9999999999999992
clip_sample_001_track10_confidence_demotion_w1,confidence_demotion,1,bytetrack,clip_sample_001,20,False,0.78401,True,high_score_detection,444,False,0.35002752424787215,0.9315588231460323
clip_sample_001_track10_confidence_demotion_w1,confidence_demotion,1,bytetrack,clip_sample_001,21,False,0.83691,True,high_score_detection,444,False,0.3907542022269079,0.9085546476992101
clip_sample_001_track10_confidence_demotion_w1,confidence_demotion,1,bytetrack,clip_sample_001,22,False,0.87314,True,high_score_detection,444,False,1.368534350593589,0.897736084669585
clip_sample_001_track10_confidence_demotion_w1,confidence_demotion,1,bytetrack,clip_sample_001,23,False,0.87851,True,high_score_detection,444,False,1.7598097752414081,0.8982634842871724
clip_sample_001_track10_confidence_demotion_w1,confidence_demotion,1,bytetrack,clip_sample_001,24,False,0.88844,True,high_score_detection,444,False,4.309331634636603,0.8982198951211059
clip_sample_001_track10_confidence_demotion_w1,confidence_demotion,1,bytetrack,clip_sample_001,25,False,0.88674,True,high_score_detection,444,False,2.734801130613415,0.9162421150983827
clip_sample_001_track10_confidence_demotion_w1,confidence_demotion,1,bytetrack,clip_sample_001,26,False,0.87672,True,high_score_detection,444,False,2.2316223546439007,0.9330705851531689
clip_sample_001_track10_confidence_demotion_w1,confidence_demotion,1,bytetrack,clip_sample_001,27,False,0.89502,True,high_score_detection,444,True,1.687668281636662,0.9695715827605793
clip_sample_001_track10_confidence_demotion_w1,confidence_demotion,1,bytetrack,clip_sample_001,28,True,0.88569,True,low_score_detection,444,True,1.8562642768608548,0.9752535637318451
clip_sample_001_track10_confidence_demotion_w1,confidence_demotion,1,bytetrack,clip_sample_001,29,False,0.87576,True,high_score_detection,444,True,2.305190104010924,0.9752701104067787
clip_sample_001_track10_confidence_demotion_w1,confidence_demotion,1,bytetrack,clip_sample_001,30,False,0.87136,True,high_score_detection,444,True,4.291776881815208,0.9527957126371714
clip_sample_001_track10_confidence_demotion_w1,confidence_demotion,1,bytetrack,clip_sample_001,31,False,0.80445,True,high_score_detection,444,True,3.26772028653094,0.9538001083182861
clip_sample_001_track10_confidence_demotion_w1,confidence_demotion,1,bytetrack,clip_sample_001,32,False,0.83294,True,high_score_detection,444,True,1.8554535921698125,0.9641063102526725
clip_sample_001_track10_confidence_demotion_w1,confidence_demotion,1,bytetrack,clip_sample_001,33,False,0.80248,True,high_score_detection,444,True,2.04343111870282,0.9581056782306463
clip_sample_001_track10_confidence_demotion_w1,confidence_demotion,1,bytetrack,clip_sample_001,34,False,0.68675,True,high_score_detection,444,True,2.7600288101272903,0.9349314098361653
clip_sample_001_track10_confidence_demotion_w1,confidence_demotion,1,bytetrack,clip_sample_001,35,False,0.7785,True,high_score_detection,444,True,1.659872279195387,0.974904963719177
clip_sample_001_track10_confidence_demotion_w1,confidence_demotion,1,bytetrack,clip_sample_001,36,False,0.06107,True,low_score_detection,444,True,0.3782986623331922,0.9654871203526388
clip_sample_001_track10_confidence_demotion_w2,confidence_demotion,2,high_confidence_sort,clip_sample_001,19,False,0.77908,True,high_score_detection,469,False,0.0,0.9999999999999992
clip_sample_001_track10_confidence_demotion_w2,confidence_demotion,2,high_confidence_sort,clip_sample_001,20,False,0.78401,True,high_score_detection,469,False,0.35002752424787215,0.9315588231460323
clip_sample_001_track10_confidence_demotion_w2,confidence_demotion,2,high_confidence_sort,clip_sample_001,21,False,0.83691,True,high_score_detection,469,False,0.3907542022269079,0.9085546476992101
clip_sample_001_track10_confidence_demotion_w2,confidence_demotion,2,high_confidence_sort,clip_sample_001,22,False,0.87314,True,high_score_detection,469,False,1.368534350593589,0.897736084669585
clip_sample_001_track10_confidence_demotion_w2,confidence_demotion,2,high_confidence_sort,clip_sample_001,23,False,0.87851,True,high_score_detection,469,False,1.7598097752414081,0.8982634842871724
clip_sample_001_track10_confidence_demotion_w2,confidence_demotion,2,high_confidence_sort,clip_sample_001,24,False,0.88844,True,high_score_detection,469,False,4.309331634636603,0.8982198951211059
clip_sample_001_track10_confidence_demotion_w2,confidence_demotion,2,high_confidence_sort,clip_sample_001,25,False,0.88674,True,high_score_detection,469,False,2.734801130613415,0.9162421150983827
clip_sample_001_track10_confidence_demotion_w2,confidence_demotion,2,high_confidence_sort,clip_sample_001,26,False,0.87672,True,high_score_detection,469,True,2.2316223546439007,0.9330705851531689
clip_sample_001_track10_confidence_demotion_w2,confidence_demotion,2,high_confidence_sort,clip_sample_001,27,True,0.89502,True,motion_prediction,469,True,3.121051601490486,0.951932936859562
clip_sample_001_track10_confidence_demotion_w2,confidence_demotion,2,high_confidence_sort,clip_sample_001,28,True,0.88569,True,motion_prediction,469,True,5.089307448116478,0.9371465330268894
clip_sample_001_track10_confidence_demotion_w2,confidence_demotion,2,high_confidence_sort,clip_sample_001,29,False,0.87576,True,high_score_detection,469,True,2.6539767631483,0.96818027439159
clip_sample_001_track10_confidence_demotion_w2,confidence_demotion,2,high_confidence_sort,clip_sample_001,30,False,0.87136,True,high_score_detection,469,True,3.7338988695926165,0.9595751814273297
clip_sample_001_track10_confidence_demotion_w2,confidence_demotion,2,high_confidence_sort,clip_sample_001,31,False,0.80445,True,high_score_detection,469,True,2.651542011784048,0.9599719021816846
clip_sample_001_track10_confidence_demotion_w2,confidence_demotion,2,high_confidence_sort,clip_sample_001,32,False,0.83294,True,high_score_detection,469,True,1.3754009674720629,0.9696645728805211
clip_sample_001_track10_confidence_demotion_w2,confidence_demotion,2,high_confidence_sort,clip_sample_001,33,False,0.80248,True,high_score_detection,469,True,1.6696529072302482,0.9632023990073039
clip_sample_001_track10_confidence_demotion_w2,confidence_demotion,2,high_confidence_sort,clip_sample_001,34,False,0.68675,True,high_score_detection,469,True,2.482320459144936,0.9400923391716366
clip_sample_001_track10_confidence_demotion_w2,confidence_demotion,2,high_confidence_sort,clip_sample_001,35,False,0.7785,True,high_score_detection,469,True,1.4595716913162038,0.9774288267604089
clip_sample_001_track10_confidence_demotion_w2,confidence_demotion,2,high_confidence_sort,clip_sample_001,36,False,0.06107,True,motion_prediction,469,True,0.6556031518389621,0.9513461125525954
clip_sample_001_track10_confidence_demotion_w2,confidence_demotion,2,bytetrack,clip_sample_001,19,False,0.77908,True,high_score_detection,471,False,0.0,0.9999999999999992
clip_sample_001_track10_confidence_demotion_w2,confidence_demotion,2,bytetrack,clip_sample_001,20,False,0.78401,True,high_score_detection,471,False,0.35002752424787215,0.9315588231460323
clip_sample_001_track10_confidence_demotion_w2,confidence_demotion,2,bytetrack,clip_sample_001,21,False,0.83691,True,high_score_detection,471,False,0.3907542022269079,0.9085546476992101
clip_sample_001_track10_confidence_demotion_w2,confidence_demotion,2,bytetrack,clip_sample_001,22,False,0.87314,True,high_score_detection,471,False,1.368534350593589,0.897736084669585
clip_sample_001_track10_confidence_demotion_w2,confidence_demotion,2,bytetrack,clip_sample_001,23,False,0.87851,True,high_score_detection,471,False,1.7598097752414081,0.8982634842871724
clip_sample_001_track10_confidence_demotion_w2,confidence_demotion,2,bytetrack,clip_sample_001,24,False,0.88844,True,high_score_detection,471,False,4.309331634636603,0.8982198951211059
clip_sample_001_track10_confidence_demotion_w2,confidence_demotion,2,bytetrack,clip_sample_001,25,False,0.88674,True,high_score_detection,471,False,2.734801130613415,0.9162421150983827
clip_sample_001_track10_confidence_demotion_w2,confidence_demotion,2,bytetrack,clip_sample_001,26,False,0.87672,True,high_score_detection,471,True,2.2316223546439007,0.9330705851531689
clip_sample_001_track10_confidence_demotion_w2,confidence_demotion,2,bytetrack,clip_sample_001,27,True,0.89502,True,low_score_detection,471,True,1.687668281636662,0.9695715827605793
clip_sample_001_track10_confidence_demotion_w2,confidence_demotion,2,bytetrack,clip_sample_001,28,True,0.88569,True,low_score_detection,471,True,1.8562642768608548,0.9752535637318451
clip_sample_001_track10_confidence_demotion_w2,confidence_demotion,2,bytetrack,clip_sample_001,29,False,0.87576,True,high_score_detection,471,True,2.305190104010924,0.9752701104067787
clip_sample_001_track10_confidence_demotion_w2,confidence_demotion,2,bytetrack,clip_sample_001,30,False,0.87136,True,high_score_detection,471,True,4.291776881815208,0.9527957126371714
clip_sample_001_track10_confidence_demotion_w2,confidence_demotion,2,bytetrack,clip_sample_001,31,False,0.80445,True,high_score_detection,471,True,3.26772028653094,0.9538001083182861
clip_sample_001_track10_confidence_demotion_w2,confidence_demotion,2,bytetrack,clip_sample_001,32,False,0.83294,True,high_score_detection,471,True,1.8554535921698125,0.9641063102526725
clip_sample_001_track10_confidence_demotion_w2,confidence_demotion,2,bytetrack,clip_sample_001,33,False,0.80248,True,high_score_detection,471,True,2.04343111870282,0.9581056782306463
clip_sample_001_track10_confidence_demotion_w2,confidence_demotion,2,bytetrack,clip_sample_001,34,False,0.68675,True,high_score_detection,471,True,2.7600288101272903,0.9349314098361653
clip_sample_001_track10_confidence_demotion_w2,confidence_demotion,2,bytetrack,clip_sample_001,35,False,0.7785,True,high_score_detection,471,True,1.659872279195387,0.974904963719177
clip_sample_001_track10_confidence_demotion_w2,confidence_demotion,2,bytetrack,clip_sample_001,36,False,0.06107,True,low_score_detection,471,True,0.3782986623331922,0.9654871203526388
clip_sample_001_track10_confidence_demotion_w3,confidence_demotion,3,high_confidence_sort,clip_sample_001,19,False,0.77908,True,high_score_detection,496,False,0.0,0.9999999999999992
clip_sample_001_track10_confidence_demotion_w3,confidence_demotion,3,high_confidence_sort,clip_sample_001,20,False,0.78401,True,high_score_detection,496,False,0.35002752424787215,0.9315588231460323
clip_sample_001_track10_confidence_demotion_w3,confidence_demotion,3,high_confidence_sort,clip_sample_001,21,False,0.83691,True,high_score_detection,496,False,0.3907542022269079,0.9085546476992101
clip_sample_001_track10_confidence_demotion_w3,confidence_demotion,3,high_confidence_sort,clip_sample_001,22,False,0.87314,True,high_score_detection,496,False,1.368534350593589,0.897736084669585
clip_sample_001_track10_confidence_demotion_w3,confidence_demotion,3,high_confidence_sort,clip_sample_001,23,False,0.87851,True,high_score_detection,496,False,1.7598097752414081,0.8982634842871724
clip_sample_001_track10_confidence_demotion_w3,confidence_demotion,3,high_confidence_sort,clip_sample_001,24,False,0.88844,True,high_score_detection,496,False,4.309331634636603,0.8982198951211059
clip_sample_001_track10_confidence_demotion_w3,confidence_demotion,3,high_confidence_sort,clip_sample_001,25,False,0.88674,True,high_score_detection,496,False,2.734801130613415,0.9162421150983827
clip_sample_001_track10_confidence_demotion_w3,confidence_demotion,3,high_confidence_sort,clip_sample_001,26,False,0.87672,True,high_score_detection,496,True,2.2316223546439007,0.9330705851531689
clip_sample_001_track10_confidence_demotion_w3,confidence_demotion,3,high_confidence_sort,clip_sample_001,27,True,0.89502,True,motion_prediction,496,True,3.121051601490486,0.951932936859562
clip_sample_001_track10_confidence_demotion_w3,confidence_demotion,3,high_confidence_sort,clip_sample_001,28,True,0.88569,True,motion_prediction,496,True,5.089307448116478,0.9371465330268894
clip_sample_001_track10_confidence_demotion_w3,confidence_demotion,3,high_confidence_sort,clip_sample_001,29,True,0.87576,True,motion_prediction,496,True,7.196031781432147,0.921732176383159
clip_sample_001_track10_confidence_demotion_w3,confidence_demotion,3,high_confidence_sort,clip_sample_001,30,False,0.87136,True,high_score_detection,496,True,3.6749897490876706,0.9611650511189105
clip_sample_001_track10_confidence_demotion_w3,confidence_demotion,3,high_confidence_sort,clip_sample_001,31,False,0.80445,True,high_score_detection,496,True,2.250242296366526,0.965972746088897
clip_sample_001_track10_confidence_demotion_w3,confidence_demotion,3,high_confidence_sort,clip_sample_001,32,False,0.83294,True,high_score_detection,496,True,1.0540207072832313,0.9752009407792247
clip_sample_001_track10_confidence_demotion_w3,confidence_demotion,3,high_confidence_sort,clip_sample_001,33,False,0.80248,True,high_score_detection,496,True,1.3991111071469877,0.968930892323482
clip_sample_001_track10_confidence_demotion_w3,confidence_demotion,3,high_confidence_sort,clip_sample_001,34,False,0.68675,True,high_score_detection,496,True,2.2633278700722435,0.9457133417806649
clip_sample_001_track10_confidence_demotion_w3,confidence_demotion,3,high_confidence_sort,clip_sample_001,35,False,0.7785,True,high_score_detection,496,True,1.2965822033982823,0.9796190352103483
clip_sample_001_track10_confidence_demotion_w3,confidence_demotion,3,high_confidence_sort,clip_sample_001,36,False,0.06107,True,motion_prediction,496,True,0.7775741714708141,0.9465653874282081
clip_sample_001_track10_confidence_demotion_w3,confidence_demotion,3,bytetrack,clip_sample_001,19,False,0.77908,True,high_score_detection,498,False,0.0,0.9999999999999992
clip_sample_001_track10_confidence_demotion_w3,confidence_demotion,3,bytetrack,clip_sample_001,20,False,0.78401,True,high_score_detection,498,False,0.35002752424787215,0.9315588231460323
clip_sample_001_track10_confidence_demotion_w3,confidence_demotion,3,bytetrack,clip_sample_001,21,False,0.83691,True,high_score_detection,498,False,0.3907542022269079,0.9085546476992101
clip_sample_001_track10_confidence_demotion_w3,confidence_demotion,3,bytetrack,clip_sample_001,22,False,0.87314,True,high_score_detection,498,False,1.368534350593589,0.897736084669585
clip_sample_001_track10_confidence_demotion_w3,confidence_demotion,3,bytetrack,clip_sample_001,23,False,0.87851,True,high_score_detection,498,False,1.7598097752414081,0.8982634842871724
clip_sample_001_track10_confidence_demotion_w3,confidence_demotion,3,bytetrack,clip_sample_001,24,False,0.88844,True,high_score_detection,498,False,4.309331634636603,0.8982198951211059
clip_sample_001_track10_confidence_demotion_w3,confidence_demotion,3,bytetrack,clip_sample_001,25,False,0.88674,True,high_score_detection,498,False,2.734801130613415,0.9162421150983827
clip_sample_001_track10_confidence_demotion_w3,confidence_demotion,3,bytetrack,clip_sample_001,26,False,0.87672,True,high_score_detection,498,True,2.2316223546439007,0.9330705851531689
clip_sample_001_track10_confidence_demotion_w3,confidence_demotion,3,bytetrack,clip_sample_001,27,True,0.89502,True,low_score_detection,498,True,1.687668281636662,0.9695715827605793
clip_sample_001_track10_confidence_demotion_w3,confidence_demotion,3,bytetrack,clip_sample_001,28,True,0.88569,True,low_score_detection,498,True,1.8562642768608548,0.9752535637318451
clip_sample_001_track10_confidence_demotion_w3,confidence_demotion,3,bytetrack,clip_sample_001,29,True,0.87576,True,low_score_detection,498,True,2.5048703987167937,0.9711289842615428
clip_sample_001_track10_confidence_demotion_w3,confidence_demotion,3,bytetrack,clip_sample_001,30,False,0.87136,True,high_score_detection,498,True,4.4359968290482525,0.9499121426545818
clip_sample_001_track10_confidence_demotion_w3,confidence_demotion,3,bytetrack,clip_sample_001,31,False,0.80445,True,high_score_detection,498,True,3.3766439881241888,0.951885359683796
clip_sample_001_track10_confidence_demotion_w3,confidence_demotion,3,bytetrack,clip_sample_001,32,False,0.83294,True,high_score_detection,498,True,1.9270437113416061,0.962628154648862
clip_sample_001_track10_confidence_demotion_w3,confidence_demotion,3,bytetrack,clip_sample_001,33,False,0.80248,True,high_score_detection,498,True,2.0967104426567635,0.9568416234258126
clip_sample_001_track10_confidence_demotion_w3,confidence_demotion,3,bytetrack,clip_sample_001,34,False,0.68675,True,high_score_detection,498,True,2.800624510301007,0.9339267589872289
clip_sample_001_track10_confidence_demotion_w3,confidence_demotion,3,bytetrack,clip_sample_001,35,False,0.7785,True,high_score_detection,498,True,1.689588727466698,0.9743665939620714
clip_sample_001_track10_confidence_demotion_w3,confidence_demotion,3,bytetrack,clip_sample_001,36,False,0.06107,True,low_score_detection,498,True,0.36369038709905865,0.9661536246250305
clip_sample_001_track10_complete_absence_w1,complete_absence,1,high_confidence_sort,clip_sample_001,19,False,0.77908,True,high_score_detection,523,False,0.0,0.9999999999999992
clip_sample_001_track10_complete_absence_w1,complete_absence,1,high_confidence_sort,clip_sample_001,20,False,0.78401,True,high_score_detection,523,False,0.35002752424787215,0.9315588231460323
clip_sample_001_track10_complete_absence_w1,complete_absence,1,high_confidence_sort,clip_sample_001,21,False,0.83691,True,high_score_detection,523,False,0.3907542022269079,0.9085546476992101
clip_sample_001_track10_complete_absence_w1,complete_absence,1,high_confidence_sort,clip_sample_001,22,False,0.87314,True,high_score_detection,523,False,1.368534350593589,0.897736084669585
clip_sample_001_track10_complete_absence_w1,complete_absence,1,high_confidence_sort,clip_sample_001,23,False,0.87851,True,high_score_detection,523,False,1.7598097752414081,0.8982634842871724
clip_sample_001_track10_complete_absence_w1,complete_absence,1,high_confidence_sort,clip_sample_001,24,False,0.88844,True,high_score_detection,523,False,4.309331634636603,0.8982198951211059
clip_sample_001_track10_complete_absence_w1,complete_absence,1,high_confidence_sort,clip_sample_001,25,False,0.88674,True,high_score_detection,523,False,2.734801130613415,0.9162421150983827
clip_sample_001_track10_complete_absence_w1,complete_absence,1,high_confidence_sort,clip_sample_001,26,False,0.87672,True,high_score_detection,523,False,2.2316223546439007,0.9330705851531689
clip_sample_001_track10_complete_absence_w1,complete_absence,1,high_confidence_sort,clip_sample_001,27,False,0.89502,True,high_score_detection,523,True,1.687668281636662,0.9695715827605793
clip_sample_001_track10_complete_absence_w1,complete_absence,1,high_confidence_sort,clip_sample_001,28,True,0.88569,True,motion_prediction,523,True,3.3603586790631574,0.9576972593048041
clip_sample_001_track10_complete_absence_w1,complete_absence,1,high_confidence_sort,clip_sample_001,29,False,0.87576,True,high_score_detection,523,True,2.623748311815657,0.9706637914292672
clip_sample_001_track10_complete_absence_w1,complete_absence,1,high_confidence_sort,clip_sample_001,30,False,0.87136,True,high_score_detection,523,True,4.062399603455232,0.955027395250352
clip_sample_001_track10_complete_absence_w1,complete_absence,1,high_confidence_sort,clip_sample_001,31,False,0.80445,True,high_score_detection,523,True,2.9638183912903493,0.9571071797182943
clip_sample_001_track10_complete_absence_w1,complete_absence,1,high_confidence_sort,clip_sample_001,32,False,0.83294,True,high_score_detection,523,True,1.6043257551554824,0.9672846323567168
clip_sample_001_track10_complete_absence_w1,complete_absence,1,high_confidence_sort,clip_sample_001,33,False,0.80248,True,high_score_detection,523,True,1.8417775839831978,0.9607007437021148
clip_sample_001_track10_complete_absence_w1,complete_absence,1,high_confidence_sort,clip_sample_001,34,False,0.68675,True,high_score_detection,523,True,2.6066945407829003,0.9377299434423386
clip_sample_001_track10_complete_absence_w1,complete_absence,1,high_confidence_sort,clip_sample_001,35,False,0.7785,True,high_score_detection,523,True,1.547611355631452,0.9762522758574871
clip_sample_001_track10_complete_absence_w1,complete_absence,1,high_confidence_sort,clip_sample_001,36,False,0.06107,True,motion_prediction,523,True,0.6043433404688507,0.9532583825457356
clip_sample_001_track10_complete_absence_w1,complete_absence,1,bytetrack,clip_sample_001,19,False,0.77908,True,high_score_detection,525,False,0.0,0.9999999999999992
clip_sample_001_track10_complete_absence_w1,complete_absence,1,bytetrack,clip_sample_001,20,False,0.78401,True,high_score_detection,525,False,0.35002752424787215,0.9315588231460323
clip_sample_001_track10_complete_absence_w1,complete_absence,1,bytetrack,clip_sample_001,21,False,0.83691,True,high_score_detection,525,False,0.3907542022269079,0.9085546476992101
clip_sample_001_track10_complete_absence_w1,complete_absence,1,bytetrack,clip_sample_001,22,False,0.87314,True,high_score_detection,525,False,1.368534350593589,0.897736084669585
clip_sample_001_track10_complete_absence_w1,complete_absence,1,bytetrack,clip_sample_001,23,False,0.87851,True,high_score_detection,525,False,1.7598097752414081,0.8982634842871724
clip_sample_001_track10_complete_absence_w1,complete_absence,1,bytetrack,clip_sample_001,24,False,0.88844,True,high_score_detection,525,False,4.309331634636603,0.8982198951211059
clip_sample_001_track10_complete_absence_w1,complete_absence,1,bytetrack,clip_sample_001,25,False,0.88674,True,high_score_detection,525,False,2.734801130613415,0.9162421150983827
clip_sample_001_track10_complete_absence_w1,complete_absence,1,bytetrack,clip_sample_001,26,False,0.87672,True,high_score_detection,525,False,2.2316223546439007,0.9330705851531689
clip_sample_001_track10_complete_absence_w1,complete_absence,1,bytetrack,clip_sample_001,27,False,0.89502,True,high_score_detection,525,True,1.687668281636662,0.9695715827605793
clip_sample_001_track10_complete_absence_w1,complete_absence,1,bytetrack,clip_sample_001,28,True,0.88569,True,motion_prediction,525,True,3.3603586790631574,0.9576972593048041
clip_sample_001_track10_complete_absence_w1,complete_absence,1,bytetrack,clip_sample_001,29,False,0.87576,True,high_score_detection,525,True,2.623748311815657,0.9706637914292672
clip_sample_001_track10_complete_absence_w1,complete_absence,1,bytetrack,clip_sample_001,30,False,0.87136,True,high_score_detection,525,True,4.062399603455232,0.955027395250352
clip_sample_001_track10_complete_absence_w1,complete_absence,1,bytetrack,clip_sample_001,31,False,0.80445,True,high_score_detection,525,True,2.9638183912903493,0.9571071797182943
clip_sample_001_track10_complete_absence_w1,complete_absence,1,bytetrack,clip_sample_001,32,False,0.83294,True,high_score_detection,525,True,1.6043257551554824,0.9672846323567168
clip_sample_001_track10_complete_absence_w1,complete_absence,1,bytetrack,clip_sample_001,33,False,0.80248,True,high_score_detection,525,True,1.8417775839831978,0.9607007437021148
clip_sample_001_track10_complete_absence_w1,complete_absence,1,bytetrack,clip_sample_001,34,False,0.68675,True,high_score_detection,525,True,2.6066945407829003,0.9377299434423386
clip_sample_001_track10_complete_absence_w1,complete_absence,1,bytetrack,clip_sample_001,35,False,0.7785,True,high_score_detection,525,True,1.547611355631452,0.9762522758574871
clip_sample_001_track10_complete_absence_w1,complete_absence,1,bytetrack,clip_sample_001,36,False,0.06107,True,low_score_detection,525,True,0.4080879795751038,0.9637456643685498
clip_sample_001_track10_complete_absence_w2,complete_absence,2,high_confidence_sort,clip_sample_001,19,False,0.77908,True,high_score_detection,550,False,0.0,0.9999999999999992
clip_sample_001_track10_complete_absence_w2,complete_absence,2,high_confidence_sort,clip_sample_001,20,False,0.78401,True,high_score_detection,550,False,0.35002752424787215,0.9315588231460323
clip_sample_001_track10_complete_absence_w2,complete_absence,2,high_confidence_sort,clip_sample_001,21,False,0.83691,True,high_score_detection,550,False,0.3907542022269079,0.9085546476992101
clip_sample_001_track10_complete_absence_w2,complete_absence,2,high_confidence_sort,clip_sample_001,22,False,0.87314,True,high_score_detection,550,False,1.368534350593589,0.897736084669585
clip_sample_001_track10_complete_absence_w2,complete_absence,2,high_confidence_sort,clip_sample_001,23,False,0.87851,True,high_score_detection,550,False,1.7598097752414081,0.8982634842871724
clip_sample_001_track10_complete_absence_w2,complete_absence,2,high_confidence_sort,clip_sample_001,24,False,0.88844,True,high_score_detection,550,False,4.309331634636603,0.8982198951211059
clip_sample_001_track10_complete_absence_w2,complete_absence,2,high_confidence_sort,clip_sample_001,25,False,0.88674,True,high_score_detection,550,False,2.734801130613415,0.9162421150983827
clip_sample_001_track10_complete_absence_w2,complete_absence,2,high_confidence_sort,clip_sample_001,26,False,0.87672,True,high_score_detection,550,True,2.2316223546439007,0.9330705851531689
clip_sample_001_track10_complete_absence_w2,complete_absence,2,high_confidence_sort,clip_sample_001,27,True,0.89502,True,motion_prediction,550,True,3.121051601490486,0.951932936859562
clip_sample_001_track10_complete_absence_w2,complete_absence,2,high_confidence_sort,clip_sample_001,28,True,0.88569,True,motion_prediction,550,True,5.089307448116478,0.9371465330268894
clip_sample_001_track10_complete_absence_w2,complete_absence,2,high_confidence_sort,clip_sample_001,29,False,0.87576,True,high_score_detection,550,True,2.6539767631483,0.96818027439159
clip_sample_001_track10_complete_absence_w2,complete_absence,2,high_confidence_sort,clip_sample_001,30,False,0.87136,True,high_score_detection,550,True,3.7338988695926165,0.9595751814273297
clip_sample_001_track10_complete_absence_w2,complete_absence,2,high_confidence_sort,clip_sample_001,31,False,0.80445,True,high_score_detection,550,True,2.651542011784048,0.9599719021816846
clip_sample_001_track10_complete_absence_w2,complete_absence,2,high_confidence_sort,clip_sample_001,32,False,0.83294,True,high_score_detection,550,True,1.3754009674720629,0.9696645728805211
clip_sample_001_track10_complete_absence_w2,complete_absence,2,high_confidence_sort,clip_sample_001,33,False,0.80248,True,high_score_detection,550,True,1.6696529072302482,0.9632023990073039
clip_sample_001_track10_complete_absence_w2,complete_absence,2,high_confidence_sort,clip_sample_001,34,False,0.68675,True,high_score_detection,550,True,2.482320459144936,0.9400923391716366
clip_sample_001_track10_complete_absence_w2,complete_absence,2,high_confidence_sort,clip_sample_001,35,False,0.7785,True,high_score_detection,550,True,1.4595716913162038,0.9774288267604089
clip_sample_001_track10_complete_absence_w2,complete_absence,2,high_confidence_sort,clip_sample_001,36,False,0.06107,True,motion_prediction,550,True,0.6556031518389621,0.9513461125525954
clip_sample_001_track10_complete_absence_w2,complete_absence,2,bytetrack,clip_sample_001,19,False,0.77908,True,high_score_detection,552,False,0.0,0.9999999999999992
clip_sample_001_track10_complete_absence_w2,complete_absence,2,bytetrack,clip_sample_001,20,False,0.78401,True,high_score_detection,552,False,0.35002752424787215,0.9315588231460323
clip_sample_001_track10_complete_absence_w2,complete_absence,2,bytetrack,clip_sample_001,21,False,0.83691,True,high_score_detection,552,False,0.3907542022269079,0.9085546476992101
clip_sample_001_track10_complete_absence_w2,complete_absence,2,bytetrack,clip_sample_001,22,False,0.87314,True,high_score_detection,552,False,1.368534350593589,0.897736084669585
clip_sample_001_track10_complete_absence_w2,complete_absence,2,bytetrack,clip_sample_001,23,False,0.87851,True,high_score_detection,552,False,1.7598097752414081,0.8982634842871724
clip_sample_001_track10_complete_absence_w2,complete_absence,2,bytetrack,clip_sample_001,24,False,0.88844,True,high_score_detection,552,False,4.309331634636603,0.8982198951211059
clip_sample_001_track10_complete_absence_w2,complete_absence,2,bytetrack,clip_sample_001,25,False,0.88674,True,high_score_detection,552,False,2.734801130613415,0.9162421150983827
clip_sample_001_track10_complete_absence_w2,complete_absence,2,bytetrack,clip_sample_001,26,False,0.87672,True,high_score_detection,552,True,2.2316223546439007,0.9330705851531689
clip_sample_001_track10_complete_absence_w2,complete_absence,2,bytetrack,clip_sample_001,27,True,0.89502,True,motion_prediction,552,True,3.121051601490486,0.951932936859562
clip_sample_001_track10_complete_absence_w2,complete_absence,2,bytetrack,clip_sample_001,28,True,0.88569,True,motion_prediction,552,True,5.089307448116478,0.9371465330268894
clip_sample_001_track10_complete_absence_w2,complete_absence,2,bytetrack,clip_sample_001,29,False,0.87576,True,high_score_detection,552,True,2.6539767631483,0.96818027439159
clip_sample_001_track10_complete_absence_w2,complete_absence,2,bytetrack,clip_sample_001,30,False,0.87136,True,high_score_detection,552,True,3.7338988695926165,0.9595751814273297
clip_sample_001_track10_complete_absence_w2,complete_absence,2,bytetrack,clip_sample_001,31,False,0.80445,True,high_score_detection,552,True,2.651542011784048,0.9599719021816846
clip_sample_001_track10_complete_absence_w2,complete_absence,2,bytetrack,clip_sample_001,32,False,0.83294,True,high_score_detection,552,True,1.3754009674720629,0.9696645728805211
clip_sample_001_track10_complete_absence_w2,complete_absence,2,bytetrack,clip_sample_001,33,False,0.80248,True,high_score_detection,552,True,1.6696529072302482,0.9632023990073039
clip_sample_001_track10_complete_absence_w2,complete_absence,2,bytetrack,clip_sample_001,34,False,0.68675,True,high_score_detection,552,True,2.482320459144936,0.9400923391716366
clip_sample_001_track10_complete_absence_w2,complete_absence,2,bytetrack,clip_sample_001,35,False,0.7785,True,high_score_detection,552,True,1.4595716913162038,0.9774288267604089
clip_sample_001_track10_complete_absence_w2,complete_absence,2,bytetrack,clip_sample_001,36,False,0.06107,True,low_score_detection,552,True,0.44242859883011704,0.9623720867652042
clip_sample_001_track10_complete_absence_w3,complete_absence,3,high_confidence_sort,clip_sample_001,19,False,0.77908,True,high_score_detection,577,False,0.0,0.9999999999999992
clip_sample_001_track10_complete_absence_w3,complete_absence,3,high_confidence_sort,clip_sample_001,20,False,0.78401,True,high_score_detection,577,False,0.35002752424787215,0.9315588231460323
clip_sample_001_track10_complete_absence_w3,complete_absence,3,high_confidence_sort,clip_sample_001,21,False,0.83691,True,high_score_detection,577,False,0.3907542022269079,0.9085546476992101
clip_sample_001_track10_complete_absence_w3,complete_absence,3,high_confidence_sort,clip_sample_001,22,False,0.87314,True,high_score_detection,577,False,1.368534350593589,0.897736084669585
clip_sample_001_track10_complete_absence_w3,complete_absence,3,high_confidence_sort,clip_sample_001,23,False,0.87851,True,high_score_detection,577,False,1.7598097752414081,0.8982634842871724
clip_sample_001_track10_complete_absence_w3,complete_absence,3,high_confidence_sort,clip_sample_001,24,False,0.88844,True,high_score_detection,577,False,4.309331634636603,0.8982198951211059
clip_sample_001_track10_complete_absence_w3,complete_absence,3,high_confidence_sort,clip_sample_001,25,False,0.88674,True,high_score_detection,577,False,2.734801130613415,0.9162421150983827
clip_sample_001_track10_complete_absence_w3,complete_absence,3,high_confidence_sort,clip_sample_001,26,False,0.87672,True,high_score_detection,577,True,2.2316223546439007,0.9330705851531689
clip_sample_001_track10_complete_absence_w3,complete_absence,3,high_confidence_sort,clip_sample_001,27,True,0.89502,True,motion_prediction,577,True,3.121051601490486,0.951932936859562
clip_sample_001_track10_complete_absence_w3,complete_absence,3,high_confidence_sort,clip_sample_001,28,True,0.88569,True,motion_prediction,577,True,5.089307448116478,0.9371465330268894
clip_sample_001_track10_complete_absence_w3,complete_absence,3,high_confidence_sort,clip_sample_001,29,True,0.87576,True,motion_prediction,577,True,7.196031781432147,0.921732176383159
clip_sample_001_track10_complete_absence_w3,complete_absence,3,high_confidence_sort,clip_sample_001,30,False,0.87136,True,high_score_detection,577,True,3.6749897490876706,0.9611650511189105
clip_sample_001_track10_complete_absence_w3,complete_absence,3,high_confidence_sort,clip_sample_001,31,False,0.80445,True,high_score_detection,577,True,2.250242296366526,0.965972746088897
clip_sample_001_track10_complete_absence_w3,complete_absence,3,high_confidence_sort,clip_sample_001,32,False,0.83294,True,high_score_detection,577,True,1.0540207072832313,0.9752009407792247
clip_sample_001_track10_complete_absence_w3,complete_absence,3,high_confidence_sort,clip_sample_001,33,False,0.80248,True,high_score_detection,577,True,1.3991111071469877,0.968930892323482
clip_sample_001_track10_complete_absence_w3,complete_absence,3,high_confidence_sort,clip_sample_001,34,False,0.68675,True,high_score_detection,577,True,2.2633278700722435,0.9457133417806649
clip_sample_001_track10_complete_absence_w3,complete_absence,3,high_confidence_sort,clip_sample_001,35,False,0.7785,True,high_score_detection,577,True,1.2965822033982823,0.9796190352103483
clip_sample_001_track10_complete_absence_w3,complete_absence,3,high_confidence_sort,clip_sample_001,36,False,0.06107,True,motion_prediction,577,True,0.7775741714708141,0.9465653874282081
clip_sample_001_track10_complete_absence_w3,complete_absence,3,bytetrack,clip_sample_001,19,False,0.77908,True,high_score_detection,579,False,0.0,0.9999999999999992
clip_sample_001_track10_complete_absence_w3,complete_absence,3,bytetrack,clip_sample_001,20,False,0.78401,True,high_score_detection,579,False,0.35002752424787215,0.9315588231460323
clip_sample_001_track10_complete_absence_w3,complete_absence,3,bytetrack,clip_sample_001,21,False,0.83691,True,high_score_detection,579,False,0.3907542022269079,0.9085546476992101
clip_sample_001_track10_complete_absence_w3,complete_absence,3,bytetrack,clip_sample_001,22,False,0.87314,True,high_score_detection,579,False,1.368534350593589,0.897736084669585
clip_sample_001_track10_complete_absence_w3,complete_absence,3,bytetrack,clip_sample_001,23,False,0.87851,True,high_score_detection,579,False,1.7598097752414081,0.8982634842871724
clip_sample_001_track10_complete_absence_w3,complete_absence,3,bytetrack,clip_sample_001,24,False,0.88844,True,high_score_detection,579,False,4.309331634636603,0.8982198951211059
clip_sample_001_track10_complete_absence_w3,complete_absence,3,bytetrack,clip_sample_001,25,False,0.88674,True,high_score_detection,579,False,2.734801130613415,0.9162421150983827
clip_sample_001_track10_complete_absence_w3,complete_absence,3,bytetrack,clip_sample_001,26,False,0.87672,True,high_score_detection,579,True,2.2316223546439007,0.9330705851531689
clip_sample_001_track10_complete_absence_w3,complete_absence,3,bytetrack,clip_sample_001,27,True,0.89502,True,motion_prediction,579,True,3.121051601490486,0.951932936859562
clip_sample_001_track10_complete_absence_w3,complete_absence,3,bytetrack,clip_sample_001,28,True,0.88569,True,motion_prediction,579,True,5.089307448116478,0.9371465330268894
clip_sample_001_track10_complete_absence_w3,complete_absence,3,bytetrack,clip_sample_001,29,True,0.87576,True,low_score_detection,579,True,2.990118007026965,0.962538398953231
clip_sample_001_track10_complete_absence_w3,complete_absence,3,bytetrack,clip_sample_001,30,False,0.87136,True,high_score_detection,579,True,3.934074363543331,0.9555182270439483
clip_sample_001_track10_complete_absence_w3,complete_absence,3,bytetrack,clip_sample_001,31,False,0.80445,True,high_score_detection,579,True,2.7916250981113855,0.9575101019799709
clip_sample_001_track10_complete_absence_w3,complete_absence,3,bytetrack,clip_sample_001,32,False,0.83294,True,high_score_detection,579,True,1.4620709281820434,0.9678514525863872
clip_sample_001_track10_complete_absence_w3,complete_absence,3,bytetrack,clip_sample_001,33,False,0.80248,True,high_score_detection,579,True,1.7337093041318554,0.9617190289393879
clip_sample_001_track10_complete_absence_w3,complete_absence,3,bytetrack,clip_sample_001,34,False,0.68675,True,high_score_detection,579,True,2.530950353232185,0.9389407369570023
clip_sample_001_track10_complete_absence_w3,complete_absence,3,bytetrack,clip_sample_001,35,False,0.7785,True,high_score_detection,579,True,1.494992701075881,0.9767886435569556
clip_sample_001_track10_complete_absence_w3,complete_absence,3,bytetrack,clip_sample_001,36,False,0.06107,True,low_score_detection,579,True,0.42021357124601927,0.9631088916503673
clip_sample_001_track10_complete_absence_w7,complete_absence,7,high_confidence_sort,clip_sample_001,19,False,0.77908,True,high_score_detection,604,False,0.0,0.9999999999999992
clip_sample_001_track10_complete_absence_w7,complete_absence,7,high_confidence_sort,clip_sample_001,20,False,0.78401,True,high_score_detection,604,False,0.35002752424787215,0.9315588231460323
clip_sample_001_track10_complete_absence_w7,complete_absence,7,high_confidence_sort,clip_sample_001,21,False,0.83691,True,high_score_detection,604,False,0.3907542022269079,0.9085546476992101
clip_sample_001_track10_complete_absence_w7,complete_absence,7,high_confidence_sort,clip_sample_001,22,False,0.87314,True,high_score_detection,604,False,1.368534350593589,0.897736084669585
clip_sample_001_track10_complete_absence_w7,complete_absence,7,high_confidence_sort,clip_sample_001,23,False,0.87851,True,high_score_detection,604,False,1.7598097752414081,0.8982634842871724
clip_sample_001_track10_complete_absence_w7,complete_absence,7,high_confidence_sort,clip_sample_001,24,False,0.88844,True,high_score_detection,604,True,4.309331634636603,0.8982198951211059
clip_sample_001_track10_complete_absence_w7,complete_absence,7,high_confidence_sort,clip_sample_001,25,True,0.88674,True,motion_prediction,604,True,6.33632818298573,0.8523285780938213
clip_sample_001_track10_complete_absence_w7,complete_absence,7,high_confidence_sort,clip_sample_001,26,True,0.87672,True,motion_prediction,604,True,8.119931244110989,0.8325115902452142
clip_sample_001_track10_complete_absence_w7,complete_absence,7,high_confidence_sort,clip_sample_001,27,True,0.89502,True,motion_prediction,604,True,10.533044778411346,0.8314793289140464
clip_sample_001_track10_complete_absence_w7,complete_absence,7,high_confidence_sort,clip_sample_001,28,True,0.88569,True,motion_prediction,604,True,13.985344155348086,0.8024080035342704
clip_sample_001_track10_complete_absence_w7,complete_absence,7,high_confidence_sort,clip_sample_001,29,True,0.87576,True,motion_prediction,604,True,16.841931500587055,0.7827032896035486
clip_sample_001_track10_complete_absence_w7,complete_absence,7,high_confidence_sort,clip_sample_001,30,True,0.87136,True,high_score_detection,608,False,198.82890395166402,0.06608541571370569
clip_sample_001_track10_complete_absence_w7,complete_absence,7,high_confidence_sort,clip_sample_001,31,True,0.80445,True,high_score_detection,608,False,193.1889548652229,0.08969941342050804
clip_sample_001_track10_complete_absence_w7,complete_absence,7,high_confidence_sort,clip_sample_001,32,False,0.83294,True,high_score_detection,612,False,0.0,1.0
clip_sample_001_track10_complete_absence_w7,complete_absence,7,high_confidence_sort,clip_sample_001,33,False,0.80248,True,high_score_detection,612,False,0.05906557221338842,0.9921488074962007
clip_sample_001_track10_complete_absence_w7,complete_absence,7,high_confidence_sort,clip_sample_001,34,False,0.68675,True,high_score_detection,612,False,0.13298543283008443,0.9955759939893457
clip_sample_001_track10_complete_absence_w7,complete_absence,7,high_confidence_sort,clip_sample_001,35,False,0.7785,True,high_score_detection,612,False,0.35990496867008825,0.9795568367213089
clip_sample_001_track10_complete_absence_w7,complete_absence,7,high_confidence_sort,clip_sample_001,36,False,0.06107,True,motion_prediction,612,False,3.516633444127736,0.9020568384062615
clip_sample_001_track10_complete_absence_w7,complete_absence,7,bytetrack,clip_sample_001,19,False,0.77908,True,high_score_detection,606,False,0.0,0.9999999999999992
clip_sample_001_track10_complete_absence_w7,complete_absence,7,bytetrack,clip_sample_001,20,False,0.78401,True,high_score_detection,606,False,0.35002752424787215,0.9315588231460323
clip_sample_001_track10_complete_absence_w7,complete_absence,7,bytetrack,clip_sample_001,21,False,0.83691,True,high_score_detection,606,False,0.3907542022269079,0.9085546476992101
clip_sample_001_track10_complete_absence_w7,complete_absence,7,bytetrack,clip_sample_001,22,False,0.87314,True,high_score_detection,606,False,1.368534350593589,0.897736084669585
clip_sample_001_track10_complete_absence_w7,complete_absence,7,bytetrack,clip_sample_001,23,False,0.87851,True,high_score_detection,606,False,1.7598097752414081,0.8982634842871724
clip_sample_001_track10_complete_absence_w7,complete_absence,7,bytetrack,clip_sample_001,24,False,0.88844,True,high_score_detection,606,True,4.309331634636603,0.8982198951211059
clip_sample_001_track10_complete_absence_w7,complete_absence,7,bytetrack,clip_sample_001,25,True,0.88674,True,motion_prediction,606,True,6.33632818298573,0.8523285780938213
clip_sample_001_track10_complete_absence_w7,complete_absence,7,bytetrack,clip_sample_001,26,True,0.87672,True,motion_prediction,606,True,8.119931244110989,0.8325115902452142
clip_sample_001_track10_complete_absence_w7,complete_absence,7,bytetrack,clip_sample_001,27,True,0.89502,True,motion_prediction,606,True,10.533044778411346,0.8314793289140464
clip_sample_001_track10_complete_absence_w7,complete_absence,7,bytetrack,clip_sample_001,28,True,0.88569,True,motion_prediction,606,True,13.985344155348086,0.8024080035342704
clip_sample_001_track10_complete_absence_w7,complete_absence,7,bytetrack,clip_sample_001,29,True,0.87576,True,low_score_detection,606,True,3.099770593482241,0.939602568807176
clip_sample_001_track10_complete_absence_w7,complete_absence,7,bytetrack,clip_sample_001,30,True,0.87136,True,motion_prediction,606,True,7.922820807945645,0.8928268680518202
clip_sample_001_track10_complete_absence_w7,complete_absence,7,bytetrack,clip_sample_001,31,True,0.80445,True,motion_prediction,606,True,9.465054778505547,0.8606398514416368
clip_sample_001_track10_complete_absence_w7,complete_absence,7,bytetrack,clip_sample_001,32,False,0.83294,True,high_score_detection,606,True,3.0996153373756723,0.938444061063571
clip_sample_001_track10_complete_absence_w7,complete_absence,7,bytetrack,clip_sample_001,33,False,0.80248,True,high_score_detection,606,True,2.339377300760946,0.9558507614446515
clip_sample_001_track10_complete_absence_w7,complete_absence,7,bytetrack,clip_sample_001,34,False,0.68675,True,high_score_detection,606,True,2.705865388460625,0.94183635291407
clip_sample_001_track10_complete_absence_w7,complete_absence,7,bytetrack,clip_sample_001,35,False,0.7785,True,high_score_detection,606,True,1.5599989162859658,0.9758529744677307
clip_sample_001_track10_complete_absence_w7,complete_absence,7,bytetrack,clip_sample_001,36,False,0.06107,True,low_score_detection,606,True,0.3978959047231821,0.9620328773922294
clip_sample_011_track31_confidence_demotion_w1,confidence_demotion,1,high_confidence_sort,clip_sample_011,9,False,0.65738,True,high_score_detection,619,False,0.0,0.9999999999999984
clip_sample_011_track31_confidence_demotion_w1,confidence_demotion,1,high_confidence_sort,clip_sample_011,10,False,0.5945,True,high_score_detection,619,False,0.022603966038619708,0.9621754307505596
clip_sample_011_track31_confidence_demotion_w1,confidence_demotion,1,high_confidence_sort,clip_sample_011,11,False,0.69933,True,high_score_detection,619,False,0.1253024853694733,0.9760173128883023
clip_sample_011_track31_confidence_demotion_w1,confidence_demotion,1,high_confidence_sort,clip_sample_011,12,False,0.70641,True,high_score_detection,619,False,0.5336033324966406,0.9517937929903695
clip_sample_011_track31_confidence_demotion_w1,confidence_demotion,1,high_confidence_sort,clip_sample_011,13,False,0.74471,True,high_score_detection,619,False,0.21940794524750856,0.9567199597752009
clip_sample_011_track31_confidence_demotion_w1,confidence_demotion,1,high_confidence_sort,clip_sample_011,14,False,0.6855,True,high_score_detection,619,False,0.844662256308787,0.9175654560974025
clip_sample_011_track31_confidence_demotion_w1,confidence_demotion,1,high_confidence_sort,clip_sample_011,15,False,0.61419,True,high_score_detection,619,False,0.7722816479887105,0.8514959861936389
clip_sample_011_track31_confidence_demotion_w1,confidence_demotion,1,high_confidence_sort,clip_sample_011,16,False,0.53622,True,high_score_detection,619,True,0.7902157375888245,0.9304964522675523
clip_sample_011_track31_confidence_demotion_w1,confidence_demotion,1,high_confidence_sort,clip_sample_011,17,True,0.68444,True,motion_prediction,619,True,4.358060435478253,0.7651047796637287
clip_sample_011_track31_confidence_demotion_w1,confidence_demotion,1,high_confidence_sort,clip_sample_011,18,False,0.51106,True,high_score_detection,619,True,4.574536593890226,0.7549668724017438
clip_sample_011_track31_confidence_demotion_w1,confidence_demotion,1,high_confidence_sort,clip_sample_011,19,False,0.69611,True,high_score_detection,619,True,3.8518356903244175,0.7815939531640612
clip_sample_011_track31_confidence_demotion_w1,confidence_demotion,1,high_confidence_sort,clip_sample_011,20,False,0.72094,True,high_score_detection,619,True,6.487167208815817,0.6814835568854946
clip_sample_011_track31_confidence_demotion_w1,confidence_demotion,1,high_confidence_sort,clip_sample_011,21,False,0.61019,True,high_score_detection,619,True,8.967070900594418,0.5731160050083899
clip_sample_011_track31_confidence_demotion_w1,confidence_demotion,1,high_confidence_sort,clip_sample_011,22,False,0.55677,True,high_score_detection,619,True,9.451116967855416,0.563458996230632
clip_sample_011_track31_confidence_demotion_w1,confidence_demotion,1,high_confidence_sort,clip_sample_011,23,False,0.57911,True,motion_prediction,619,True,21.545320166466997,0.21547159863173812
clip_sample_011_track31_confidence_demotion_w1,confidence_demotion,1,high_confidence_sort,clip_sample_011,26,False,0.07597,True,motion_prediction,619,True,18.571445639276835,0.4708839088314641
clip_sample_011_track31_confidence_demotion_w1,confidence_demotion,1,bytetrack,clip_sample_011,9,False,0.65738,True,high_score_detection,620,False,0.0,0.9999999999999984
clip_sample_011_track31_confidence_demotion_w1,confidence_demotion,1,bytetrack,clip_sample_011,10,False,0.5945,True,high_score_detection,620,False,0.022603966038619708,0.9621754307505596
clip_sample_011_track31_confidence_demotion_w1,confidence_demotion,1,bytetrack,clip_sample_011,11,False,0.69933,True,high_score_detection,620,False,0.1253024853694733,0.9760173128883023
clip_sample_011_track31_confidence_demotion_w1,confidence_demotion,1,bytetrack,clip_sample_011,12,False,0.70641,True,high_score_detection,620,False,0.5336033324966406,0.9517937929903695
clip_sample_011_track31_confidence_demotion_w1,confidence_demotion,1,bytetrack,clip_sample_011,13,False,0.74471,True,high_score_detection,620,False,0.21940794524750856,0.9567199597752009
clip_sample_011_track31_confidence_demotion_w1,confidence_demotion,1,bytetrack,clip_sample_011,14,False,0.6855,True,high_score_detection,620,False,0.844662256308787,0.9175654560974025
clip_sample_011_track31_confidence_demotion_w1,confidence_demotion,1,bytetrack,clip_sample_011,15,False,0.61419,True,high_score_detection,620,False,0.7722816479887105,0.8514959861936389
clip_sample_011_track31_confidence_demotion_w1,confidence_demotion,1,bytetrack,clip_sample_011,16,False,0.53622,True,high_score_detection,620,True,0.7902157375888245,0.9304964522675523
clip_sample_011_track31_confidence_demotion_w1,confidence_demotion,1,bytetrack,clip_sample_011,17,True,0.68444,True,low_score_detection,620,True,2.356564254364687,0.8632318487730974
clip_sample_011_track31_confidence_demotion_w1,confidence_demotion,1,bytetrack,clip_sample_011,18,False,0.51106,True,high_score_detection,620,True,4.73595947053067,0.7439671011138258
clip_sample_011_track31_confidence_demotion_w1,confidence_demotion,1,bytetrack,clip_sample_011,19,False,0.69611,True,high_score_detection,620,True,4.3324829747350675,0.7571610121154531
clip_sample_011_track31_confidence_demotion_w1,confidence_demotion,1,bytetrack,clip_sample_011,20,False,0.72094,True,high_score_detection,620,True,7.154788040313131,0.6549848887853599
clip_sample_011_track31_confidence_demotion_w1,confidence_demotion,1,bytetrack,clip_sample_011,21,False,0.61019,True,high_score_detection,620,True,9.615951585113045,0.5499155207855357
clip_sample_011_track31_confidence_demotion_w1,confidence_demotion,1,bytetrack,clip_sample_011,22,False,0.55677,True,high_score_detection,620,True,9.992663505038818,0.5447718300436242
clip_sample_011_track31_confidence_demotion_w1,confidence_demotion,1,bytetrack,clip_sample_011,23,False,0.57911,True,motion_prediction,620,True,22.112076445557268,0.20323421632205482
clip_sample_011_track31_confidence_demotion_w1,confidence_demotion,1,bytetrack,clip_sample_011,26,False,0.07597,True,motion_prediction,620,True,19.01498556609538,0.4564416389886041
clip_sample_011_track31_confidence_demotion_w2,confidence_demotion,2,high_confidence_sort,clip_sample_011,9,False,0.65738,True,high_score_detection,646,False,0.0,0.9999999999999984
clip_sample_011_track31_confidence_demotion_w2,confidence_demotion,2,high_confidence_sort,clip_sample_011,10,False,0.5945,True,high_score_detection,646,False,0.022603966038619708,0.9621754307505596
clip_sample_011_track31_confidence_demotion_w2,confidence_demotion,2,high_confidence_sort,clip_sample_011,11,False,0.69933,True,high_score_detection,646,False,0.1253024853694733,0.9760173128883023
clip_sample_011_track31_confidence_demotion_w2,confidence_demotion,2,high_confidence_sort,clip_sample_011,12,False,0.70641,True,high_score_detection,646,False,0.5336033324966406,0.9517937929903695
clip_sample_011_track31_confidence_demotion_w2,confidence_demotion,2,high_confidence_sort,clip_sample_011,13,False,0.74471,True,high_score_detection,646,False,0.21940794524750856,0.9567199597752009
clip_sample_011_track31_confidence_demotion_w2,confidence_demotion,2,high_confidence_sort,clip_sample_011,14,False,0.6855,True,high_score_detection,646,False,0.844662256308787,0.9175654560974025
clip_sample_011_track31_confidence_demotion_w2,confidence_demotion,2,high_confidence_sort,clip_sample_011,15,False,0.61419,True,high_score_detection,646,True,0.7722816479887105,0.8514959861936389
clip_sample_011_track31_confidence_demotion_w2,confidence_demotion,2,high_confidence_sort,clip_sample_011,16,True,0.53622,True,motion_prediction,646,True,1.4275393462231452,0.9174943695288867
clip_sample_011_track31_confidence_demotion_w2,confidence_demotion,2,high_confidence_sort,clip_sample_011,17,True,0.68444,True,motion_prediction,646,True,4.6483294472688605,0.7483189976300592
clip_sample_011_track31_confidence_demotion_w2,confidence_demotion,2,high_confidence_sort,clip_sample_011,18,False,0.51106,True,high_score_detection,646,True,3.5455402114326002,0.8004521520737481
clip_sample_011_track31_confidence_demotion_w2,confidence_demotion,2,high_confidence_sort,clip_sample_011,19,False,0.69611,True,high_score_detection,646,True,2.9899513999134446,0.8224785604412025
clip_sample_011_track31_confidence_demotion_w2,confidence_demotion,2,high_confidence_sort,clip_sample_011,20,False,0.72094,True,high_score_detection,646,True,5.805603365921997,0.7098885401969389
clip_sample_011_track31_confidence_demotion_w2,confidence_demotion,2,high_confidence_sort,clip_sample_011,21,False,0.61019,True,high_score_detection,646,True,8.435472036770154,0.59344801129636
clip_sample_011_track31_confidence_demotion_w2,confidence_demotion,2,high_confidence_sort,clip_sample_011,22,False,0.55677,True,high_score_detection,646,True,9.038939189235448,0.5781468199049036
clip_sample_011_track31_confidence_demotion_w2,confidence_demotion,2,high_confidence_sort,clip_sample_011,23,False,0.57911,True,motion_prediction,646,True,21.17427051781592,0.22474631871322756
clip_sample_011_track31_confidence_demotion_w2,confidence_demotion,2,high_confidence_sort,clip_sample_011,26,False,0.07597,True,motion_prediction,646,True,18.40404354306534,0.47900527390026126
clip_sample_011_track31_confidence_demotion_w2,confidence_demotion,2,bytetrack,clip_sample_011,9,False,0.65738,True,high_score_detection,647,False,0.0,0.9999999999999984
clip_sample_011_track31_confidence_demotion_w2,confidence_demotion,2,bytetrack,clip_sample_011,10,False,0.5945,True,high_score_detection,647,False,0.022603966038619708,0.9621754307505596
clip_sample_011_track31_confidence_demotion_w2,confidence_demotion,2,bytetrack,clip_sample_011,11,False,0.69933,True,high_score_detection,647,False,0.1253024853694733,0.9760173128883023
clip_sample_011_track31_confidence_demotion_w2,confidence_demotion,2,bytetrack,clip_sample_011,12,False,0.70641,True,high_score_detection,647,False,0.5336033324966406,0.9517937929903695
clip_sample_011_track31_confidence_demotion_w2,confidence_demotion,2,bytetrack,clip_sample_011,13,False,0.74471,True,high_score_detection,647,False,0.21940794524750856,0.9567199597752009
clip_sample_011_track31_confidence_demotion_w2,confidence_demotion,2,bytetrack,clip_sample_011,14,False,0.6855,True,high_score_detection,647,False,0.844662256308787,0.9175654560974025
clip_sample_011_track31_confidence_demotion_w2,confidence_demotion,2,bytetrack,clip_sample_011,15,False,0.61419,True,high_score_detection,647,True,0.7722816479887105,0.8514959861936389
clip_sample_011_track31_confidence_demotion_w2,confidence_demotion,2,bytetrack,clip_sample_011,16,True,0.53622,True,low_score_detection,647,True,0.7902157375888245,0.9304964522675523
clip_sample_011_track31_confidence_demotion_w2,confidence_demotion,2,bytetrack,clip_sample_011,17,True,0.68444,True,low_score_detection,647,True,2.356564254364687,0.8632318487730974
clip_sample_011_track31_confidence_demotion_w2,confidence_demotion,2,bytetrack,clip_sample_011,18,False,0.51106,True,high_score_detection,647,True,4.73595947053067,0.7439671011138258
clip_sample_011_track31_confidence_demotion_w2,confidence_demotion,2,bytetrack,clip_sample_011,19,False,0.69611,True,high_score_detection,647,True,4.3324829747350675,0.7571610121154531
clip_sample_011_track31_confidence_demotion_w2,confidence_demotion,2,bytetrack,clip_sample_011,20,False,0.72094,True,high_score_detection,647,True,7.154788040313131,0.6549848887853599
clip_sample_011_track31_confidence_demotion_w2,confidence_demotion,2,bytetrack,clip_sample_011,21,False,0.61019,True,high_score_detection,647,True,9.615951585113045,0.5499155207855357
clip_sample_011_track31_confidence_demotion_w2,confidence_demotion,2,bytetrack,clip_sample_011,22,False,0.55677,True,high_score_detection,647,True,9.992663505038818,0.5447718300436242
clip_sample_011_track31_confidence_demotion_w2,confidence_demotion,2,bytetrack,clip_sample_011,23,False,0.57911,True,motion_prediction,647,True,22.112076445557268,0.20323421632205482
clip_sample_011_track31_confidence_demotion_w2,confidence_demotion,2,bytetrack,clip_sample_011,26,False,0.07597,True,motion_prediction,647,True,19.01498556609538,0.4564416389886041
clip_sample_011_track31_confidence_demotion_w3,confidence_demotion,3,high_confidence_sort,clip_sample_011,9,False,0.65738,True,high_score_detection,673,False,0.0,0.9999999999999984
clip_sample_011_track31_confidence_demotion_w3,confidence_demotion,3,high_confidence_sort,clip_sample_011,10,False,0.5945,True,high_score_detection,673,False,0.022603966038619708,0.9621754307505596
clip_sample_011_track31_confidence_demotion_w3,confidence_demotion,3,high_confidence_sort,clip_sample_011,11,False,0.69933,True,high_score_detection,673,False,0.1253024853694733,0.9760173128883023
clip_sample_011_track31_confidence_demotion_w3,confidence_demotion,3,high_confidence_sort,clip_sample_011,12,False,0.70641,True,high_score_detection,673,False,0.5336033324966406,0.9517937929903695
clip_sample_011_track31_confidence_demotion_w3,confidence_demotion,3,high_confidence_sort,clip_sample_011,13,False,0.74471,True,high_score_detection,673,False,0.21940794524750856,0.9567199597752009
clip_sample_011_track31_confidence_demotion_w3,confidence_demotion,3,high_confidence_sort,clip_sample_011,14,False,0.6855,True,high_score_detection,673,False,0.844662256308787,0.9175654560974025
clip_sample_011_track31_confidence_demotion_w3,confidence_demotion,3,high_confidence_sort,clip_sample_011,15,False,0.61419,True,high_score_detection,673,True,0.7722816479887105,0.8514959861936389
clip_sample_011_track31_confidence_demotion_w3,confidence_demotion,3,high_confidence_sort,clip_sample_011,16,True,0.53622,True,motion_prediction,673,True,1.4275393462231452,0.9174943695288867
clip_sample_011_track31_confidence_demotion_w3,confidence_demotion,3,high_confidence_sort,clip_sample_011,17,True,0.68444,True,motion_prediction,673,True,4.6483294472688605,0.7483189976300592
clip_sample_011_track31_confidence_demotion_w3,confidence_demotion,3,high_confidence_sort,clip_sample_011,18,True,0.51106,True,motion_prediction,673,True,11.439617849734232,0.49125362796746525
clip_sample_011_track31_confidence_demotion_w3,confidence_demotion,3,high_confidence_sort,clip_sample_011,19,False,0.69611,True,high_score_detection,673,True,3.837312833854806,0.7694026931601519
clip_sample_011_track31_confidence_demotion_w3,confidence_demotion,3,high_confidence_sort,clip_sample_011,20,False,0.72094,True,high_score_detection,673,True,5.304834578331321,0.7267077371252673
clip_sample_011_track31_confidence_demotion_w3,confidence_demotion,3,high_confidence_sort,clip_sample_011,21,False,0.61019,True,high_score_detection,673,True,7.543467131448783,0.6242645612145127
clip_sample_011_track31_confidence_demotion_w3,confidence_demotion,3,high_confidence_sort,clip_sample_011,22,False,0.55677,True,high_score_detection,673,True,8.175014747550726,0.6074833086268512
clip_sample_011_track31_confidence_demotion_w3,confidence_demotion,3,high_confidence_sort,clip_sample_011,23,False,0.57911,True,motion_prediction,673,True,20.248975331935313,0.24482695417075076
clip_sample_011_track31_confidence_demotion_w3,confidence_demotion,3,high_confidence_sort,clip_sample_011,26,False,0.07597,True,motion_prediction,673,True,17.68500941987354,0.5038279789156714
clip_sample_011_track31_confidence_demotion_w3,confidence_demotion,3,bytetrack,clip_sample_011,9,False,0.65738,True,high_score_detection,674,False,0.0,0.9999999999999984
clip_sample_011_track31_confidence_demotion_w3,confidence_demotion,3,bytetrack,clip_sample_011,10,False,0.5945,True,high_score_detection,674,False,0.022603966038619708,0.9621754307505596
clip_sample_011_track31_confidence_demotion_w3,confidence_demotion,3,bytetrack,clip_sample_011,11,False,0.69933,True,high_score_detection,674,False,0.1253024853694733,0.9760173128883023
clip_sample_011_track31_confidence_demotion_w3,confidence_demotion,3,bytetrack,clip_sample_011,12,False,0.70641,True,high_score_detection,674,False,0.5336033324966406,0.9517937929903695
clip_sample_011_track31_confidence_demotion_w3,confidence_demotion,3,bytetrack,clip_sample_011,13,False,0.74471,True,high_score_detection,674,False,0.21940794524750856,0.9567199597752009
clip_sample_011_track31_confidence_demotion_w3,confidence_demotion,3,bytetrack,clip_sample_011,14,False,0.6855,True,high_score_detection,674,False,0.844662256308787,0.9175654560974025
clip_sample_011_track31_confidence_demotion_w3,confidence_demotion,3,bytetrack,clip_sample_011,15,False,0.61419,True,high_score_detection,674,True,0.7722816479887105,0.8514959861936389
clip_sample_011_track31_confidence_demotion_w3,confidence_demotion,3,bytetrack,clip_sample_011,16,True,0.53622,True,low_score_detection,674,True,0.7902157375888245,0.9304964522675523
clip_sample_011_track31_confidence_demotion_w3,confidence_demotion,3,bytetrack,clip_sample_011,17,True,0.68444,True,low_score_detection,674,True,2.356564254364687,0.8632318487730974
clip_sample_011_track31_confidence_demotion_w3,confidence_demotion,3,bytetrack,clip_sample_011,18,True,0.51106,True,low_score_detection,674,True,6.712964687244939,0.6677126059082498
clip_sample_011_track31_confidence_demotion_w3,confidence_demotion,3,bytetrack,clip_sample_011,19,False,0.69611,True,high_score_detection,674,True,5.658884777096623,0.698137334571728
clip_sample_011_track31_confidence_demotion_w3,confidence_demotion,3,bytetrack,clip_sample_011,20,False,0.72094,True,high_score_detection,674,True,8.15942726447293,0.6222038986807104
clip_sample_011_track31_confidence_demotion_w3,confidence_demotion,3,bytetrack,clip_sample_011,21,False,0.61019,True,high_score_detection,674,True,10.323408795660605,0.5297352036095189
clip_sample_011_track31_confidence_demotion_w3,confidence_demotion,3,bytetrack,clip_sample_011,22,False,0.55677,True,high_score_detection,674,True,10.49071037974773,0.5317536940915165
clip_sample_011_track31_confidence_demotion_w3,confidence_demotion,3,bytetrack,clip_sample_011,23,False,0.57911,True,motion_prediction,674,True,22.662265154826024,0.1944815725459571
clip_sample_011_track31_confidence_demotion_w3,confidence_demotion,3,bytetrack,clip_sample_011,26,False,0.07597,True,motion_prediction,674,True,19.521141891996866,0.4438064307789318
clip_sample_011_track31_complete_absence_w1,complete_absence,1,high_confidence_sort,clip_sample_011,9,False,0.65738,True,high_score_detection,700,False,0.0,0.9999999999999984
clip_sample_011_track31_complete_absence_w1,complete_absence,1,high_confidence_sort,clip_sample_011,10,False,0.5945,True,high_score_detection,700,False,0.022603966038619708,0.9621754307505596
clip_sample_011_track31_complete_absence_w1,complete_absence,1,high_confidence_sort,clip_sample_011,11,False,0.69933,True,high_score_detection,700,False,0.1253024853694733,0.9760173128883023
clip_sample_011_track31_complete_absence_w1,complete_absence,1,high_confidence_sort,clip_sample_011,12,False,0.70641,True,high_score_detection,700,False,0.5336033324966406,0.9517937929903695
clip_sample_011_track31_complete_absence_w1,complete_absence,1,high_confidence_sort,clip_sample_011,13,False,0.74471,True,high_score_detection,700,False,0.21940794524750856,0.9567199597752009
clip_sample_011_track31_complete_absence_w1,complete_absence,1,high_confidence_sort,clip_sample_011,14,False,0.6855,True,high_score_detection,700,False,0.844662256308787,0.9175654560974025
clip_sample_011_track31_complete_absence_w1,complete_absence,1,high_confidence_sort,clip_sample_011,15,False,0.61419,True,high_score_detection,700,False,0.7722816479887105,0.8514959861936389
clip_sample_011_track31_complete_absence_w1,complete_absence,1,high_confidence_sort,clip_sample_011,16,False,0.53622,True,high_score_detection,700,True,0.7902157375888245,0.9304964522675523
clip_sample_011_track31_complete_absence_w1,complete_absence,1,high_confidence_sort,clip_sample_011,17,True,0.68444,True,motion_prediction,700,True,4.358060435478253,0.7651047796637287
clip_sample_011_track31_complete_absence_w1,complete_absence,1,high_confidence_sort,clip_sample_011,18,False,0.51106,True,high_score_detection,700,True,4.574536593890226,0.7549668724017438
clip_sample_011_track31_complete_absence_w1,complete_absence,1,high_confidence_sort,clip_sample_011,19,False,0.69611,True,high_score_detection,700,True,3.8518356903244175,0.7815939531640612
clip_sample_011_track31_complete_absence_w1,complete_absence,1,high_confidence_sort,clip_sample_011,20,False,0.72094,True,high_score_detection,700,True,6.487167208815817,0.6814835568854946
clip_sample_011_track31_complete_absence_w1,complete_absence,1,high_confidence_sort,clip_sample_011,21,False,0.61019,True,high_score_detection,700,True,8.967070900594418,0.5731160050083899
clip_sample_011_track31_complete_absence_w1,complete_absence,1,high_confidence_sort,clip_sample_011,22,False,0.55677,True,high_score_detection,700,True,9.451116967855416,0.563458996230632
clip_sample_011_track31_complete_absence_w1,complete_absence,1,high_confidence_sort,clip_sample_011,23,False,0.57911,True,motion_prediction,700,True,21.545320166466997,0.21547159863173812
clip_sample_011_track31_complete_absence_w1,complete_absence,1,high_confidence_sort,clip_sample_011,26,False,0.07597,True,motion_prediction,700,True,18.571445639276835,0.4708839088314641
clip_sample_011_track31_complete_absence_w1,complete_absence,1,bytetrack,clip_sample_011,9,False,0.65738,True,high_score_detection,701,False,0.0,0.9999999999999984
clip_sample_011_track31_complete_absence_w1,complete_absence,1,bytetrack,clip_sample_011,10,False,0.5945,True,high_score_detection,701,False,0.022603966038619708,0.9621754307505596
clip_sample_011_track31_complete_absence_w1,complete_absence,1,bytetrack,clip_sample_011,11,False,0.69933,True,high_score_detection,701,False,0.1253024853694733,0.9760173128883023
clip_sample_011_track31_complete_absence_w1,complete_absence,1,bytetrack,clip_sample_011,12,False,0.70641,True,high_score_detection,701,False,0.5336033324966406,0.9517937929903695
clip_sample_011_track31_complete_absence_w1,complete_absence,1,bytetrack,clip_sample_011,13,False,0.74471,True,high_score_detection,701,False,0.21940794524750856,0.9567199597752009
clip_sample_011_track31_complete_absence_w1,complete_absence,1,bytetrack,clip_sample_011,14,False,0.6855,True,high_score_detection,701,False,0.844662256308787,0.9175654560974025
clip_sample_011_track31_complete_absence_w1,complete_absence,1,bytetrack,clip_sample_011,15,False,0.61419,True,high_score_detection,701,False,0.7722816479887105,0.8514959861936389
clip_sample_011_track31_complete_absence_w1,complete_absence,1,bytetrack,clip_sample_011,16,False,0.53622,True,high_score_detection,701,True,0.7902157375888245,0.9304964522675523
clip_sample_011_track31_complete_absence_w1,complete_absence,1,bytetrack,clip_sample_011,17,True,0.68444,True,motion_prediction,701,True,4.358060435478253,0.7651047796637287
clip_sample_011_track31_complete_absence_w1,complete_absence,1,bytetrack,clip_sample_011,18,False,0.51106,True,high_score_detection,701,True,4.574536593890226,0.7549668724017438
clip_sample_011_track31_complete_absence_w1,complete_absence,1,bytetrack,clip_sample_011,19,False,0.69611,True,high_score_detection,701,True,3.8518356903244175,0.7815939531640612
clip_sample_011_track31_complete_absence_w1,complete_absence,1,bytetrack,clip_sample_011,20,False,0.72094,True,high_score_detection,701,True,6.487167208815817,0.6814835568854946
clip_sample_011_track31_complete_absence_w1,complete_absence,1,bytetrack,clip_sample_011,21,False,0.61019,True,high_score_detection,701,True,8.967070900594418,0.5731160050083899
clip_sample_011_track31_complete_absence_w1,complete_absence,1,bytetrack,clip_sample_011,22,False,0.55677,True,high_score_detection,701,True,9.451116967855416,0.563458996230632
clip_sample_011_track31_complete_absence_w1,complete_absence,1,bytetrack,clip_sample_011,23,False,0.57911,True,motion_prediction,701,True,21.545320166466997,0.21547159863173812
clip_sample_011_track31_complete_absence_w1,complete_absence,1,bytetrack,clip_sample_011,26,False,0.07597,True,motion_prediction,701,True,18.571445639276835,0.4708839088314641
clip_sample_011_track31_complete_absence_w2,complete_absence,2,high_confidence_sort,clip_sample_011,9,False,0.65738,True,high_score_detection,727,False,0.0,0.9999999999999984
clip_sample_011_track31_complete_absence_w2,complete_absence,2,high_confidence_sort,clip_sample_011,10,False,0.5945,True,high_score_detection,727,False,0.022603966038619708,0.9621754307505596
clip_sample_011_track31_complete_absence_w2,complete_absence,2,high_confidence_sort,clip_sample_011,11,False,0.69933,True,high_score_detection,727,False,0.1253024853694733,0.9760173128883023
clip_sample_011_track31_complete_absence_w2,complete_absence,2,high_confidence_sort,clip_sample_011,12,False,0.70641,True,high_score_detection,727,False,0.5336033324966406,0.9517937929903695
clip_sample_011_track31_complete_absence_w2,complete_absence,2,high_confidence_sort,clip_sample_011,13,False,0.74471,True,high_score_detection,727,False,0.21940794524750856,0.9567199597752009
clip_sample_011_track31_complete_absence_w2,complete_absence,2,high_confidence_sort,clip_sample_011,14,False,0.6855,True,high_score_detection,727,False,0.844662256308787,0.9175654560974025
clip_sample_011_track31_complete_absence_w2,complete_absence,2,high_confidence_sort,clip_sample_011,15,False,0.61419,True,high_score_detection,727,True,0.7722816479887105,0.8514959861936389
clip_sample_011_track31_complete_absence_w2,complete_absence,2,high_confidence_sort,clip_sample_011,16,True,0.53622,True,motion_prediction,727,True,1.4275393462231452,0.9174943695288867
clip_sample_011_track31_complete_absence_w2,complete_absence,2,high_confidence_sort,clip_sample_011,17,True,0.68444,True,motion_prediction,727,True,4.6483294472688605,0.7483189976300592
clip_sample_011_track31_complete_absence_w2,complete_absence,2,high_confidence_sort,clip_sample_011,18,False,0.51106,True,high_score_detection,727,True,3.5455402114326002,0.8004521520737481
clip_sample_011_track31_complete_absence_w2,complete_absence,2,high_confidence_sort,clip_sample_011,19,False,0.69611,True,high_score_detection,727,True,2.9899513999134446,0.8224785604412025
clip_sample_011_track31_complete_absence_w2,complete_absence,2,high_confidence_sort,clip_sample_011,20,False,0.72094,True,high_score_detection,727,True,5.805603365921997,0.7098885401969389
clip_sample_011_track31_complete_absence_w2,complete_absence,2,high_confidence_sort,clip_sample_011,21,False,0.61019,True,high_score_detection,727,True,8.435472036770154,0.59344801129636
clip_sample_011_track31_complete_absence_w2,complete_absence,2,high_confidence_sort,clip_sample_011,22,False,0.55677,True,high_score_detection,727,True,9.038939189235448,0.5781468199049036
clip_sample_011_track31_complete_absence_w2,complete_absence,2,high_confidence_sort,clip_sample_011,23,False,0.57911,True,motion_prediction,727,True,21.17427051781592,0.22474631871322756
clip_sample_011_track31_complete_absence_w2,complete_absence,2,high_confidence_sort,clip_sample_011,26,False,0.07597,True,motion_prediction,727,True,18.40404354306534,0.47900527390026126
clip_sample_011_track31_complete_absence_w2,complete_absence,2,bytetrack,clip_sample_011,9,False,0.65738,True,high_score_detection,728,False,0.0,0.9999999999999984
clip_sample_011_track31_complete_absence_w2,complete_absence,2,bytetrack,clip_sample_011,10,False,0.5945,True,high_score_detection,728,False,0.022603966038619708,0.9621754307505596
clip_sample_011_track31_complete_absence_w2,complete_absence,2,bytetrack,clip_sample_011,11,False,0.69933,True,high_score_detection,728,False,0.1253024853694733,0.9760173128883023
clip_sample_011_track31_complete_absence_w2,complete_absence,2,bytetrack,clip_sample_011,12,False,0.70641,True,high_score_detection,728,False,0.5336033324966406,0.9517937929903695
clip_sample_011_track31_complete_absence_w2,complete_absence,2,bytetrack,clip_sample_011,13,False,0.74471,True,high_score_detection,728,False,0.21940794524750856,0.9567199597752009
clip_sample_011_track31_complete_absence_w2,complete_absence,2,bytetrack,clip_sample_011,14,False,0.6855,True,high_score_detection,728,False,0.844662256308787,0.9175654560974025
clip_sample_011_track31_complete_absence_w2,complete_absence,2,bytetrack,clip_sample_011,15,False,0.61419,True,high_score_detection,728,True,0.7722816479887105,0.8514959861936389
clip_sample_011_track31_complete_absence_w2,complete_absence,2,bytetrack,clip_sample_011,16,True,0.53622,True,motion_prediction,728,True,1.4275393462231452,0.9174943695288867
clip_sample_011_track31_complete_absence_w2,complete_absence,2,bytetrack,clip_sample_011,17,True,0.68444,True,motion_prediction,728,True,4.6483294472688605,0.7483189976300592
clip_sample_011_track31_complete_absence_w2,complete_absence,2,bytetrack,clip_sample_011,18,False,0.51106,True,high_score_detection,728,True,3.5455402114326002,0.8004521520737481
clip_sample_011_track31_complete_absence_w2,complete_absence,2,bytetrack,clip_sample_011,19,False,0.69611,True,high_score_detection,728,True,2.9899513999134446,0.8224785604412025
clip_sample_011_track31_complete_absence_w2,complete_absence,2,bytetrack,clip_sample_011,20,False,0.72094,True,high_score_detection,728,True,5.805603365921997,0.7098885401969389
clip_sample_011_track31_complete_absence_w2,complete_absence,2,bytetrack,clip_sample_011,21,False,0.61019,True,high_score_detection,728,True,8.435472036770154,0.59344801129636
clip_sample_011_track31_complete_absence_w2,complete_absence,2,bytetrack,clip_sample_011,22,False,0.55677,True,high_score_detection,728,True,9.038939189235448,0.5781468199049036
clip_sample_011_track31_complete_absence_w2,complete_absence,2,bytetrack,clip_sample_011,23,False,0.57911,True,motion_prediction,728,True,21.17427051781592,0.22474631871322756
clip_sample_011_track31_complete_absence_w2,complete_absence,2,bytetrack,clip_sample_011,26,False,0.07597,True,motion_prediction,728,True,18.40404354306534,0.47900527390026126
clip_sample_011_track31_complete_absence_w3,complete_absence,3,high_confidence_sort,clip_sample_011,9,False,0.65738,True,high_score_detection,754,False,0.0,0.9999999999999984
clip_sample_011_track31_complete_absence_w3,complete_absence,3,high_confidence_sort,clip_sample_011,10,False,0.5945,True,high_score_detection,754,False,0.022603966038619708,0.9621754307505596
clip_sample_011_track31_complete_absence_w3,complete_absence,3,high_confidence_sort,clip_sample_011,11,False,0.69933,True,high_score_detection,754,False,0.1253024853694733,0.9760173128883023
clip_sample_011_track31_complete_absence_w3,complete_absence,3,high_confidence_sort,clip_sample_011,12,False,0.70641,True,high_score_detection,754,False,0.5336033324966406,0.9517937929903695
clip_sample_011_track31_complete_absence_w3,complete_absence,3,high_confidence_sort,clip_sample_011,13,False,0.74471,True,high_score_detection,754,False,0.21940794524750856,0.9567199597752009
clip_sample_011_track31_complete_absence_w3,complete_absence,3,high_confidence_sort,clip_sample_011,14,False,0.6855,True,high_score_detection,754,False,0.844662256308787,0.9175654560974025
clip_sample_011_track31_complete_absence_w3,complete_absence,3,high_confidence_sort,clip_sample_011,15,False,0.61419,True,high_score_detection,754,True,0.7722816479887105,0.8514959861936389
clip_sample_011_track31_complete_absence_w3,complete_absence,3,high_confidence_sort,clip_sample_011,16,True,0.53622,True,motion_prediction,754,True,1.4275393462231452,0.9174943695288867
clip_sample_011_track31_complete_absence_w3,complete_absence,3,high_confidence_sort,clip_sample_011,17,True,0.68444,True,motion_prediction,754,True,4.6483294472688605,0.7483189976300592
clip_sample_011_track31_complete_absence_w3,complete_absence,3,high_confidence_sort,clip_sample_011,18,True,0.51106,True,motion_prediction,754,True,11.439617849734232,0.49125362796746525
clip_sample_011_track31_complete_absence_w3,complete_absence,3,high_confidence_sort,clip_sample_011,19,False,0.69611,True,high_score_detection,754,True,3.837312833854806,0.7694026931601519
clip_sample_011_track31_complete_absence_w3,complete_absence,3,high_confidence_sort,clip_sample_011,20,False,0.72094,True,high_score_detection,754,True,5.304834578331321,0.7267077371252673
clip_sample_011_track31_complete_absence_w3,complete_absence,3,high_confidence_sort,clip_sample_011,21,False,0.61019,True,high_score_detection,754,True,7.543467131448783,0.6242645612145127
clip_sample_011_track31_complete_absence_w3,complete_absence,3,high_confidence_sort,clip_sample_011,22,False,0.55677,True,high_score_detection,754,True,8.175014747550726,0.6074833086268512
clip_sample_011_track31_complete_absence_w3,complete_absence,3,high_confidence_sort,clip_sample_011,23,False,0.57911,True,motion_prediction,754,True,20.248975331935313,0.24482695417075076
clip_sample_011_track31_complete_absence_w3,complete_absence,3,high_confidence_sort,clip_sample_011,26,False,0.07597,True,motion_prediction,754,True,17.68500941987354,0.5038279789156714
clip_sample_011_track31_complete_absence_w3,complete_absence,3,bytetrack,clip_sample_011,9,False,0.65738,True,high_score_detection,755,False,0.0,0.9999999999999984
clip_sample_011_track31_complete_absence_w3,complete_absence,3,bytetrack,clip_sample_011,10,False,0.5945,True,high_score_detection,755,False,0.022603966038619708,0.9621754307505596
clip_sample_011_track31_complete_absence_w3,complete_absence,3,bytetrack,clip_sample_011,11,False,0.69933,True,high_score_detection,755,False,0.1253024853694733,0.9760173128883023
clip_sample_011_track31_complete_absence_w3,complete_absence,3,bytetrack,clip_sample_011,12,False,0.70641,True,high_score_detection,755,False,0.5336033324966406,0.9517937929903695
clip_sample_011_track31_complete_absence_w3,complete_absence,3,bytetrack,clip_sample_011,13,False,0.74471,True,high_score_detection,755,False,0.21940794524750856,0.9567199597752009
clip_sample_011_track31_complete_absence_w3,complete_absence,3,bytetrack,clip_sample_011,14,False,0.6855,True,high_score_detection,755,False,0.844662256308787,0.9175654560974025
clip_sample_011_track31_complete_absence_w3,complete_absence,3,bytetrack,clip_sample_011,15,False,0.61419,True,high_score_detection,755,True,0.7722816479887105,0.8514959861936389
clip_sample_011_track31_complete_absence_w3,complete_absence,3,bytetrack,clip_sample_011,16,True,0.53622,True,motion_prediction,755,True,1.4275393462231452,0.9174943695288867
clip_sample_011_track31_complete_absence_w3,complete_absence,3,bytetrack,clip_sample_011,17,True,0.68444,True,motion_prediction,755,True,4.6483294472688605,0.7483189976300592
clip_sample_011_track31_complete_absence_w3,complete_absence,3,bytetrack,clip_sample_011,18,True,0.51106,True,low_score_detection,755,True,6.6293083642384145,0.6785495531591961
clip_sample_011_track31_complete_absence_w3,complete_absence,3,bytetrack,clip_sample_011,19,False,0.69611,True,high_score_detection,755,True,4.734900128930597,0.7436184253076447
clip_sample_011_track31_complete_absence_w3,complete_absence,3,bytetrack,clip_sample_011,20,False,0.72094,True,high_score_detection,755,True,7.02117822500481,0.6661576008057173
clip_sample_011_track31_complete_absence_w3,complete_absence,3,bytetrack,clip_sample_011,21,False,0.61019,True,high_score_detection,755,True,9.257993785110186,0.5678636941458769
clip_sample_011_track31_complete_absence_w3,complete_absence,3,bytetrack,clip_sample_011,22,False,0.55677,True,high_score_detection,755,True,9.608268359886598,0.5625019791348237
clip_sample_011_track31_complete_absence_w3,complete_absence,3,bytetrack,clip_sample_011,23,False,0.57911,True,motion_prediction,755,True,21.797257650224665,0.21430904247459798
clip_sample_011_track31_complete_absence_w3,complete_absence,3,bytetrack,clip_sample_011,26,False,0.07597,True,motion_prediction,755,True,18.947382336523074,0.464304712299356
clip_sample_011_track31_complete_absence_w7,complete_absence,7,high_confidence_sort,clip_sample_011,9,False,0.65738,True,high_score_detection,781,False,0.0,0.9999999999999984
clip_sample_011_track31_complete_absence_w7,complete_absence,7,high_confidence_sort,clip_sample_011,10,False,0.5945,True,high_score_detection,781,False,0.022603966038619708,0.9621754307505596
clip_sample_011_track31_complete_absence_w7,complete_absence,7,high_confidence_sort,clip_sample_011,11,False,0.69933,True,high_score_detection,781,False,0.1253024853694733,0.9760173128883023
clip_sample_011_track31_complete_absence_w7,complete_absence,7,high_confidence_sort,clip_sample_011,12,False,0.70641,True,high_score_detection,781,False,0.5336033324966406,0.9517937929903695
clip_sample_011_track31_complete_absence_w7,complete_absence,7,high_confidence_sort,clip_sample_011,13,False,0.74471,True,high_score_detection,781,True,0.21940794524750856,0.9567199597752009
clip_sample_011_track31_complete_absence_w7,complete_absence,7,high_confidence_sort,clip_sample_011,14,True,0.6855,True,motion_prediction,781,True,2.164976013494808,0.8508838010703883
clip_sample_011_track31_complete_absence_w7,complete_absence,7,high_confidence_sort,clip_sample_011,15,True,0.61419,True,motion_prediction,781,True,3.3578411077692913,0.6900937649150649
clip_sample_011_track31_complete_absence_w7,complete_absence,7,high_confidence_sort,clip_sample_011,16,True,0.53622,True,motion_prediction,781,True,1.5962824807801401,0.7395080575171237
clip_sample_011_track31_complete_absence_w7,complete_absence,7,high_confidence_sort,clip_sample_011,17,True,0.68444,True,motion_prediction,781,True,4.735144954439187,0.7204154916627257
clip_sample_011_track31_complete_absence_w7,complete_absence,7,high_confidence_sort,clip_sample_011,18,True,0.51106,True,motion_prediction,781,True,9.980817875041994,0.5781590799054224
clip_sample_011_track31_complete_absence_w7,complete_absence,7,high_confidence_sort,clip_sample_011,19,True,0.69611,False,,,False,,0.0
clip_sample_011_track31_complete_absence_w7,complete_absence,7,high_confidence_sort,clip_sample_011,20,True,0.72094,False,,,False,,0.0
clip_sample_011_track31_complete_absence_w7,complete_absence,7,high_confidence_sort,clip_sample_011,21,False,0.61019,True,high_score_detection,789,False,0.0,0.9999999999999961
clip_sample_011_track31_complete_absence_w7,complete_absence,7,high_confidence_sort,clip_sample_011,22,False,0.55677,True,high_score_detection,789,False,0.20984444351578144,0.9811579181871267
clip_sample_011_track31_complete_absence_w7,complete_absence,7,high_confidence_sort,clip_sample_011,23,False,0.57911,True,high_score_detection,789,False,0.2293078314168246,0.9355981954357471
clip_sample_011_track31_complete_absence_w7,complete_absence,7,high_confidence_sort,clip_sample_011,26,False,0.07597,True,motion_prediction,783,False,48.04348250256926,0.17636740733163803
clip_sample_011_track31_complete_absence_w7,complete_absence,7,bytetrack,clip_sample_011,9,False,0.65738,True,high_score_detection,782,False,0.0,0.9999999999999984
clip_sample_011_track31_complete_absence_w7,complete_absence,7,bytetrack,clip_sample_011,10,False,0.5945,True,high_score_detection,782,False,0.022603966038619708,0.9621754307505596
clip_sample_011_track31_complete_absence_w7,complete_absence,7,bytetrack,clip_sample_011,11,False,0.69933,True,high_score_detection,782,False,0.1253024853694733,0.9760173128883023
clip_sample_011_track31_complete_absence_w7,complete_absence,7,bytetrack,clip_sample_011,12,False,0.70641,True,high_score_detection,782,False,0.5336033324966406,0.9517937929903695
clip_sample_011_track31_complete_absence_w7,complete_absence,7,bytetrack,clip_sample_011,13,False,0.74471,True,high_score_detection,782,True,0.21940794524750856,0.9567199597752009
clip_sample_011_track31_complete_absence_w7,complete_absence,7,bytetrack,clip_sample_011,14,True,0.6855,True,motion_prediction,782,True,2.164976013494808,0.8508838010703883
clip_sample_011_track31_complete_absence_w7,complete_absence,7,bytetrack,clip_sample_011,15,True,0.61419,True,motion_prediction,782,True,3.3578411077692913,0.6900937649150649
clip_sample_011_track31_complete_absence_w7,complete_absence,7,bytetrack,clip_sample_011,16,True,0.53622,True,motion_prediction,782,True,1.5962824807801401,0.7395080575171237
clip_sample_011_track31_complete_absence_w7,complete_absence,7,bytetrack,clip_sample_011,17,True,0.68444,True,motion_prediction,782,True,4.735144954439187,0.7204154916627257
clip_sample_011_track31_complete_absence_w7,complete_absence,7,bytetrack,clip_sample_011,18,True,0.51106,True,low_score_detection,782,True,4.912843927934142,0.7416993848707604
clip_sample_011_track31_complete_absence_w7,complete_absence,7,bytetrack,clip_sample_011,19,True,0.69611,True,motion_prediction,782,True,7.0340531163365645,0.6409468449219284
clip_sample_011_track31_complete_absence_w7,complete_absence,7,bytetrack,clip_sample_011,20,True,0.72094,True,motion_prediction,782,True,15.069548026547002,0.40659413040856085
clip_sample_011_track31_complete_absence_w7,complete_absence,7,bytetrack,clip_sample_011,21,False,0.61019,True,high_score_detection,790,False,0.0,0.9999999999999961
clip_sample_011_track31_complete_absence_w7,complete_absence,7,bytetrack,clip_sample_011,22,False,0.55677,True,high_score_detection,790,False,0.20984444351578144,0.9811579181871267
clip_sample_011_track31_complete_absence_w7,complete_absence,7,bytetrack,clip_sample_011,23,False,0.57911,True,high_score_detection,790,False,0.2293078314168246,0.9355981954357471
clip_sample_011_track31_complete_absence_w7,complete_absence,7,bytetrack,clip_sample_011,26,False,0.07597,True,motion_prediction,782,True,46.34617791966734,0.16145769589898856
clip_sample_011_track32_confidence_demotion_w1,confidence_demotion,1,high_confidence_sort,clip_sample_011,12,False,0.65221,True,high_score_detection,811,False,0.0,0.9999999999999978
clip_sample_011_track32_confidence_demotion_w1,confidence_demotion,1,high_confidence_sort,clip_sample_011,13,False,0.49346,True,motion_prediction,811,False,2.723600558084813,0.9174877388339615
clip_sample_011_track32_confidence_demotion_w1,confidence_demotion,1,high_confidence_sort,clip_sample_011,14,False,0.6228,True,high_score_detection,811,False,0.020366447881082043,0.9810164312191818
clip_sample_011_track32_confidence_demotion_w1,confidence_demotion,1,high_confidence_sort,clip_sample_011,15,False,0.58791,True,high_score_detection,811,False,0.4267794009828771,0.9531183765106619
clip_sample_011_track32_confidence_demotion_w1,confidence_demotion,1,high_confidence_sort,clip_sample_011,16,False,0.68603,True,high_score_detection,811,False,1.0454487508394332,0.9482312767190839
clip_sample_011_track32_confidence_demotion_w1,confidence_demotion,1,high_confidence_sort,clip_sample_011,17,False,0.37631,True,motion_prediction,811,False,6.550596171041287,0.7722686985893024
clip_sample_011_track32_confidence_demotion_w1,confidence_demotion,1,high_confidence_sort,clip_sample_011,18,False,0.59811,True,high_score_detection,811,True,1.3975784672636944,0.8838072536484664
clip_sample_011_track32_confidence_demotion_w1,confidence_demotion,1,high_confidence_sort,clip_sample_011,19,True,0.65812,True,motion_prediction,811,True,9.089215319455993,0.7488468509184871
clip_sample_011_track32_confidence_demotion_w1,confidence_demotion,1,high_confidence_sort,clip_sample_011,20,False,0.78605,True,high_score_detection,811,True,4.511874845676062,0.8375653844996089
clip_sample_011_track32_confidence_demotion_w1,confidence_demotion,1,high_confidence_sort,clip_sample_011,21,False,0.71566,True,high_score_detection,811,True,4.485256379383475,0.8461489498658447
clip_sample_011_track32_confidence_demotion_w1,confidence_demotion,1,high_confidence_sort,clip_sample_011,22,False,0.81238,True,high_score_detection,811,True,4.6099530487997695,0.836670907089157
clip_sample_011_track32_confidence_demotion_w1,confidence_demotion,1,high_confidence_sort,clip_sample_011,23,False,0.62985,True,high_score_detection,811,True,6.088359737369685,0.8499209579690983
clip_sample_011_track32_confidence_demotion_w1,confidence_demotion,1,high_confidence_sort,clip_sample_011,24,False,0.6015,True,high_score_detection,811,True,18.074686118765367,0.5557408842775134
clip_sample_011_track32_confidence_demotion_w1,confidence_demotion,1,high_confidence_sort,clip_sample_011,25,False,0.5355,True,high_score_detection,811,True,18.41107965756943,0.5525724869704522
clip_sample_011_track32_confidence_demotion_w1,confidence_demotion,1,bytetrack,clip_sample_011,12,False,0.65221,True,high_score_detection,812,False,0.0,0.9999999999999978
clip_sample_011_track32_confidence_demotion_w1,confidence_demotion,1,bytetrack,clip_sample_011,13,False,0.49346,True,low_score_detection,812,False,0.07555023948906758,0.9969162418171578
clip_sample_011_track32_confidence_demotion_w1,confidence_demotion,1,bytetrack,clip_sample_011,14,False,0.6228,True,high_score_detection,812,False,0.12053735906712801,0.9748782822493881
clip_sample_011_track32_confidence_demotion_w1,confidence_demotion,1,bytetrack,clip_sample_011,15,False,0.58791,True,high_score_detection,812,False,0.5942192657820202,0.94322015778131
clip_sample_011_track32_confidence_demotion_w1,confidence_demotion,1,bytetrack,clip_sample_011,16,False,0.68603,True,high_score_detection,812,False,1.097553599889858,0.9444956950837456
clip_sample_011_track32_confidence_demotion_w1,confidence_demotion,1,bytetrack,clip_sample_011,17,False,0.37631,True,low_score_detection,812,False,2.610502899043454,0.8849749669158531
clip_sample_011_track32_confidence_demotion_w1,confidence_demotion,1,bytetrack,clip_sample_011,18,False,0.59811,True,high_score_detection,812,True,2.3893639304966046,0.8811422271375946
clip_sample_011_track32_confidence_demotion_w1,confidence_demotion,1,bytetrack,clip_sample_011,19,True,0.65812,True,low_score_detection,812,True,5.586802082300866,0.8453764826491725
clip_sample_011_track32_confidence_demotion_w1,confidence_demotion,1,bytetrack,clip_sample_011,20,False,0.78605,True,high_score_detection,812,True,5.483696980607403,0.8162859937726461
clip_sample_011_track32_confidence_demotion_w1,confidence_demotion,1,bytetrack,clip_sample_011,21,False,0.71566,True,high_score_detection,812,True,6.31175931453332,0.8057267599364148
clip_sample_011_track32_confidence_demotion_w1,confidence_demotion,1,bytetrack,clip_sample_011,22,False,0.81238,True,high_score_detection,812,True,6.288911206158386,0.7981441217384107
clip_sample_011_track32_confidence_demotion_w1,confidence_demotion,1,bytetrack,clip_sample_011,23,False,0.62985,True,high_score_detection,812,True,7.93024700610268,0.8122087357996088
clip_sample_011_track32_confidence_demotion_w1,confidence_demotion,1,bytetrack,clip_sample_011,24,False,0.6015,True,high_score_detection,812,True,20.269644176653756,0.5169651632842711
clip_sample_011_track32_confidence_demotion_w1,confidence_demotion,1,bytetrack,clip_sample_011,25,False,0.5355,True,high_score_detection,812,True,20.53380264881288,0.5138902940884883
clip_sample_011_track32_confidence_demotion_w2,confidence_demotion,2,high_confidence_sort,clip_sample_011,12,False,0.65221,True,high_score_detection,838,False,0.0,0.9999999999999978
clip_sample_011_track32_confidence_demotion_w2,confidence_demotion,2,high_confidence_sort,clip_sample_011,13,False,0.49346,True,motion_prediction,838,False,2.723600558084813,0.9174877388339615
clip_sample_011_track32_confidence_demotion_w2,confidence_demotion,2,high_confidence_sort,clip_sample_011,14,False,0.6228,True,high_score_detection,838,False,0.020366447881082043,0.9810164312191818
clip_sample_011_track32_confidence_demotion_w2,confidence_demotion,2,high_confidence_sort,clip_sample_011,15,False,0.58791,True,high_score_detection,838,False,0.4267794009828771,0.9531183765106619
clip_sample_011_track32_confidence_demotion_w2,confidence_demotion,2,high_confidence_sort,clip_sample_011,16,False,0.68603,True,high_score_detection,838,False,1.0454487508394332,0.9482312767190839
clip_sample_011_track32_confidence_demotion_w2,confidence_demotion,2,high_confidence_sort,clip_sample_011,17,False,0.37631,True,motion_prediction,838,True,6.550596171041287,0.7722686985893024
clip_sample_011_track32_confidence_demotion_w2,confidence_demotion,2,high_confidence_sort,clip_sample_011,18,True,0.59811,True,motion_prediction,838,True,8.547049641065113,0.7504648938056919
clip_sample_011_track32_confidence_demotion_w2,confidence_demotion,2,high_confidence_sort,clip_sample_011,19,True,0.65812,True,motion_prediction,838,True,17.422658314549757,0.5717681816697563
clip_sample_011_track32_confidence_demotion_w2,confidence_demotion,2,high_confidence_sort,clip_sample_011,20,False,0.78605,True,high_score_detection,838,True,1.9226211995078235,0.8910911001399799
clip_sample_011_track32_confidence_demotion_w2,confidence_demotion,2,high_confidence_sort,clip_sample_011,21,False,0.71566,True,high_score_detection,838,True,2.7794211068673706,0.8624768886235218
clip_sample_011_track32_confidence_demotion_w2,confidence_demotion,2,high_confidence_sort,clip_sample_011,22,False,0.81238,True,high_score_detection,838,True,3.4955113731828495,0.8448445919841229
clip_sample_011_track32_confidence_demotion_w2,confidence_demotion,2,high_confidence_sort,clip_sample_011,23,False,0.62985,True,high_score_detection,838,True,5.277122892871069,0.8474913120527887
clip_sample_011_track32_confidence_demotion_w2,confidence_demotion,2,high_confidence_sort,clip_sample_011,24,False,0.6015,True,high_score_detection,838,True,17.563082647387336,0.5630040575361343
clip_sample_011_track32_confidence_demotion_w2,confidence_demotion,2,high_confidence_sort,clip_sample_011,25,False,0.5355,True,high_score_detection,838,True,18.08593380819028,0.5569697182751682
clip_sample_011_track32_confidence_demotion_w2,confidence_demotion,2,bytetrack,clip_sample_011,12,False,0.65221,True,high_score_detection,839,False,0.0,0.9999999999999978
clip_sample_011_track32_confidence_demotion_w2,confidence_demotion,2,bytetrack,clip_sample_011,13,False,0.49346,True,low_score_detection,839,False,0.07555023948906758,0.9969162418171578
clip_sample_011_track32_confidence_demotion_w2,confidence_demotion,2,bytetrack,clip_sample_011,14,False,0.6228,True,high_score_detection,839,False,0.12053735906712801,0.9748782822493881
clip_sample_011_track32_confidence_demotion_w2,confidence_demotion,2,bytetrack,clip_sample_011,15,False,0.58791,True,high_score_detection,839,False,0.5942192657820202,0.94322015778131
clip_sample_011_track32_confidence_demotion_w2,confidence_demotion,2,bytetrack,clip_sample_011,16,False,0.68603,True,high_score_detection,839,False,1.097553599889858,0.9444956950837456
clip_sample_011_track32_confidence_demotion_w2,confidence_demotion,2,bytetrack,clip_sample_011,17,False,0.37631,True,low_score_detection,839,True,2.610502899043454,0.8849749669158531
clip_sample_011_track32_confidence_demotion_w2,confidence_demotion,2,bytetrack,clip_sample_011,18,True,0.59811,True,low_score_detection,839,True,2.3893639304966046,0.8811422271375946
clip_sample_011_track32_confidence_demotion_w2,confidence_demotion,2,bytetrack,clip_sample_011,19,True,0.65812,True,low_score_detection,839,True,5.586802082300866,0.8453764826491725
clip_sample_011_track32_confidence_demotion_w2,confidence_demotion,2,bytetrack,clip_sample_011,20,False,0.78605,True,high_score_detection,839,True,5.483696980607403,0.8162859937726461
clip_sample_011_track32_confidence_demotion_w2,confidence_demotion,2,bytetrack,clip_sample_011,21,False,0.71566,True,high_score_detection,839,True,6.31175931453332,0.8057267599364148
clip_sample_011_track32_confidence_demotion_w2,confidence_demotion,2,bytetrack,clip_sample_011,22,False,0.81238,True,high_score_detection,839,True,6.288911206158386,0.7981441217384107
clip_sample_011_track32_confidence_demotion_w2,confidence_demotion,2,bytetrack,clip_sample_011,23,False,0.62985,True,high_score_detection,839,True,7.93024700610268,0.8122087357996088
clip_sample_011_track32_confidence_demotion_w2,confidence_demotion,2,bytetrack,clip_sample_011,24,False,0.6015,True,high_score_detection,839,True,20.269644176653756,0.5169651632842711
clip_sample_011_track32_confidence_demotion_w2,confidence_demotion,2,bytetrack,clip_sample_011,25,False,0.5355,True,high_score_detection,839,True,20.53380264881288,0.5138902940884883
clip_sample_011_track32_confidence_demotion_w3,confidence_demotion,3,high_confidence_sort,clip_sample_011,12,False,0.65221,True,high_score_detection,865,False,0.0,0.9999999999999978
clip_sample_011_track32_confidence_demotion_w3,confidence_demotion,3,high_confidence_sort,clip_sample_011,13,False,0.49346,True,motion_prediction,865,False,2.723600558084813,0.9174877388339615
clip_sample_011_track32_confidence_demotion_w3,confidence_demotion,3,high_confidence_sort,clip_sample_011,14,False,0.6228,True,high_score_detection,865,False,0.020366447881082043,0.9810164312191818
clip_sample_011_track32_confidence_demotion_w3,confidence_demotion,3,high_confidence_sort,clip_sample_011,15,False,0.58791,True,high_score_detection,865,False,0.4267794009828771,0.9531183765106619
clip_sample_011_track32_confidence_demotion_w3,confidence_demotion,3,high_confidence_sort,clip_sample_011,16,False,0.68603,True,high_score_detection,865,False,1.0454487508394332,0.9482312767190839
clip_sample_011_track32_confidence_demotion_w3,confidence_demotion,3,high_confidence_sort,clip_sample_011,17,False,0.37631,True,motion_prediction,865,True,6.550596171041287,0.7722686985893024
clip_sample_011_track32_confidence_demotion_w3,confidence_demotion,3,high_confidence_sort,clip_sample_011,18,True,0.59811,True,motion_prediction,865,True,8.547049641065113,0.7504648938056919
clip_sample_011_track32_confidence_demotion_w3,confidence_demotion,3,high_confidence_sort,clip_sample_011,19,True,0.65812,True,motion_prediction,865,True,17.422658314549757,0.5717681816697563
clip_sample_011_track32_confidence_demotion_w3,confidence_demotion,3,high_confidence_sort,clip_sample_011,20,True,0.78605,True,motion_prediction,865,True,24.574619510461254,0.43970106015637866
clip_sample_011_track32_confidence_demotion_w3,confidence_demotion,3,high_confidence_sort,clip_sample_011,21,False,0.71566,True,high_score_detection,865,True,1.745938413733391,0.8476916728172744
clip_sample_011_track32_confidence_demotion_w3,confidence_demotion,3,high_confidence_sort,clip_sample_011,22,False,0.81238,True,high_score_detection,865,True,2.1266484204839378,0.8385070280277744
clip_sample_011_track32_confidence_demotion_w3,confidence_demotion,3,high_confidence_sort,clip_sample_011,23,False,0.62985,True,high_score_detection,865,True,4.306476890038347,0.8465844339876801
clip_sample_011_track32_confidence_demotion_w3,confidence_demotion,3,high_confidence_sort,clip_sample_011,24,False,0.6015,True,high_score_detection,865,True,16.554593905932887,0.5793158685740427
clip_sample_011_track32_confidence_demotion_w3,confidence_demotion,3,high_confidence_sort,clip_sample_011,25,False,0.5355,True,high_score_detection,865,True,17.20208591380295,0.5718710019491354
clip_sample_011_track32_confidence_demotion_w3,confidence_demotion,3,bytetrack,clip_sample_011,12,False,0.65221,True,high_score_detection,866,False,0.0,0.9999999999999978
clip_sample_011_track32_confidence_demotion_w3,confidence_demotion,3,bytetrack,clip_sample_011,13,False,0.49346,True,low_score_detection,866,False,0.07555023948906758,0.9969162418171578
clip_sample_011_track32_confidence_demotion_w3,confidence_demotion,3,bytetrack,clip_sample_011,14,False,0.6228,True,high_score_detection,866,False,0.12053735906712801,0.9748782822493881
clip_sample_011_track32_confidence_demotion_w3,confidence_demotion,3,bytetrack,clip_sample_011,15,False,0.58791,True,high_score_detection,866,False,0.5942192657820202,0.94322015778131
clip_sample_011_track32_confidence_demotion_w3,confidence_demotion,3,bytetrack,clip_sample_011,16,False,0.68603,True,high_score_detection,866,False,1.097553599889858,0.9444956950837456
clip_sample_011_track32_confidence_demotion_w3,confidence_demotion,3,bytetrack,clip_sample_011,17,False,0.37631,True,low_score_detection,866,True,2.610502899043454,0.8849749669158531
clip_sample_011_track32_confidence_demotion_w3,confidence_demotion,3,bytetrack,clip_sample_011,18,True,0.59811,True,low_score_detection,866,True,2.3893639304966046,0.8811422271375946
clip_sample_011_track32_confidence_demotion_w3,confidence_demotion,3,bytetrack,clip_sample_011,19,True,0.65812,True,low_score_detection,866,True,5.586802082300866,0.8453764826491725
clip_sample_011_track32_confidence_demotion_w3,confidence_demotion,3,bytetrack,clip_sample_011,20,True,0.78605,True,low_score_detection,866,True,5.483696980607403,0.8162859937726461
clip_sample_011_track32_confidence_demotion_w3,confidence_demotion,3,bytetrack,clip_sample_011,21,False,0.71566,True,high_score_detection,866,True,6.31175931453332,0.8057267599364148
clip_sample_011_track32_confidence_demotion_w3,confidence_demotion,3,bytetrack,clip_sample_011,22,False,0.81238,True,high_score_detection,866,True,6.288911206158386,0.7981441217384107
clip_sample_011_track32_confidence_demotion_w3,confidence_demotion,3,bytetrack,clip_sample_011,23,False,0.62985,True,high_score_detection,866,True,7.93024700610268,0.8122087357996088
clip_sample_011_track32_confidence_demotion_w3,confidence_demotion,3,bytetrack,clip_sample_011,24,False,0.6015,True,high_score_detection,866,True,20.269644176653756,0.5169651632842711
clip_sample_011_track32_confidence_demotion_w3,confidence_demotion,3,bytetrack,clip_sample_011,25,False,0.5355,True,high_score_detection,866,True,20.53380264881288,0.5138902940884883
clip_sample_011_track32_complete_absence_w1,complete_absence,1,high_confidence_sort,clip_sample_011,12,False,0.65221,True,high_score_detection,892,False,0.0,0.9999999999999978
clip_sample_011_track32_complete_absence_w1,complete_absence,1,high_confidence_sort,clip_sample_011,13,False,0.49346,True,motion_prediction,892,False,2.723600558084813,0.9174877388339615
clip_sample_011_track32_complete_absence_w1,complete_absence,1,high_confidence_sort,clip_sample_011,14,False,0.6228,True,high_score_detection,892,False,0.020366447881082043,0.9810164312191818
clip_sample_011_track32_complete_absence_w1,complete_absence,1,high_confidence_sort,clip_sample_011,15,False,0.58791,True,high_score_detection,892,False,0.4267794009828771,0.9531183765106619
clip_sample_011_track32_complete_absence_w1,complete_absence,1,high_confidence_sort,clip_sample_011,16,False,0.68603,True,high_score_detection,892,False,1.0454487508394332,0.9482312767190839
clip_sample_011_track32_complete_absence_w1,complete_absence,1,high_confidence_sort,clip_sample_011,17,False,0.37631,True,motion_prediction,892,False,6.550596171041287,0.7722686985893024
clip_sample_011_track32_complete_absence_w1,complete_absence,1,high_confidence_sort,clip_sample_011,18,False,0.59811,True,high_score_detection,892,True,1.3975784672636944,0.8838072536484664
clip_sample_011_track32_complete_absence_w1,complete_absence,1,high_confidence_sort,clip_sample_011,19,True,0.65812,True,motion_prediction,892,True,9.089215319455993,0.7488468509184871
clip_sample_011_track32_complete_absence_w1,complete_absence,1,high_confidence_sort,clip_sample_011,20,False,0.78605,True,high_score_detection,892,True,4.511874845676062,0.8375653844996089
clip_sample_011_track32_complete_absence_w1,complete_absence,1,high_confidence_sort,clip_sample_011,21,False,0.71566,True,high_score_detection,892,True,4.485256379383475,0.8461489498658447
clip_sample_011_track32_complete_absence_w1,complete_absence,1,high_confidence_sort,clip_sample_011,22,False,0.81238,True,high_score_detection,892,True,4.6099530487997695,0.836670907089157
clip_sample_011_track32_complete_absence_w1,complete_absence,1,high_confidence_sort,clip_sample_011,23,False,0.62985,True,high_score_detection,892,True,6.088359737369685,0.8499209579690983
clip_sample_011_track32_complete_absence_w1,complete_absence,1,high_confidence_sort,clip_sample_011,24,False,0.6015,True,high_score_detection,892,True,18.074686118765367,0.5557408842775134
clip_sample_011_track32_complete_absence_w1,complete_absence,1,high_confidence_sort,clip_sample_011,25,False,0.5355,True,high_score_detection,892,True,18.41107965756943,0.5525724869704522
clip_sample_011_track32_complete_absence_w1,complete_absence,1,bytetrack,clip_sample_011,12,False,0.65221,True,high_score_detection,893,False,0.0,0.9999999999999978
clip_sample_011_track32_complete_absence_w1,complete_absence,1,bytetrack,clip_sample_011,13,False,0.49346,True,low_score_detection,893,False,0.07555023948906758,0.9969162418171578
clip_sample_011_track32_complete_absence_w1,complete_absence,1,bytetrack,clip_sample_011,14,False,0.6228,True,high_score_detection,893,False,0.12053735906712801,0.9748782822493881
clip_sample_011_track32_complete_absence_w1,complete_absence,1,bytetrack,clip_sample_011,15,False,0.58791,True,high_score_detection,893,False,0.5942192657820202,0.94322015778131
clip_sample_011_track32_complete_absence_w1,complete_absence,1,bytetrack,clip_sample_011,16,False,0.68603,True,high_score_detection,893,False,1.097553599889858,0.9444956950837456
clip_sample_011_track32_complete_absence_w1,complete_absence,1,bytetrack,clip_sample_011,17,False,0.37631,True,low_score_detection,893,False,2.610502899043454,0.8849749669158531
clip_sample_011_track32_complete_absence_w1,complete_absence,1,bytetrack,clip_sample_011,18,False,0.59811,True,high_score_detection,893,True,2.3893639304966046,0.8811422271375946
clip_sample_011_track32_complete_absence_w1,complete_absence,1,bytetrack,clip_sample_011,19,True,0.65812,True,motion_prediction,893,True,10.092661298269304,0.7417195402583934
clip_sample_011_track32_complete_absence_w1,complete_absence,1,bytetrack,clip_sample_011,20,False,0.78605,True,high_score_detection,893,True,6.206744504626524,0.8020337651860165
clip_sample_011_track32_complete_absence_w1,complete_absence,1,bytetrack,clip_sample_011,21,False,0.71566,True,high_score_detection,893,True,5.7839310375818,0.8085750038074301
clip_sample_011_track32_complete_absence_w1,complete_absence,1,bytetrack,clip_sample_011,22,False,0.81238,True,high_score_detection,893,True,5.621682169748462,0.8038640109438268
clip_sample_011_track32_complete_absence_w1,complete_absence,1,bytetrack,clip_sample_011,23,False,0.62985,True,high_score_detection,893,True,7.462992016833536,0.8175958899911535
clip_sample_011_track32_complete_absence_w1,complete_absence,1,bytetrack,clip_sample_011,24,False,0.6015,True,high_score_detection,893,True,19.885568641419145,0.5228332928528443
clip_sample_011_track32_complete_absence_w1,complete_absence,1,bytetrack,clip_sample_011,25,False,0.5355,True,high_score_detection,893,True,20.205839223057747,0.5190093478206382
clip_sample_011_track32_complete_absence_w2,complete_absence,2,high_confidence_sort,clip_sample_011,12,False,0.65221,True,high_score_detection,919,False,0.0,0.9999999999999978
clip_sample_011_track32_complete_absence_w2,complete_absence,2,high_confidence_sort,clip_sample_011,13,False,0.49346,True,motion_prediction,919,False,2.723600558084813,0.9174877388339615
clip_sample_011_track32_complete_absence_w2,complete_absence,2,high_confidence_sort,clip_sample_011,14,False,0.6228,True,high_score_detection,919,False,0.020366447881082043,0.9810164312191818
clip_sample_011_track32_complete_absence_w2,complete_absence,2,high_confidence_sort,clip_sample_011,15,False,0.58791,True,high_score_detection,919,False,0.4267794009828771,0.9531183765106619
clip_sample_011_track32_complete_absence_w2,complete_absence,2,high_confidence_sort,clip_sample_011,16,False,0.68603,True,high_score_detection,919,False,1.0454487508394332,0.9482312767190839
clip_sample_011_track32_complete_absence_w2,complete_absence,2,high_confidence_sort,clip_sample_011,17,False,0.37631,True,motion_prediction,919,True,6.550596171041287,0.7722686985893024
clip_sample_011_track32_complete_absence_w2,complete_absence,2,high_confidence_sort,clip_sample_011,18,True,0.59811,True,motion_prediction,919,True,8.547049641065113,0.7504648938056919
clip_sample_011_track32_complete_absence_w2,complete_absence,2,high_confidence_sort,clip_sample_011,19,True,0.65812,True,motion_prediction,919,True,17.422658314549757,0.5717681816697563
clip_sample_011_track32_complete_absence_w2,complete_absence,2,high_confidence_sort,clip_sample_011,20,False,0.78605,True,high_score_detection,919,True,1.9226211995078235,0.8910911001399799
clip_sample_011_track32_complete_absence_w2,complete_absence,2,high_confidence_sort,clip_sample_011,21,False,0.71566,True,high_score_detection,919,True,2.7794211068673706,0.8624768886235218
clip_sample_011_track32_complete_absence_w2,complete_absence,2,high_confidence_sort,clip_sample_011,22,False,0.81238,True,high_score_detection,919,True,3.4955113731828495,0.8448445919841229
clip_sample_011_track32_complete_absence_w2,complete_absence,2,high_confidence_sort,clip_sample_011,23,False,0.62985,True,high_score_detection,919,True,5.277122892871069,0.8474913120527887
clip_sample_011_track32_complete_absence_w2,complete_absence,2,high_confidence_sort,clip_sample_011,24,False,0.6015,True,high_score_detection,919,True,17.563082647387336,0.5630040575361343
clip_sample_011_track32_complete_absence_w2,complete_absence,2,high_confidence_sort,clip_sample_011,25,False,0.5355,True,high_score_detection,919,True,18.08593380819028,0.5569697182751682
clip_sample_011_track32_complete_absence_w2,complete_absence,2,bytetrack,clip_sample_011,12,False,0.65221,True,high_score_detection,920,False,0.0,0.9999999999999978
clip_sample_011_track32_complete_absence_w2,complete_absence,2,bytetrack,clip_sample_011,13,False,0.49346,True,low_score_detection,920,False,0.07555023948906758,0.9969162418171578
clip_sample_011_track32_complete_absence_w2,complete_absence,2,bytetrack,clip_sample_011,14,False,0.6228,True,high_score_detection,920,False,0.12053735906712801,0.9748782822493881
clip_sample_011_track32_complete_absence_w2,complete_absence,2,bytetrack,clip_sample_011,15,False,0.58791,True,high_score_detection,920,False,0.5942192657820202,0.94322015778131
clip_sample_011_track32_complete_absence_w2,complete_absence,2,bytetrack,clip_sample_011,16,False,0.68603,True,high_score_detection,920,False,1.097553599889858,0.9444956950837456
clip_sample_011_track32_complete_absence_w2,complete_absence,2,bytetrack,clip_sample_011,17,False,0.37631,True,low_score_detection,920,True,2.610502899043454,0.8849749669158531
clip_sample_011_track32_complete_absence_w2,complete_absence,2,bytetrack,clip_sample_011,18,True,0.59811,True,motion_prediction,920,True,5.5359720516428474,0.8593417472280962
clip_sample_011_track32_complete_absence_w2,complete_absence,2,bytetrack,clip_sample_011,19,True,0.65812,True,motion_prediction,920,True,13.409476172325949,0.6917282520238875
clip_sample_011_track32_complete_absence_w2,complete_absence,2,bytetrack,clip_sample_011,20,False,0.78605,True,high_score_detection,920,True,4.594438573704742,0.8430022373359255
clip_sample_011_track32_complete_absence_w2,complete_absence,2,bytetrack,clip_sample_011,21,False,0.71566,True,high_score_detection,920,True,4.1745212088814325,0.839597251134156
clip_sample_011_track32_complete_absence_w2,complete_absence,2,bytetrack,clip_sample_011,22,False,0.81238,True,high_score_detection,920,True,4.44826585285962,0.8255097295185414
clip_sample_011_track32_complete_absence_w2,complete_absence,2,bytetrack,clip_sample_011,23,False,0.62985,True,high_score_detection,920,True,6.586167131048861,0.8318784848201249
clip_sample_011_track32_complete_absence_w2,complete_absence,2,bytetrack,clip_sample_011,24,False,0.6015,True,high_score_detection,920,True,19.2362472926483,0.5319574941852361
clip_sample_011_track32_complete_absence_w2,complete_absence,2,bytetrack,clip_sample_011,25,False,0.5355,True,high_score_detection,920,True,19.730549855866904,0.5256980002831042
clip_sample_011_track32_complete_absence_w3,complete_absence,3,high_confidence_sort,clip_sample_011,12,False,0.65221,True,high_score_detection,946,False,0.0,0.9999999999999978
clip_sample_011_track32_complete_absence_w3,complete_absence,3,high_confidence_sort,clip_sample_011,13,False,0.49346,True,motion_prediction,946,False,2.723600558084813,0.9174877388339615
clip_sample_011_track32_complete_absence_w3,complete_absence,3,high_confidence_sort,clip_sample_011,14,False,0.6228,True,high_score_detection,946,False,0.020366447881082043,0.9810164312191818
clip_sample_011_track32_complete_absence_w3,complete_absence,3,high_confidence_sort,clip_sample_011,15,False,0.58791,True,high_score_detection,946,False,0.4267794009828771,0.9531183765106619
clip_sample_011_track32_complete_absence_w3,complete_absence,3,high_confidence_sort,clip_sample_011,16,False,0.68603,True,high_score_detection,946,False,1.0454487508394332,0.9482312767190839
clip_sample_011_track32_complete_absence_w3,complete_absence,3,high_confidence_sort,clip_sample_011,17,False,0.37631,True,motion_prediction,946,True,6.550596171041287,0.7722686985893024
clip_sample_011_track32_complete_absence_w3,complete_absence,3,high_confidence_sort,clip_sample_011,18,True,0.59811,True,motion_prediction,946,True,8.547049641065113,0.7504648938056919
clip_sample_011_track32_complete_absence_w3,complete_absence,3,high_confidence_sort,clip_sample_011,19,True,0.65812,True,motion_prediction,946,True,17.422658314549757,0.5717681816697563
clip_sample_011_track32_complete_absence_w3,complete_absence,3,high_confidence_sort,clip_sample_011,20,True,0.78605,True,motion_prediction,946,True,24.574619510461254,0.43970106015637866
clip_sample_011_track32_complete_absence_w3,complete_absence,3,high_confidence_sort,clip_sample_011,21,False,0.71566,True,high_score_detection,946,True,1.745938413733391,0.8476916728172744
clip_sample_011_track32_complete_absence_w3,complete_absence,3,high_confidence_sort,clip_sample_011,22,False,0.81238,True,high_score_detection,946,True,2.1266484204839378,0.8385070280277744
clip_sample_011_track32_complete_absence_w3,complete_absence,3,high_confidence_sort,clip_sample_011,23,False,0.62985,True,high_score_detection,946,True,4.306476890038347,0.8465844339876801
clip_sample_011_track32_complete_absence_w3,complete_absence,3,high_confidence_sort,clip_sample_011,24,False,0.6015,True,high_score_detection,946,True,16.554593905932887,0.5793158685740427
clip_sample_011_track32_complete_absence_w3,complete_absence,3,high_confidence_sort,clip_sample_011,25,False,0.5355,True,high_score_detection,946,True,17.20208591380295,0.5718710019491354
clip_sample_011_track32_complete_absence_w3,complete_absence,3,bytetrack,clip_sample_011,12,False,0.65221,True,high_score_detection,947,False,0.0,0.9999999999999978
clip_sample_011_track32_complete_absence_w3,complete_absence,3,bytetrack,clip_sample_011,13,False,0.49346,True,low_score_detection,947,False,0.07555023948906758,0.9969162418171578
clip_sample_011_track32_complete_absence_w3,complete_absence,3,bytetrack,clip_sample_011,14,False,0.6228,True,high_score_detection,947,False,0.12053735906712801,0.9748782822493881
clip_sample_011_track32_complete_absence_w3,complete_absence,3,bytetrack,clip_sample_011,15,False,0.58791,True,high_score_detection,947,False,0.5942192657820202,0.94322015778131
clip_sample_011_track32_complete_absence_w3,complete_absence,3,bytetrack,clip_sample_011,16,False,0.68603,True,high_score_detection,947,False,1.097553599889858,0.9444956950837456
clip_sample_011_track32_complete_absence_w3,complete_absence,3,bytetrack,clip_sample_011,17,False,0.37631,True,low_score_detection,947,True,2.610502899043454,0.8849749669158531
clip_sample_011_track32_complete_absence_w3,complete_absence,3,bytetrack,clip_sample_011,18,True,0.59811,True,motion_prediction,947,True,5.5359720516428474,0.8593417472280962
clip_sample_011_track32_complete_absence_w3,complete_absence,3,bytetrack,clip_sample_011,19,True,0.65812,True,motion_prediction,947,True,13.409476172325949,0.6917282520238875
clip_sample_011_track32_complete_absence_w3,complete_absence,3,bytetrack,clip_sample_011,20,True,0.78605,True,motion_prediction,947,True,18.212049564460656,0.5626027536642205
clip_sample_011_track32_complete_absence_w3,complete_absence,3,bytetrack,clip_sample_011,21,False,0.71566,True,high_score_detection,947,True,4.48747790708936,0.8265605978745932
clip_sample_011_track32_complete_absence_w3,complete_absence,3,bytetrack,clip_sample_011,22,False,0.81238,True,high_score_detection,947,True,3.607496191998531,0.8269439868851792
clip_sample_011_track32_complete_absence_w3,complete_absence,3,bytetrack,clip_sample_011,23,False,0.62985,True,high_score_detection,947,True,5.788808942335467,0.8319300607981416
clip_sample_011_track32_complete_absence_w3,complete_absence,3,bytetrack,clip_sample_011,24,False,0.6015,True,high_score_detection,947,True,18.235738508037468,0.5475477588958076
clip_sample_011_track32_complete_absence_w3,complete_absence,3,bytetrack,clip_sample_011,25,False,0.5355,True,high_score_detection,947,True,18.792241520534745,0.5409341358149019
clip_sample_011_track32_complete_absence_w7,complete_absence,7,high_confidence_sort,clip_sample_011,12,False,0.65221,True,high_score_detection,973,False,0.0,0.9999999999999978
clip_sample_011_track32_complete_absence_w7,complete_absence,7,high_confidence_sort,clip_sample_011,13,False,0.49346,True,motion_prediction,973,False,2.723600558084813,0.9174877388339615
clip_sample_011_track32_complete_absence_w7,complete_absence,7,high_confidence_sort,clip_sample_011,14,False,0.6228,True,high_score_detection,973,False,0.020366447881082043,0.9810164312191818
clip_sample_011_track32_complete_absence_w7,complete_absence,7,high_confidence_sort,clip_sample_011,15,False,0.58791,True,high_score_detection,973,True,0.4267794009828771,0.9531183765106619
clip_sample_011_track32_complete_absence_w7,complete_absence,7,high_confidence_sort,clip_sample_011,16,True,0.68603,True,motion_prediction,973,True,3.013088284190026,0.8656520713876648
clip_sample_011_track32_complete_absence_w7,complete_absence,7,high_confidence_sort,clip_sample_011,17,True,0.37631,True,motion_prediction,973,True,3.4408361935432348,0.83274826232857
clip_sample_011_track32_complete_absence_w7,complete_absence,7,high_confidence_sort,clip_sample_011,18,True,0.59811,True,motion_prediction,973,True,6.205746102379711,0.8291403377214349
clip_sample_011_track32_complete_absence_w7,complete_absence,7,high_confidence_sort,clip_sample_011,19,True,0.65812,True,motion_prediction,973,True,14.280252139674507,0.6738838748572465
clip_sample_011_track32_complete_absence_w7,complete_absence,7,high_confidence_sort,clip_sample_011,20,True,0.78605,True,motion_prediction,973,True,19.31968241346541,0.5478898977230473
clip_sample_011_track32_complete_absence_w7,complete_absence,7,high_confidence_sort,clip_sample_011,21,True,0.71566,False,,,False,,0.0
clip_sample_011_track32_complete_absence_w7,complete_absence,7,high_confidence_sort,clip_sample_011,22,True,0.81238,False,,,False,,0.0
clip_sample_011_track32_complete_absence_w7,complete_absence,7,high_confidence_sort,clip_sample_011,23,False,0.62985,True,high_score_detection,979,False,0.0,0.9999999999999983
clip_sample_011_track32_complete_absence_w7,complete_absence,7,high_confidence_sort,clip_sample_011,24,False,0.6015,True,high_score_detection,979,False,0.31670954377149735,0.8937506324420424
clip_sample_011_track32_complete_absence_w7,complete_absence,7,high_confidence_sort,clip_sample_011,25,False,0.5355,True,high_score_detection,979,False,0.22573107195754977,0.9002930152364699
clip_sample_011_track32_complete_absence_w7,complete_absence,7,bytetrack,clip_sample_011,12,False,0.65221,True,high_score_detection,974,False,0.0,0.9999999999999978
clip_sample_011_track32_complete_absence_w7,complete_absence,7,bytetrack,clip_sample_011,13,False,0.49346,True,low_score_detection,974,False,0.07555023948906758,0.9969162418171578
clip_sample_011_track32_complete_absence_w7,complete_absence,7,bytetrack,clip_sample_011,14,False,0.6228,True,high_score_detection,974,False,0.12053735906712801,0.9748782822493881
clip_sample_011_track32_complete_absence_w7,complete_absence,7,bytetrack,clip_sample_011,15,False,0.58791,True,high_score_detection,974,True,0.5942192657820202,0.94322015778131
clip_sample_011_track32_complete_absence_w7,complete_absence,7,bytetrack,clip_sample_011,16,True,0.68603,True,motion_prediction,974,True,2.706219077909655,0.8737118740272444
clip_sample_011_track32_complete_absence_w7,complete_absence,7,bytetrack,clip_sample_011,17,True,0.37631,True,motion_prediction,974,True,4.836848470906756,0.798644570480234
clip_sample_011_track32_complete_absence_w7,complete_absence,7,bytetrack,clip_sample_011,18,True,0.59811,True,motion_prediction,974,True,8.551428361259482,0.7816442996804768
clip_sample_011_track32_complete_absence_w7,complete_absence,7,bytetrack,clip_sample_011,19,True,0.65812,True,motion_prediction,974,True,17.152563364875764,0.6222707491750848
clip_sample_011_track32_complete_absence_w7,complete_absence,7,bytetrack,clip_sample_011,20,True,0.78605,True,motion_prediction,974,True,22.958469062452266,0.4957800205769022
clip_sample_011_track32_complete_absence_w7,complete_absence,7,bytetrack,clip_sample_011,21,True,0.71566,False,,,False,,0.0
clip_sample_011_track32_complete_absence_w7,complete_absence,7,bytetrack,clip_sample_011,22,True,0.81238,False,,,False,,0.0
clip_sample_011_track32_complete_absence_w7,complete_absence,7,bytetrack,clip_sample_011,23,False,0.62985,True,high_score_detection,980,False,0.0,0.9999999999999983
clip_sample_011_track32_complete_absence_w7,complete_absence,7,bytetrack,clip_sample_011,24,False,0.6015,True,high_score_detection,980,False,0.31670954377149735,0.8937506324420424
clip_sample_011_track32_complete_absence_w7,complete_absence,7,bytetrack,clip_sample_011,25,False,0.5355,True,high_score_detection,980,False,0.22573107195754977,0.9002930152364699
