clip,frame_number,timestamp,class,confidence,x1,y1,x2,y2,inference_time_ms,cache_key
clip_sample_001,1,1533151610362404,car,0.91451,3.62,462.1,502.28,640.72,93.29,7a471f26245b58844cb4d0971aa5d924a2e408f6f9efe01b28c6be6365dc7587
clip_sample_001,1,1533151610362404,car,0.8942,536.08,462.99,677.68,556.33,93.29,7a471f26245b58844cb4d0971aa5d924a2e408f6f9efe01b28c6be6365dc7587
clip_sample_001,1,1533151610362404,car,0.8494,1154.1,461.7,1541.08,650.13,93.29,7a471f26245b58844cb4d0971aa5d924a2e408f6f9efe01b28c6be6365dc7587
clip_sample_001,1,1533151610362404,car,0.83519,861.54,451.71,911.01,492.79,93.29,7a471f26245b58844cb4d0971aa5d924a2e408f6f9efe01b28c6be6365dc7587
clip_sample_001,1,1533151610362404,car,0.6906,647.99,434.21,720.91,495.07,93.29,7a471f26245b58844cb4d0971aa5d924a2e408f6f9efe01b28c6be6365dc7587
clip_sample_001,1,1533151610362404,car,0.66833,980.44,448.13,1046.61,496.59,93.29,7a471f26245b58844cb4d0971aa5d924a2e408f6f9efe01b28c6be6365dc7587
clip_sample_001,1,1533151610362404,car,0.47575,770.68,442.21,800.74,470.08,93.29,7a471f26245b58844cb4d0971aa5d924a2e408f6f9efe01b28c6be6365dc7587
clip_sample_001,1,1533151610362404,car,0.2975,814.18,445.82,836.92,463.37,93.29,7a471f26245b58844cb4d0971aa5d924a2e408f6f9efe01b28c6be6365dc7587
clip_sample_001,1,1533151610362404,car,0.2619,483.8,457.51,555.54,529.91,93.29,7a471f26245b58844cb4d0971aa5d924a2e408f6f9efe01b28c6be6365dc7587
clip_sample_001,1,1533151610362404,car,0.24996,934.6,446.31,963.76,477.48,93.29,7a471f26245b58844cb4d0971aa5d924a2e408f6f9efe01b28c6be6365dc7587
clip_sample_001,1,1533151610362404,car,0.24001,721.08,441.14,750.91,477.57,93.29,7a471f26245b58844cb4d0971aa5d924a2e408f6f9efe01b28c6be6365dc7587
clip_sample_001,1,1533151610362404,car,0.21814,911.49,447.16,953.79,471.01,93.29,7a471f26245b58844cb4d0971aa5d924a2e408f6f9efe01b28c6be6365dc7587
clip_sample_001,1,1533151610362404,car,0.21068,486.0,457.26,557.15,527.99,93.29,7a471f26245b58844cb4d0971aa5d924a2e408f6f9efe01b28c6be6365dc7587
clip_sample_001,1,1533151610362404,car,0.1985,951.97,447.31,994.79,482.83,93.29,7a471f26245b58844cb4d0971aa5d924a2e408f6f9efe01b28c6be6365dc7587
clip_sample_001,1,1533151610362404,car,0.18252,726.05,443.8,758.5,477.34,93.29,7a471f26245b58844cb4d0971aa5d924a2e408f6f9efe01b28c6be6365dc7587
clip_sample_001,1,1533151610362404,car,0.13111,1139.44,448.78,1191.05,518.52,93.29,7a471f26245b58844cb4d0971aa5d924a2e408f6f9efe01b28c6be6365dc7587
clip_sample_001,1,1533151610362404,car,0.09888,1236.24,435.22,1299.22,471.2,93.29,7a471f26245b58844cb4d0971aa5d924a2e408f6f9efe01b28c6be6365dc7587
clip_sample_001,1,1533151610362404,car,0.09708,951.97,448.91,993.02,491.71,93.29,7a471f26245b58844cb4d0971aa5d924a2e408f6f9efe01b28c6be6365dc7587
clip_sample_001,1,1533151610362404,car,0.09479,1238.55,433.32,1297.42,466.06,93.29,7a471f26245b58844cb4d0971aa5d924a2e408f6f9efe01b28c6be6365dc7587
clip_sample_001,1,1533151610362404,car,0.09187,409.14,475.05,489.88,528.08,93.29,7a471f26245b58844cb4d0971aa5d924a2e408f6f9efe01b28c6be6365dc7587
clip_sample_001,1,1533151610362404,traffic light,0.08972,1196.23,296.53,1228.16,334.48,93.29,7a471f26245b58844cb4d0971aa5d924a2e408f6f9efe01b28c6be6365dc7587
clip_sample_001,1,1533151610362404,car,0.08137,696.81,445.13,723.23,492.37,93.29,7a471f26245b58844cb4d0971aa5d924a2e408f6f9efe01b28c6be6365dc7587
clip_sample_001,1,1533151610362404,car,0.07984,1083.54,452.38,1134.7,483.03,93.29,7a471f26245b58844cb4d0971aa5d924a2e408f6f9efe01b28c6be6365dc7587
clip_sample_001,1,1533151610362404,car,0.07414,1125.4,448.66,1146.99,487.14,93.29,7a471f26245b58844cb4d0971aa5d924a2e408f6f9efe01b28c6be6365dc7587
clip_sample_001,1,1533151610362404,truck,0.07255,647.99,434.21,720.91,495.07,93.29,7a471f26245b58844cb4d0971aa5d924a2e408f6f9efe01b28c6be6365dc7587
clip_sample_001,1,1533151610362404,truck,0.06732,1139.44,448.78,1191.05,518.52,93.29,7a471f26245b58844cb4d0971aa5d924a2e408f6f9efe01b28c6be6365dc7587
clip_sample_001,1,1533151610362404,car,0.05996,678.67,438.1,724.51,491.9,93.29,7a471f26245b58844cb4d0971aa5d924a2e408f6f9efe01b28c6be6365dc7587
clip_sample_001,2,1533151610412404,car,0.92236,3.66,462.46,506.83,643.78,90.63,884d8631e338885d26951f964878327a22db2bbe3285cba32b6123b0a7b8bb3a
clip_sample_001,2,1533151610412404,car,0.88396,533.7,463.75,677.41,556.48,90.63,884d8631e338885d26951f964878327a22db2bbe3285cba32b6123b0a7b8bb3a
clip_sample_001,2,1533151610412404,car,0.82276,862.28,451.07,910.9,492.39,90.63,884d8631e338885d26951f964878327a22db2bbe3285cba32b6123b0a7b8bb3a
clip_sample_001,2,1533151610412404,car,0.75438,1161.12,461.74,1556.29,652.32,90.63,884d8631e338885d26951f964878327a22db2bbe3285cba32b6123b0a7b8bb3a
clip_sample_001,2,1533151610412404,car,0.65258,976.44,447.27,1047.73,496.86,90.63,884d8631e338885d26951f964878327a22db2bbe3285cba32b6123b0a7b8bb3a
clip_sample_001,2,1533151610412404,car,0.63868,647.81,432.92,721.0,495.57,90.63,884d8631e338885d26951f964878327a22db2bbe3285cba32b6123b0a7b8bb3a
clip_sample_001,2,1533151610412404,car,0.46852,770.78,442.33,800.78,470.3,90.63,884d8631e338885d26951f964878327a22db2bbe3285cba32b6123b0a7b8bb3a
clip_sample_001,2,1533151610412404,car,0.2937,813.05,447.36,838.21,464.32,90.63,884d8631e338885d26951f964878327a22db2bbe3285cba32b6123b0a7b8bb3a
clip_sample_001,2,1533151610412404,car,0.28594,477.29,457.41,554.59,531.27,90.63,884d8631e338885d26951f964878327a22db2bbe3285cba32b6123b0a7b8bb3a
clip_sample_001,2,1533151610412404,car,0.28094,720.26,441.28,751.62,478.71,90.63,884d8631e338885d26951f964878327a22db2bbe3285cba32b6123b0a7b8bb3a
clip_sample_001,2,1533151610412404,car,0.22631,933.75,446.3,962.19,475.85,90.63,884d8631e338885d26951f964878327a22db2bbe3285cba32b6123b0a7b8bb3a
clip_sample_001,2,1533151610412404,car,0.20789,958.63,447.1,995.74,483.44,90.63,884d8631e338885d26951f964878327a22db2bbe3285cba32b6123b0a7b8bb3a
clip_sample_001,2,1533151610412404,car,0.16609,911.84,446.87,955.41,470.51,90.63,884d8631e338885d26951f964878327a22db2bbe3285cba32b6123b0a7b8bb3a
clip_sample_001,2,1533151610412404,car,0.16122,722.04,443.06,756.85,476.96,90.63,884d8631e338885d26951f964878327a22db2bbe3285cba32b6123b0a7b8bb3a
clip_sample_001,2,1533151610412404,car,0.15783,1236.22,434.56,1301.27,472.56,90.63,884d8631e338885d26951f964878327a22db2bbe3285cba32b6123b0a7b8bb3a
clip_sample_001,2,1533151610412404,car,0.12979,1162.78,462.13,1555.42,652.81,90.63,884d8631e338885d26951f964878327a22db2bbe3285cba32b6123b0a7b8bb3a
clip_sample_001,2,1533151610412404,car,0.11492,1123.36,445.85,1148.48,487.68,90.63,884d8631e338885d26951f964878327a22db2bbe3285cba32b6123b0a7b8bb3a
clip_sample_001,2,1533151610412404,car,0.10232,957.9,448.87,994.28,492.63,90.63,884d8631e338885d26951f964878327a22db2bbe3285cba32b6123b0a7b8bb3a
clip_sample_001,2,1533151610412404,traffic light,0.1023,1200.99,292.95,1231.24,336.99,90.63,884d8631e338885d26951f964878327a22db2bbe3285cba32b6123b0a7b8bb3a
clip_sample_001,2,1533151610412404,car,0.09171,687.23,442.87,723.25,493.39,90.63,884d8631e338885d26951f964878327a22db2bbe3285cba32b6123b0a7b8bb3a
clip_sample_001,2,1533151610412404,truck,0.08186,1139.96,448.34,1192.93,517.41,90.63,884d8631e338885d26951f964878327a22db2bbe3285cba32b6123b0a7b8bb3a
clip_sample_001,2,1533151610412404,car,0.07041,1081.44,451.11,1133.52,482.19,90.63,884d8631e338885d26951f964878327a22db2bbe3285cba32b6123b0a7b8bb3a
clip_sample_001,2,1533151610412404,person,0.06945,1486.83,447.03,1518.04,518.17,90.63,884d8631e338885d26951f964878327a22db2bbe3285cba32b6123b0a7b8bb3a
clip_sample_001,2,1533151610412404,car,0.06556,680.27,437.13,725.14,492.52,90.63,884d8631e338885d26951f964878327a22db2bbe3285cba32b6123b0a7b8bb3a
clip_sample_001,2,1533151610412404,car,0.06421,1139.96,448.34,1192.93,517.41,90.63,884d8631e338885d26951f964878327a22db2bbe3285cba32b6123b0a7b8bb3a
clip_sample_001,2,1533151610412404,car,0.0634,1238.64,433.29,1300.31,466.04,90.63,884d8631e338885d26951f964878327a22db2bbe3285cba32b6123b0a7b8bb3a
clip_sample_001,2,1533151610412404,truck,0.06286,647.81,432.92,721.0,495.57,90.63,884d8631e338885d26951f964878327a22db2bbe3285cba32b6123b0a7b8bb3a
clip_sample_001,2,1533151610412404,car,0.0513,808.01,446.0,828.76,465.44,90.63,884d8631e338885d26951f964878327a22db2bbe3285cba32b6123b0a7b8bb3a
clip_sample_001,3,1533151610512404,car,0.93199,5.98,461.76,513.96,646.06,92.66,f9da850ec77760122801b574839d6c670caeefd9fcd411b9cdba3d37ca04e22a
clip_sample_001,3,1533151610512404,car,0.90723,1168.93,464.48,1581.53,661.95,92.66,f9da850ec77760122801b574839d6c670caeefd9fcd411b9cdba3d37ca04e22a
clip_sample_001,3,1533151610512404,car,0.89631,529.95,464.06,674.79,558.16,92.66,f9da850ec77760122801b574839d6c670caeefd9fcd411b9cdba3d37ca04e22a
clip_sample_001,3,1533151610512404,car,0.8315,862.66,452.44,910.1,492.83,92.66,f9da850ec77760122801b574839d6c670caeefd9fcd411b9cdba3d37ca04e22a
clip_sample_001,3,1533151610512404,car,0.66216,982.34,448.48,1048.26,497.94,92.66,f9da850ec77760122801b574839d6c670caeefd9fcd411b9cdba3d37ca04e22a
clip_sample_001,3,1533151610512404,person,0.51277,1503.93,446.29,1538.16,519.1,92.66,f9da850ec77760122801b574839d6c670caeefd9fcd411b9cdba3d37ca04e22a
clip_sample_001,3,1533151610512404,car,0.49157,769.88,442.89,801.2,470.66,92.66,f9da850ec77760122801b574839d6c670caeefd9fcd411b9cdba3d37ca04e22a
clip_sample_001,3,1533151610512404,car,0.46643,646.86,433.48,720.11,496.41,92.66,f9da850ec77760122801b574839d6c670caeefd9fcd411b9cdba3d37ca04e22a
clip_sample_001,3,1533151610512404,car,0.30103,813.14,445.56,838.38,463.87,92.66,f9da850ec77760122801b574839d6c670caeefd9fcd411b9cdba3d37ca04e22a
clip_sample_001,3,1533151610512404,car,0.24737,472.29,459.21,553.92,532.07,92.66,f9da850ec77760122801b574839d6c670caeefd9fcd411b9cdba3d37ca04e22a
clip_sample_001,3,1533151610512404,car,0.22863,720.0,444.64,751.51,481.02,92.66,f9da850ec77760122801b574839d6c670caeefd9fcd411b9cdba3d37ca04e22a
clip_sample_001,3,1533151610512404,traffic light,0.22108,1210.93,290.96,1238.95,335.93,92.66,f9da850ec77760122801b574839d6c670caeefd9fcd411b9cdba3d37ca04e22a
clip_sample_001,3,1533151610512404,car,0.21878,931.24,446.27,960.26,477.82,92.66,f9da850ec77760122801b574839d6c670caeefd9fcd411b9cdba3d37ca04e22a
clip_sample_001,3,1533151610512404,car,0.19795,957.69,447.43,994.27,484.33,92.66,f9da850ec77760122801b574839d6c670caeefd9fcd411b9cdba3d37ca04e22a
clip_sample_001,3,1533151610512404,car,0.18393,913.84,448.49,955.1,474.25,92.66,f9da850ec77760122801b574839d6c670caeefd9fcd411b9cdba3d37ca04e22a
clip_sample_001,3,1533151610512404,car,0.15159,408.51,477.24,470.61,504.43,92.66,f9da850ec77760122801b574839d6c670caeefd9fcd411b9cdba3d37ca04e22a
clip_sample_001,3,1533151610512404,car,0.13682,1240.83,435.34,1306.36,474.78,92.66,f9da850ec77760122801b574839d6c670caeefd9fcd411b9cdba3d37ca04e22a
clip_sample_001,3,1533151610512404,car,0.12383,956.31,448.87,993.96,493.15,92.66,f9da850ec77760122801b574839d6c670caeefd9fcd411b9cdba3d37ca04e22a
clip_sample_001,3,1533151610512404,car,0.10543,692.08,445.69,722.25,494.12,92.66,f9da850ec77760122801b574839d6c670caeefd9fcd411b9cdba3d37ca04e22a
clip_sample_001,3,1533151610512404,car,0.10466,723.73,444.4,757.27,478.27,92.66,f9da850ec77760122801b574839d6c670caeefd9fcd411b9cdba3d37ca04e22a
clip_sample_001,3,1533151610512404,car,0.0962,492.08,458.26,554.44,525.45,92.66,f9da850ec77760122801b574839d6c670caeefd9fcd411b9cdba3d37ca04e22a
clip_sample_001,3,1533151610512404,car,0.09516,407.39,477.18,467.54,502.39,92.66,f9da850ec77760122801b574839d6c670caeefd9fcd411b9cdba3d37ca04e22a
clip_sample_001,3,1533151610512404,car,0.08112,651.86,443.8,711.01,495.68,92.66,f9da850ec77760122801b574839d6c670caeefd9fcd411b9cdba3d37ca04e22a
clip_sample_001,3,1533151610512404,car,0.07362,690.99,438.64,724.15,493.41,92.66,f9da850ec77760122801b574839d6c670caeefd9fcd411b9cdba3d37ca04e22a
clip_sample_001,3,1533151610512404,truck,0.06655,646.86,433.48,720.11,496.41,92.66,f9da850ec77760122801b574839d6c670caeefd9fcd411b9cdba3d37ca04e22a
clip_sample_001,3,1533151610512404,car,0.06505,634.54,459.59,672.76,499.25,92.66,f9da850ec77760122801b574839d6c670caeefd9fcd411b9cdba3d37ca04e22a
clip_sample_001,3,1533151610512404,car,0.06204,1089.47,451.7,1128.3,482.41,92.66,f9da850ec77760122801b574839d6c670caeefd9fcd411b9cdba3d37ca04e22a
clip_sample_001,3,1533151610512404,car,0.05875,402.47,475.94,509.15,530.9,92.66,f9da850ec77760122801b574839d6c670caeefd9fcd411b9cdba3d37ca04e22a
clip_sample_001,3,1533151610512404,car,0.05764,844.76,450.91,867.77,465.77,92.66,f9da850ec77760122801b574839d6c670caeefd9fcd411b9cdba3d37ca04e22a
clip_sample_001,3,1533151610512404,car,0.05676,1385.75,436.96,1467.15,477.71,92.66,f9da850ec77760122801b574839d6c670caeefd9fcd411b9cdba3d37ca04e22a
clip_sample_001,3,1533151610512404,truck,0.05433,862.66,452.44,910.1,492.83,92.66,f9da850ec77760122801b574839d6c670caeefd9fcd411b9cdba3d37ca04e22a
clip_sample_001,3,1533151610512404,car,0.05416,962.87,448.93,1004.98,488.31,92.66,f9da850ec77760122801b574839d6c670caeefd9fcd411b9cdba3d37ca04e22a
clip_sample_001,3,1533151610512404,car,0.05214,715.96,445.81,750.26,488.92,92.66,f9da850ec77760122801b574839d6c670caeefd9fcd411b9cdba3d37ca04e22a
clip_sample_001,4,1533151610612404,car,0.92161,11.3,461.24,525.71,649.46,92.28,4e607a40858400901657ce555d036dc8ff098d583c1aa57c19c09da2b1ce15bf
clip_sample_001,4,1533151610612404,car,0.9031,1173.59,464.46,1600.0,665.49,92.28,4e607a40858400901657ce555d036dc8ff098d583c1aa57c19c09da2b1ce15bf
clip_sample_001,4,1533151610612404,car,0.86398,520.23,465.41,672.23,559.92,92.28,4e607a40858400901657ce555d036dc8ff098d583c1aa57c19c09da2b1ce15bf
clip_sample_001,4,1533151610612404,car,0.83809,861.27,453.29,908.39,492.86,92.28,4e607a40858400901657ce555d036dc8ff098d583c1aa57c19c09da2b1ce15bf
clip_sample_001,4,1533151610612404,car,0.68584,985.89,448.53,1049.41,499.0,92.28,4e607a40858400901657ce555d036dc8ff098d583c1aa57c19c09da2b1ce15bf
clip_sample_001,4,1533151610612404,car,0.45591,769.43,444.31,799.97,471.12,92.28,4e607a40858400901657ce555d036dc8ff098d583c1aa57c19c09da2b1ce15bf
clip_sample_001,4,1533151610612404,car,0.42393,644.68,435.24,720.02,496.33,92.28,4e607a40858400901657ce555d036dc8ff098d583c1aa57c19c09da2b1ce15bf
clip_sample_001,4,1533151610612404,car,0.25142,399.78,477.3,466.78,505.73,92.28,4e607a40858400901657ce555d036dc8ff098d583c1aa57c19c09da2b1ce15bf
clip_sample_001,4,1533151610612404,car,0.22409,812.18,450.08,836.57,465.74,92.28,4e607a40858400901657ce555d036dc8ff098d583c1aa57c19c09da2b1ce15bf
clip_sample_001,4,1533151610612404,car,0.19226,719.01,445.61,753.01,483.39,92.28,4e607a40858400901657ce555d036dc8ff098d583c1aa57c19c09da2b1ce15bf
clip_sample_001,4,1533151610612404,car,0.17949,911.89,449.76,950.95,473.84,92.28,4e607a40858400901657ce555d036dc8ff098d583c1aa57c19c09da2b1ce15bf
clip_sample_001,4,1533151610612404,car,0.16384,950.17,449.69,994.08,493.94,92.28,4e607a40858400901657ce555d036dc8ff098d583c1aa57c19c09da2b1ce15bf
clip_sample_001,4,1533151610612404,car,0.16039,1249.51,438.41,1312.05,478.14,92.28,4e607a40858400901657ce555d036dc8ff098d583c1aa57c19c09da2b1ce15bf
clip_sample_001,4,1533151610612404,car,0.15848,949.74,447.46,995.77,486.97,92.28,4e607a40858400901657ce555d036dc8ff098d583c1aa57c19c09da2b1ce15bf
clip_sample_001,4,1533151610612404,car,0.15236,936.33,447.81,963.1,478.76,92.28,4e607a40858400901657ce555d036dc8ff098d583c1aa57c19c09da2b1ce15bf
clip_sample_001,4,1533151610612404,traffic light,0.15113,1217.02,289.13,1243.59,332.08,92.28,4e607a40858400901657ce555d036dc8ff098d583c1aa57c19c09da2b1ce15bf
clip_sample_001,4,1533151610612404,car,0.11163,400.76,477.03,462.97,501.37,92.28,4e607a40858400901657ce555d036dc8ff098d583c1aa57c19c09da2b1ce15bf
clip_sample_001,4,1533151610612404,person,0.10542,1515.97,447.08,1554.3,520.56,92.28,4e607a40858400901657ce555d036dc8ff098d583c1aa57c19c09da2b1ce15bf
clip_sample_001,4,1533151610612404,car,0.09398,687.76,448.41,722.68,493.5,92.28,4e607a40858400901657ce555d036dc8ff098d583c1aa57c19c09da2b1ce15bf
clip_sample_001,4,1533151610612404,person,0.08106,1522.14,447.84,1555.41,521.23,92.28,4e607a40858400901657ce555d036dc8ff098d583c1aa57c19c09da2b1ce15bf
clip_sample_001,4,1533151610612404,person,0.08041,266.26,477.61,299.39,512.8,92.28,4e607a40858400901657ce555d036dc8ff098d583c1aa57c19c09da2b1ce15bf
clip_sample_001,4,1533151610612404,car,0.07935,643.64,444.1,719.07,496.42,92.28,4e607a40858400901657ce555d036dc8ff098d583c1aa57c19c09da2b1ce15bf
clip_sample_001,4,1533151610612404,car,0.07758,690.99,440.12,724.88,491.97,92.28,4e607a40858400901657ce555d036dc8ff098d583c1aa57c19c09da2b1ce15bf
clip_sample_001,4,1533151610612404,car,0.07752,495.95,459.4,548.59,498.75,92.28,4e607a40858400901657ce555d036dc8ff098d583c1aa57c19c09da2b1ce15bf
clip_sample_001,4,1533151610612404,car,0.07491,733.31,447.74,759.59,478.67,92.28,4e607a40858400901657ce555d036dc8ff098d583c1aa57c19c09da2b1ce15bf
clip_sample_001,4,1533151610612404,car,0.06636,716.66,449.47,751.04,488.03,92.28,4e607a40858400901657ce555d036dc8ff098d583c1aa57c19c09da2b1ce15bf
clip_sample_001,4,1533151610612404,truck,0.0633,861.27,453.29,908.39,492.86,92.28,4e607a40858400901657ce555d036dc8ff098d583c1aa57c19c09da2b1ce15bf
clip_sample_001,4,1533151610612404,car,0.06042,803.27,447.25,824.47,467.95,92.28,4e607a40858400901657ce555d036dc8ff098d583c1aa57c19c09da2b1ce15bf
clip_sample_001,4,1533151610612404,car,0.05986,1092.13,451.46,1130.73,482.06,92.28,4e607a40858400901657ce555d036dc8ff098d583c1aa57c19c09da2b1ce15bf
clip_sample_001,4,1533151610612404,car,0.05825,646.44,453.07,696.0,498.18,92.28,4e607a40858400901657ce555d036dc8ff098d583c1aa57c19c09da2b1ce15bf
clip_sample_001,4,1533151610612404,car,0.05376,454.41,461.07,545.74,504.33,92.28,4e607a40858400901657ce555d036dc8ff098d583c1aa57c19c09da2b1ce15bf
clip_sample_001,4,1533151610612404,person,0.05085,1471.08,435.35,1492.18,481.42,92.28,4e607a40858400901657ce555d036dc8ff098d583c1aa57c19c09da2b1ce15bf
clip_sample_001,5,1533151610662404,car,0.92984,17.11,460.39,533.46,650.98,89.6,d2776d91b7d5db209f7487f2fc308aa18d25cc0054662a371163874347f619da
clip_sample_001,5,1533151610662404,car,0.9113,1173.43,464.45,1600.0,670.95,89.6,d2776d91b7d5db209f7487f2fc308aa18d25cc0054662a371163874347f619da
clip_sample_001,5,1533151610662404,car,0.85252,523.3,465.78,671.46,559.25,89.6,d2776d91b7d5db209f7487f2fc308aa18d25cc0054662a371163874347f619da
clip_sample_001,5,1533151610662404,car,0.84868,861.6,452.71,908.18,492.71,89.6,d2776d91b7d5db209f7487f2fc308aa18d25cc0054662a371163874347f619da
clip_sample_001,5,1533151610662404,car,0.67101,982.72,448.86,1050.33,499.07,89.6,d2776d91b7d5db209f7487f2fc308aa18d25cc0054662a371163874347f619da
clip_sample_001,5,1533151610662404,car,0.52594,767.65,444.72,800.26,472.04,89.6,d2776d91b7d5db209f7487f2fc308aa18d25cc0054662a371163874347f619da
clip_sample_001,5,1533151610662404,car,0.51643,644.76,435.95,719.11,496.83,89.6,d2776d91b7d5db209f7487f2fc308aa18d25cc0054662a371163874347f619da
clip_sample_001,5,1533151610662404,car,0.27216,812.16,449.85,837.24,465.78,89.6,d2776d91b7d5db209f7487f2fc308aa18d25cc0054662a371163874347f619da
clip_sample_001,5,1533151610662404,person,0.20637,19.63,483.22,56.65,565.63,89.6,d2776d91b7d5db209f7487f2fc308aa18d25cc0054662a371163874347f619da
clip_sample_001,5,1533151610662404,car,0.19934,1252.87,440.17,1311.18,477.98,89.6,d2776d91b7d5db209f7487f2fc308aa18d25cc0054662a371163874347f619da
clip_sample_001,5,1533151610662404,car,0.18859,398.6,477.51,465.4,505.58,89.6,d2776d91b7d5db209f7487f2fc308aa18d25cc0054662a371163874347f619da
clip_sample_001,5,1533151610662404,car,0.17404,717.1,442.69,750.99,484.21,89.6,d2776d91b7d5db209f7487f2fc308aa18d25cc0054662a371163874347f619da
clip_sample_001,5,1533151610662404,car,0.16659,937.02,448.14,964.67,479.04,89.6,d2776d91b7d5db209f7487f2fc308aa18d25cc0054662a371163874347f619da
clip_sample_001,5,1533151610662404,car,0.15409,912.78,449.96,949.96,473.37,89.6,d2776d91b7d5db209f7487f2fc308aa18d25cc0054662a371163874347f619da
clip_sample_001,5,1533151610662404,car,0.13434,949.72,448.12,995.24,485.55,89.6,d2776d91b7d5db209f7487f2fc308aa18d25cc0054662a371163874347f619da
clip_sample_001,5,1533151610662404,car,0.12086,953.6,450.79,994.34,494.76,89.6,d2776d91b7d5db209f7487f2fc308aa18d25cc0054662a371163874347f619da
clip_sample_001,5,1533151610662404,traffic light,0.11199,1221.4,288.38,1248.07,335.05,89.6,d2776d91b7d5db209f7487f2fc308aa18d25cc0054662a371163874347f619da
clip_sample_001,5,1533151610662404,car,0.11006,399.09,477.42,460.69,501.23,89.6,d2776d91b7d5db209f7487f2fc308aa18d25cc0054662a371163874347f619da
clip_sample_001,5,1533151610662404,person,0.104,1218.15,406.75,1251.98,521.4,89.6,d2776d91b7d5db209f7487f2fc308aa18d25cc0054662a371163874347f619da
clip_sample_001,5,1533151610662404,car,0.09069,486.61,458.85,545.8,503.51,89.6,d2776d91b7d5db209f7487f2fc308aa18d25cc0054662a371163874347f619da
clip_sample_001,5,1533151610662404,car,0.08767,805.36,447.93,826.73,468.06,89.6,d2776d91b7d5db209f7487f2fc308aa18d25cc0054662a371163874347f619da
clip_sample_001,5,1533151610662404,car,0.08271,685.01,446.06,721.79,494.36,89.6,d2776d91b7d5db209f7487f2fc308aa18d25cc0054662a371163874347f619da
clip_sample_001,5,1533151610662404,person,0.07982,1527.89,449.67,1563.98,523.07,89.6,d2776d91b7d5db209f7487f2fc308aa18d25cc0054662a371163874347f619da
clip_sample_001,5,1533151610662404,car,0.07935,488.67,458.2,546.96,501.82,89.6,d2776d91b7d5db209f7487f2fc308aa18d25cc0054662a371163874347f619da
clip_sample_001,5,1533151610662404,person,0.07204,268.32,478.58,298.81,511.13,89.6,d2776d91b7d5db209f7487f2fc308aa18d25cc0054662a371163874347f619da
clip_sample_001,5,1533151610662404,car,0.06836,1403.69,436.11,1483.27,476.9,89.6,d2776d91b7d5db209f7487f2fc308aa18d25cc0054662a371163874347f619da
clip_sample_001,5,1533151610662404,car,0.06437,693.09,439.86,725.66,493.1,89.6,d2776d91b7d5db209f7487f2fc308aa18d25cc0054662a371163874347f619da
clip_sample_001,5,1533151610662404,car,0.06341,735.13,445.9,758.68,479.47,89.6,d2776d91b7d5db209f7487f2fc308aa18d25cc0054662a371163874347f619da
clip_sample_001,5,1533151610662404,truck,0.06119,861.6,452.71,908.18,492.71,89.6,d2776d91b7d5db209f7487f2fc308aa18d25cc0054662a371163874347f619da
clip_sample_001,5,1533151610662404,car,0.06003,763.19,444.51,796.54,473.44,89.6,d2776d91b7d5db209f7487f2fc308aa18d25cc0054662a371163874347f619da
clip_sample_001,5,1533151610662404,car,0.0547,713.93,446.79,747.47,488.87,89.6,d2776d91b7d5db209f7487f2fc308aa18d25cc0054662a371163874347f619da
clip_sample_001,5,1533151610662404,truck,0.05443,644.76,435.95,719.11,496.83,89.6,d2776d91b7d5db209f7487f2fc308aa18d25cc0054662a371163874347f619da
clip_sample_001,6,1533151610762404,car,0.92925,1184.9,464.45,1600.0,677.83,95.51,c7cec5152cc1640d6eb80fb7c4d1b21470c246c4aa2c88d381521dd83ebce18b
clip_sample_001,6,1533151610762404,car,0.92598,30.82,460.38,550.39,653.63,95.51,c7cec5152cc1640d6eb80fb7c4d1b21470c246c4aa2c88d381521dd83ebce18b
clip_sample_001,6,1533151610762404,car,0.86315,528.67,464.64,670.2,559.05,95.51,c7cec5152cc1640d6eb80fb7c4d1b21470c246c4aa2c88d381521dd83ebce18b
clip_sample_001,6,1533151610762404,car,0.84986,862.02,453.76,907.5,492.46,95.51,c7cec5152cc1640d6eb80fb7c4d1b21470c246c4aa2c88d381521dd83ebce18b
clip_sample_001,6,1533151610762404,person,0.68164,2.98,478.52,45.14,577.56,95.51,c7cec5152cc1640d6eb80fb7c4d1b21470c246c4aa2c88d381521dd83ebce18b
clip_sample_001,6,1533151610762404,car,0.6213,988.78,450.76,1051.52,500.22,95.51,c7cec5152cc1640d6eb80fb7c4d1b21470c246c4aa2c88d381521dd83ebce18b
clip_sample_001,6,1533151610762404,car,0.50941,645.27,435.46,718.06,496.21,95.51,c7cec5152cc1640d6eb80fb7c4d1b21470c246c4aa2c88d381521dd83ebce18b
clip_sample_001,6,1533151610762404,car,0.5043,768.73,443.78,801.19,471.93,95.51,c7cec5152cc1640d6eb80fb7c4d1b21470c246c4aa2c88d381521dd83ebce18b
clip_sample_001,6,1533151610762404,car,0.20249,717.69,444.89,751.97,484.58,95.51,c7cec5152cc1640d6eb80fb7c4d1b21470c246c4aa2c88d381521dd83ebce18b
clip_sample_001,6,1533151610762404,car,0.1776,1257.16,441.09,1313.15,477.35,95.51,c7cec5152cc1640d6eb80fb7c4d1b21470c246c4aa2c88d381521dd83ebce18b
clip_sample_001,6,1533151610762404,car,0.17505,486.26,457.79,547.14,502.11,95.51,c7cec5152cc1640d6eb80fb7c4d1b21470c246c4aa2c88d381521dd83ebce18b
clip_sample_001,6,1533151610762404,person,0.1707,1550.12,448.85,1588.61,525.46,95.51,c7cec5152cc1640d6eb80fb7c4d1b21470c246c4aa2c88d381521dd83ebce18b
clip_sample_001,6,1533151610762404,car,0.16746,812.71,449.87,837.48,465.67,95.51,c7cec5152cc1640d6eb80fb7c4d1b21470c246c4aa2c88d381521dd83ebce18b
clip_sample_001,6,1533151610762404,car,0.15308,945.57,447.46,995.77,485.09,95.51,c7cec5152cc1640d6eb80fb7c4d1b21470c246c4aa2c88d381521dd83ebce18b
clip_sample_001,6,1533151610762404,car,0.1524,910.23,450.06,948.71,474.08,95.51,c7cec5152cc1640d6eb80fb7c4d1b21470c246c4aa2c88d381521dd83ebce18b
clip_sample_001,6,1533151610762404,car,0.14416,948.62,449.48,995.65,494.74,95.51,c7cec5152cc1640d6eb80fb7c4d1b21470c246c4aa2c88d381521dd83ebce18b
clip_sample_001,6,1533151610762404,traffic light,0.14177,1223.89,284.07,1260.22,339.1,95.51,c7cec5152cc1640d6eb80fb7c4d1b21470c246c4aa2c88d381521dd83ebce18b
clip_sample_001,6,1533151610762404,car,0.13533,938.62,448.38,966.7,479.13,95.51,c7cec5152cc1640d6eb80fb7c4d1b21470c246c4aa2c88d381521dd83ebce18b
clip_sample_001,6,1533151610762404,person,0.13307,1478.37,439.8,1502.27,476.52,95.51,c7cec5152cc1640d6eb80fb7c4d1b21470c246c4aa2c88d381521dd83ebce18b
clip_sample_001,6,1533151610762404,car,0.07284,685.69,447.21,720.76,494.31,95.51,c7cec5152cc1640d6eb80fb7c4d1b21470c246c4aa2c88d381521dd83ebce18b
clip_sample_001,6,1533151610762404,car,0.07203,735.3,448.99,760.32,478.89,95.51,c7cec5152cc1640d6eb80fb7c4d1b21470c246c4aa2c88d381521dd83ebce18b
clip_sample_001,6,1533151610762404,car,0.06969,690.67,439.96,723.99,492.76,95.51,c7cec5152cc1640d6eb80fb7c4d1b21470c246c4aa2c88d381521dd83ebce18b
clip_sample_001,6,1533151610762404,car,0.06734,714.82,447.8,750.22,488.88,95.51,c7cec5152cc1640d6eb80fb7c4d1b21470c246c4aa2c88d381521dd83ebce18b
clip_sample_001,6,1533151610762404,truck,0.06388,645.27,435.46,718.06,496.21,95.51,c7cec5152cc1640d6eb80fb7c4d1b21470c246c4aa2c88d381521dd83ebce18b
clip_sample_001,6,1533151610762404,car,0.06061,1414.13,441.5,1487.62,477.35,95.51,c7cec5152cc1640d6eb80fb7c4d1b21470c246c4aa2c88d381521dd83ebce18b
clip_sample_001,6,1533151610762404,truck,0.0603,862.02,453.76,907.5,492.46,95.51,c7cec5152cc1640d6eb80fb7c4d1b21470c246c4aa2c88d381521dd83ebce18b
clip_sample_001,7,1533151610862404,car,0.92109,1180.07,466.52,1599.66,682.75,97.04,a367e19e1edd14207d3b7ea8a24d5f322bbcd545ee0275f7a6d735300814edfa
clip_sample_001,7,1533151610862404,car,0.91721,49.78,459.94,572.78,654.11,97.04,a367e19e1edd14207d3b7ea8a24d5f322bbcd545ee0275f7a6d735300814edfa
clip_sample_001,7,1533151610862404,car,0.84504,861.6,454.93,906.83,493.73,97.04,a367e19e1edd14207d3b7ea8a24d5f322bbcd545ee0275f7a6d735300814edfa
clip_sample_001,7,1533151610862404,car,0.78222,512.89,466.7,669.86,561.89,97.04,a367e19e1edd14207d3b7ea8a24d5f322bbcd545ee0275f7a6d735300814edfa
clip_sample_001,7,1533151610862404,car,0.58931,767.07,446.58,802.32,474.47,97.04,a367e19e1edd14207d3b7ea8a24d5f322bbcd545ee0275f7a6d735300814edfa
clip_sample_001,7,1533151610862404,car,0.58322,972.94,450.59,1053.52,501.9,97.04,a367e19e1edd14207d3b7ea8a24d5f322bbcd545ee0275f7a6d735300814edfa
clip_sample_001,7,1533151610862404,person,0.4546,0.07,482.03,36.56,588.34,97.04,a367e19e1edd14207d3b7ea8a24d5f322bbcd545ee0275f7a6d735300814edfa
clip_sample_001,7,1533151610862404,car,0.3578,642.58,435.89,717.21,497.92,97.04,a367e19e1edd14207d3b7ea8a24d5f322bbcd545ee0275f7a6d735300814edfa
clip_sample_001,7,1533151610862404,person,0.33003,52.66,479.46,89.72,570.23,97.04,a367e19e1edd14207d3b7ea8a24d5f322bbcd545ee0275f7a6d735300814edfa
clip_sample_001,7,1533151610862404,car,0.24736,810.94,452.23,841.05,467.25,97.04,a367e19e1edd14207d3b7ea8a24d5f322bbcd545ee0275f7a6d735300814edfa
clip_sample_001,7,1533151610862404,car,0.22537,1262.55,442.52,1315.38,480.07,97.04,a367e19e1edd14207d3b7ea8a24d5f322bbcd545ee0275f7a6d735300814edfa
clip_sample_001,7,1533151610862404,car,0.21619,483.0,459.63,545.62,500.8,97.04,a367e19e1edd14207d3b7ea8a24d5f322bbcd545ee0275f7a6d735300814edfa
clip_sample_001,7,1533151610862404,car,0.19382,910.34,450.77,949.44,476.33,97.04,a367e19e1edd14207d3b7ea8a24d5f322bbcd545ee0275f7a6d735300814edfa
clip_sample_001,7,1533151610862404,car,0.17861,717.97,446.21,751.17,486.2,97.04,a367e19e1edd14207d3b7ea8a24d5f322bbcd545ee0275f7a6d735300814edfa
clip_sample_001,7,1533151610862404,traffic light,0.16807,1231.15,283.0,1266.33,338.1,97.04,a367e19e1edd14207d3b7ea8a24d5f322bbcd545ee0275f7a6d735300814edfa
clip_sample_001,7,1533151610862404,car,0.13381,953.7,449.78,992.78,480.59,97.04,a367e19e1edd14207d3b7ea8a24d5f322bbcd545ee0275f7a6d735300814edfa
clip_sample_001,7,1533151610862404,car,0.1177,935.21,449.73,958.81,477.92,97.04,a367e19e1edd14207d3b7ea8a24d5f322bbcd545ee0275f7a6d735300814edfa
clip_sample_001,7,1533151610862404,car,0.11418,956.41,452.78,992.82,494.84,97.04,a367e19e1edd14207d3b7ea8a24d5f322bbcd545ee0275f7a6d735300814edfa
clip_sample_001,7,1533151610862404,car,0.10811,683.26,450.51,719.78,495.28,97.04,a367e19e1edd14207d3b7ea8a24d5f322bbcd545ee0275f7a6d735300814edfa
clip_sample_001,7,1533151610862404,car,0.10468,983.84,451.98,1051.99,501.98,97.04,a367e19e1edd14207d3b7ea8a24d5f322bbcd545ee0275f7a6d735300814edfa
clip_sample_001,7,1533151610862404,car,0.09385,715.77,449.34,749.58,489.68,97.04,a367e19e1edd14207d3b7ea8a24d5f322bbcd545ee0275f7a6d735300814edfa
clip_sample_001,7,1533151610862404,car,0.08589,804.18,452.11,823.49,470.46,97.04,a367e19e1edd14207d3b7ea8a24d5f322bbcd545ee0275f7a6d735300814edfa
clip_sample_001,7,1533151610862404,truck,0.08071,861.6,454.93,906.83,493.73,97.04,a367e19e1edd14207d3b7ea8a24d5f322bbcd545ee0275f7a6d735300814edfa
clip_sample_001,7,1533151610862404,car,0.0673,1166.8,450.36,1201.08,480.07,97.04,a367e19e1edd14207d3b7ea8a24d5f322bbcd545ee0275f7a6d735300814edfa
clip_sample_001,7,1533151610862404,car,0.06719,646.44,444.57,717.09,498.1,97.04,a367e19e1edd14207d3b7ea8a24d5f322bbcd545ee0275f7a6d735300814edfa
clip_sample_001,7,1533151610862404,person,0.06563,58.48,479.32,88.53,537.63,97.04,a367e19e1edd14207d3b7ea8a24d5f322bbcd545ee0275f7a6d735300814edfa
clip_sample_001,7,1533151610862404,car,0.0626,690.82,439.29,723.34,494.04,97.04,a367e19e1edd14207d3b7ea8a24d5f322bbcd545ee0275f7a6d735300814edfa
clip_sample_001,7,1533151610862404,truck,0.05377,642.58,435.89,717.21,497.92,97.04,a367e19e1edd14207d3b7ea8a24d5f322bbcd545ee0275f7a6d735300814edfa
clip_sample_001,7,1533151610862404,car,0.0523,646.77,454.12,692.66,498.94,97.04,a367e19e1edd14207d3b7ea8a24d5f322bbcd545ee0275f7a6d735300814edfa
clip_sample_001,8,1533151610912404,car,0.9291,59.71,460.25,587.44,653.69,109.16,62af4d3ef1fdd3b6a6f264311adb319dec0719f2930a317b5142581bbeb5ffa9
clip_sample_001,8,1533151610912404,car,0.83948,862.26,455.56,906.33,494.66,109.16,62af4d3ef1fdd3b6a6f264311adb319dec0719f2930a317b5142581bbeb5ffa9
clip_sample_001,8,1533151610912404,car,0.78269,525.06,468.75,667.55,564.17,109.16,62af4d3ef1fdd3b6a6f264311adb319dec0719f2930a317b5142581bbeb5ffa9
clip_sample_001,8,1533151610912404,car,0.73097,1196.21,466.84,1599.95,685.88,109.16,62af4d3ef1fdd3b6a6f264311adb319dec0719f2930a317b5142581bbeb5ffa9
clip_sample_001,8,1533151610912404,car,0.69617,969.54,452.49,1053.56,503.09,109.16,62af4d3ef1fdd3b6a6f264311adb319dec0719f2930a317b5142581bbeb5ffa9
clip_sample_001,8,1533151610912404,car,0.65707,767.4,447.95,801.61,475.65,109.16,62af4d3ef1fdd3b6a6f264311adb319dec0719f2930a317b5142581bbeb5ffa9
clip_sample_001,8,1533151610912404,person,0.63226,50.88,479.21,90.6,569.24,109.16,62af4d3ef1fdd3b6a6f264311adb319dec0719f2930a317b5142581bbeb5ffa9
clip_sample_001,8,1533151610912404,person,0.47585,0.05,492.16,29.81,591.22,109.16,62af4d3ef1fdd3b6a6f264311adb319dec0719f2930a317b5142581bbeb5ffa9
clip_sample_001,8,1533151610912404,car,0.30434,1195.17,466.88,1599.45,685.82,109.16,62af4d3ef1fdd3b6a6f264311adb319dec0719f2930a317b5142581bbeb5ffa9
clip_sample_001,8,1533151610912404,car,0.30001,640.85,439.34,716.78,499.12,109.16,62af4d3ef1fdd3b6a6f264311adb319dec0719f2930a317b5142581bbeb5ffa9
clip_sample_001,8,1533151610912404,car,0.25125,809.39,450.98,842.12,469.1,109.16,62af4d3ef1fdd3b6a6f264311adb319dec0719f2930a317b5142581bbeb5ffa9
clip_sample_001,8,1533151610912404,car,0.24314,1264.84,441.68,1316.18,482.4,109.16,62af4d3ef1fdd3b6a6f264311adb319dec0719f2930a317b5142581bbeb5ffa9
clip_sample_001,8,1533151610912404,car,0.22176,469.44,459.65,544.91,501.35,109.16,62af4d3ef1fdd3b6a6f264311adb319dec0719f2930a317b5142581bbeb5ffa9
clip_sample_001,8,1533151610912404,car,0.16554,717.74,449.33,750.97,488.0,109.16,62af4d3ef1fdd3b6a6f264311adb319dec0719f2930a317b5142581bbeb5ffa9
clip_sample_001,8,1533151610912404,car,0.16158,804.66,451.85,828.62,471.35,109.16,62af4d3ef1fdd3b6a6f264311adb319dec0719f2930a317b5142581bbeb5ffa9
clip_sample_001,8,1533151610912404,car,0.1487,685.5,452.63,719.2,496.38,109.16,62af4d3ef1fdd3b6a6f264311adb319dec0719f2930a317b5142581bbeb5ffa9
clip_sample_001,8,1533151610912404,car,0.14764,715.85,452.43,750.78,490.58,109.16,62af4d3ef1fdd3b6a6f264311adb319dec0719f2930a317b5142581bbeb5ffa9
clip_sample_001,8,1533151610912404,car,0.14492,913.88,452.02,949.2,476.54,109.16,62af4d3ef1fdd3b6a6f264311adb319dec0719f2930a317b5142581bbeb5ffa9
clip_sample_001,8,1533151610912404,car,0.11907,936.37,450.9,959.29,477.5,109.16,62af4d3ef1fdd3b6a6f264311adb319dec0719f2930a317b5142581bbeb5ffa9
clip_sample_001,8,1533151610912404,car,0.1184,645.77,446.51,716.69,499.27,109.16,62af4d3ef1fdd3b6a6f264311adb319dec0719f2930a317b5142581bbeb5ffa9
clip_sample_001,8,1533151610912404,traffic light,0.10729,1232.22,283.0,1267.49,335.34,109.16,62af4d3ef1fdd3b6a6f264311adb319dec0719f2930a317b5142581bbeb5ffa9
clip_sample_001,8,1533151610912404,car,0.10162,1577.42,451.55,1599.25,513.49,109.16,62af4d3ef1fdd3b6a6f264311adb319dec0719f2930a317b5142581bbeb5ffa9
clip_sample_001,8,1533151610912404,person,0.09486,1232.91,423.14,1268.75,530.63,109.16,62af4d3ef1fdd3b6a6f264311adb319dec0719f2930a317b5142581bbeb5ffa9
clip_sample_001,8,1533151610912404,car,0.09441,960.47,454.58,992.19,496.4,109.16,62af4d3ef1fdd3b6a6f264311adb319dec0719f2930a317b5142581bbeb5ffa9
clip_sample_001,8,1533151610912404,truck,0.08585,862.26,455.56,906.33,494.66,109.16,62af4d3ef1fdd3b6a6f264311adb319dec0719f2930a317b5142581bbeb5ffa9
clip_sample_001,8,1533151610912404,car,0.08245,957.28,450.6,994.29,479.89,109.16,62af4d3ef1fdd3b6a6f264311adb319dec0719f2930a317b5142581bbeb5ffa9
clip_sample_001,8,1533151610912404,car,0.07936,1167.52,450.36,1202.49,479.42,109.16,62af4d3ef1fdd3b6a6f264311adb319dec0719f2930a317b5142581bbeb5ffa9
clip_sample_001,8,1533151610912404,car,0.07623,643.78,454.99,693.84,500.49,109.16,62af4d3ef1fdd3b6a6f264311adb319dec0719f2930a317b5142581bbeb5ffa9
clip_sample_001,8,1533151610912404,person,0.07618,1577.42,451.55,1599.25,513.49,109.16,62af4d3ef1fdd3b6a6f264311adb319dec0719f2930a317b5142581bbeb5ffa9
clip_sample_001,8,1533151610912404,car,0.06913,691.1,441.67,723.2,495.82,109.16,62af4d3ef1fdd3b6a6f264311adb319dec0719f2930a317b5142581bbeb5ffa9
clip_sample_001,8,1533151610912404,person,0.05459,582.2,444.14,603.91,475.01,109.16,62af4d3ef1fdd3b6a6f264311adb319dec0719f2930a317b5142581bbeb5ffa9
clip_sample_001,8,1533151610912404,car,0.05442,742.26,449.34,759.56,482.05,109.16,62af4d3ef1fdd3b6a6f264311adb319dec0719f2930a317b5142581bbeb5ffa9
clip_sample_001,8,1533151610912404,car,0.05313,1132.37,446.56,1160.84,490.73,109.16,62af4d3ef1fdd3b6a6f264311adb319dec0719f2930a317b5142581bbeb5ffa9
clip_sample_001,9,1533151611012404,car,0.93256,1212.12,470.73,1600.0,695.9,107.16,d82c18dfa75f561178d5c15f5e5ea2c563fdfa58766774a5dec7548e9578ec21
clip_sample_001,9,1533151611012404,car,0.92779,84.88,459.33,609.57,654.24,107.16,d82c18dfa75f561178d5c15f5e5ea2c563fdfa58766774a5dec7548e9578ec21
clip_sample_001,9,1533151611012404,car,0.8266,861.78,457.56,906.08,495.59,107.16,d82c18dfa75f561178d5c15f5e5ea2c563fdfa58766774a5dec7548e9578ec21
clip_sample_001,9,1533151611012404,car,0.80298,516.94,470.8,665.99,563.67,107.16,d82c18dfa75f561178d5c15f5e5ea2c563fdfa58766774a5dec7548e9578ec21
clip_sample_001,9,1533151611012404,person,0.7206,37.52,483.83,76.68,586.43,107.16,d82c18dfa75f561178d5c15f5e5ea2c563fdfa58766774a5dec7548e9578ec21
clip_sample_001,9,1533151611012404,car,0.6848,767.71,449.29,801.81,477.67,107.16,d82c18dfa75f561178d5c15f5e5ea2c563fdfa58766774a5dec7548e9578ec21
clip_sample_001,9,1533151611012404,car,0.48214,990.64,455.09,1052.34,504.46,107.16,d82c18dfa75f561178d5c15f5e5ea2c563fdfa58766774a5dec7548e9578ec21
clip_sample_001,9,1533151611012404,person,0.40026,0.71,501.32,23.59,566.66,107.16,d82c18dfa75f561178d5c15f5e5ea2c563fdfa58766774a5dec7548e9578ec21
clip_sample_001,9,1533151611012404,car,0.26886,715.93,455.26,750.34,492.53,107.16,d82c18dfa75f561178d5c15f5e5ea2c563fdfa58766774a5dec7548e9578ec21
clip_sample_001,9,1533151611012404,car,0.24184,1272.47,443.2,1320.43,482.28,107.16,d82c18dfa75f561178d5c15f5e5ea2c563fdfa58766774a5dec7548e9578ec21
clip_sample_001,9,1533151611012404,car,0.2154,961.37,454.42,1015.06,502.26,107.16,d82c18dfa75f561178d5c15f5e5ea2c563fdfa58766774a5dec7548e9578ec21
clip_sample_001,9,1533151611012404,car,0.18743,481.9,464.4,538.58,504.42,107.16,d82c18dfa75f561178d5c15f5e5ea2c563fdfa58766774a5dec7548e9578ec21
clip_sample_001,9,1533151611012404,car,0.17261,938.27,454.37,963.94,479.45,107.16,d82c18dfa75f561178d5c15f5e5ea2c563fdfa58766774a5dec7548e9578ec21
clip_sample_001,9,1533151611012404,car,0.17115,811.38,453.04,843.19,471.86,107.16,d82c18dfa75f561178d5c15f5e5ea2c563fdfa58766774a5dec7548e9578ec21
clip_sample_001,9,1533151611012404,car,0.16052,1279.79,447.49,1321.05,479.48,107.16,d82c18dfa75f561178d5c15f5e5ea2c563fdfa58766774a5dec7548e9578ec21
clip_sample_001,9,1533151611012404,car,0.15275,641.03,440.06,716.79,503.89,107.16,d82c18dfa75f561178d5c15f5e5ea2c563fdfa58766774a5dec7548e9578ec21
clip_sample_001,9,1533151611012404,car,0.14517,685.11,456.32,720.08,499.44,107.16,d82c18dfa75f561178d5c15f5e5ea2c563fdfa58766774a5dec7548e9578ec21
clip_sample_001,9,1533151611012404,car,0.13498,909.93,454.82,949.17,477.99,107.16,d82c18dfa75f561178d5c15f5e5ea2c563fdfa58766774a5dec7548e9578ec21
clip_sample_001,9,1533151611012404,car,0.13319,667.86,453.2,717.15,503.31,107.16,d82c18dfa75f561178d5c15f5e5ea2c563fdfa58766774a5dec7548e9578ec21
clip_sample_001,9,1533151611012404,car,0.12969,961.28,456.55,995.58,497.79,107.16,d82c18dfa75f561178d5c15f5e5ea2c563fdfa58766774a5dec7548e9578ec21
clip_sample_001,9,1533151611012404,car,0.1212,1169.45,452.57,1205.55,477.97,107.16,d82c18dfa75f561178d5c15f5e5ea2c563fdfa58766774a5dec7548e9578ec21
clip_sample_001,9,1533151611012404,car,0.11147,715.84,454.16,749.74,488.59,107.16,d82c18dfa75f561178d5c15f5e5ea2c563fdfa58766774a5dec7548e9578ec21
clip_sample_001,9,1533151611012404,car,0.11028,1164.26,445.02,1242.83,483.26,107.16,d82c18dfa75f561178d5c15f5e5ea2c563fdfa58766774a5dec7548e9578ec21
clip_sample_001,9,1533151611012404,car,0.09392,644.25,455.66,694.26,505.78,107.16,d82c18dfa75f561178d5c15f5e5ea2c563fdfa58766774a5dec7548e9578ec21
clip_sample_001,9,1533151611012404,car,0.08958,722.0,457.41,755.68,487.98,107.16,d82c18dfa75f561178d5c15f5e5ea2c563fdfa58766774a5dec7548e9578ec21
clip_sample_001,9,1533151611012404,truck,0.08455,861.78,457.56,906.08,495.59,107.16,d82c18dfa75f561178d5c15f5e5ea2c563fdfa58766774a5dec7548e9578ec21
clip_sample_001,9,1533151611012404,car,0.08453,942.13,456.98,965.04,484.06,107.16,d82c18dfa75f561178d5c15f5e5ea2c563fdfa58766774a5dec7548e9578ec21
clip_sample_001,9,1533151611012404,car,0.08429,1332.71,445.21,1369.25,474.16,107.16,d82c18dfa75f561178d5c15f5e5ea2c563fdfa58766774a5dec7548e9578ec21
clip_sample_001,9,1533151611012404,car,0.0814,805.95,452.7,827.61,472.37,107.16,d82c18dfa75f561178d5c15f5e5ea2c563fdfa58766774a5dec7548e9578ec21
clip_sample_001,9,1533151611012404,car,0.06584,958.0,453.3,993.91,479.95,107.16,d82c18dfa75f561178d5c15f5e5ea2c563fdfa58766774a5dec7548e9578ec21
clip_sample_001,9,1533151611012404,car,0.06461,739.08,455.76,760.33,483.12,107.16,d82c18dfa75f561178d5c15f5e5ea2c563fdfa58766774a5dec7548e9578ec21
clip_sample_001,9,1533151611012404,car,0.06093,639.7,439.88,704.98,503.29,107.16,d82c18dfa75f561178d5c15f5e5ea2c563fdfa58766774a5dec7548e9578ec21
clip_sample_001,9,1533151611012404,car,0.05805,93.68,473.71,188.74,577.65,107.16,d82c18dfa75f561178d5c15f5e5ea2c563fdfa58766774a5dec7548e9578ec21
clip_sample_001,10,1533151611112404,car,0.91718,1207.2,470.99,1600.0,701.58,100.95,868ccc46e13796f0e56d1bcb53c76c32236b752426943ddaaaab185dff2abdbb
clip_sample_001,10,1533151611112404,car,0.89366,107.95,459.39,633.71,656.82,100.95,868ccc46e13796f0e56d1bcb53c76c32236b752426943ddaaaab185dff2abdbb
clip_sample_001,10,1533151611112404,car,0.77682,524.43,472.22,663.61,557.38,100.95,868ccc46e13796f0e56d1bcb53c76c32236b752426943ddaaaab185dff2abdbb
clip_sample_001,10,1533151611112404,person,0.71127,21.88,478.52,66.51,594.14,100.95,868ccc46e13796f0e56d1bcb53c76c32236b752426943ddaaaab185dff2abdbb
clip_sample_001,10,1533151611112404,car,0.7058,861.97,460.63,906.02,497.33,100.95,868ccc46e13796f0e56d1bcb53c76c32236b752426943ddaaaab185dff2abdbb
clip_sample_001,10,1533151611112404,car,0.46143,769.14,453.09,801.44,478.96,100.95,868ccc46e13796f0e56d1bcb53c76c32236b752426943ddaaaab185dff2abdbb
clip_sample_001,10,1533151611112404,car,0.45357,963.14,455.97,1054.21,507.26,100.95,868ccc46e13796f0e56d1bcb53c76c32236b752426943ddaaaab185dff2abdbb
clip_sample_001,10,1533151611112404,car,0.30647,484.96,465.51,536.98,504.72,100.95,868ccc46e13796f0e56d1bcb53c76c32236b752426943ddaaaab185dff2abdbb
clip_sample_001,10,1533151611112404,person,0.2509,19.93,478.6,68.11,593.24,100.95,868ccc46e13796f0e56d1bcb53c76c32236b752426943ddaaaab185dff2abdbb
clip_sample_001,10,1533151611112404,car,0.24862,716.26,456.37,751.68,494.53,100.95,868ccc46e13796f0e56d1bcb53c76c32236b752426943ddaaaab185dff2abdbb
clip_sample_001,10,1533151611112404,car,0.24694,991.69,458.11,1053.9,506.36,100.95,868ccc46e13796f0e56d1bcb53c76c32236b752426943ddaaaab185dff2abdbb
clip_sample_001,10,1533151611112404,car,0.186,808.77,453.42,844.7,473.95,100.95,868ccc46e13796f0e56d1bcb53c76c32236b752426943ddaaaab185dff2abdbb
clip_sample_001,10,1533151611112404,car,0.1763,683.78,457.1,719.85,501.94,100.95,868ccc46e13796f0e56d1bcb53c76c32236b752426943ddaaaab185dff2abdbb
clip_sample_001,10,1533151611112404,person,0.15214,1229.71,456.75,1258.55,536.08,100.95,868ccc46e13796f0e56d1bcb53c76c32236b752426943ddaaaab185dff2abdbb
clip_sample_001,10,1533151611112404,car,0.1356,642.08,441.26,716.86,506.12,100.95,868ccc46e13796f0e56d1bcb53c76c32236b752426943ddaaaab185dff2abdbb
clip_sample_001,10,1533151611112404,car,0.13483,668.12,452.63,717.91,505.28,100.95,868ccc46e13796f0e56d1bcb53c76c32236b752426943ddaaaab185dff2abdbb
clip_sample_001,10,1533151611112404,car,0.12084,640.86,455.44,698.36,506.72,100.95,868ccc46e13796f0e56d1bcb53c76c32236b752426943ddaaaab185dff2abdbb
clip_sample_001,10,1533151611112404,car,0.12044,721.23,457.99,756.9,490.56,100.95,868ccc46e13796f0e56d1bcb53c76c32236b752426943ddaaaab185dff2abdbb
clip_sample_001,10,1533151611112404,car,0.10996,957.62,458.34,994.91,499.46,100.95,868ccc46e13796f0e56d1bcb53c76c32236b752426943ddaaaab185dff2abdbb
clip_sample_001,10,1533151611112404,car,0.109,1171.61,454.61,1204.39,476.32,100.95,868ccc46e13796f0e56d1bcb53c76c32236b752426943ddaaaab185dff2abdbb
clip_sample_001,10,1533151611112404,car,0.10579,805.65,455.52,829.33,474.57,100.95,868ccc46e13796f0e56d1bcb53c76c32236b752426943ddaaaab185dff2abdbb
clip_sample_001,10,1533151611112404,car,0.10416,931.21,456.6,958.52,480.48,100.95,868ccc46e13796f0e56d1bcb53c76c32236b752426943ddaaaab185dff2abdbb
clip_sample_001,10,1533151611112404,car,0.10151,907.95,456.47,954.41,480.39,100.95,868ccc46e13796f0e56d1bcb53c76c32236b752426943ddaaaab185dff2abdbb
clip_sample_001,10,1533151611112404,car,0.09964,1283.35,448.14,1323.29,479.69,100.95,868ccc46e13796f0e56d1bcb53c76c32236b752426943ddaaaab185dff2abdbb
clip_sample_001,10,1533151611112404,car,0.08745,768.78,456.98,799.79,479.54,100.95,868ccc46e13796f0e56d1bcb53c76c32236b752426943ddaaaab185dff2abdbb
clip_sample_001,10,1533151611112404,car,0.08324,714.68,454.58,748.85,489.28,100.95,868ccc46e13796f0e56d1bcb53c76c32236b752426943ddaaaab185dff2abdbb
clip_sample_001,10,1533151611112404,car,0.06824,943.59,458.8,960.83,485.32,100.95,868ccc46e13796f0e56d1bcb53c76c32236b752426943ddaaaab185dff2abdbb
clip_sample_001,10,1533151611112404,car,0.06493,912.27,457.76,952.46,482.87,100.95,868ccc46e13796f0e56d1bcb53c76c32236b752426943ddaaaab185dff2abdbb
clip_sample_001,10,1533151611112404,car,0.05752,1274.31,447.26,1321.35,482.18,100.95,868ccc46e13796f0e56d1bcb53c76c32236b752426943ddaaaab185dff2abdbb
clip_sample_001,10,1533151611112404,truck,0.05638,861.97,460.63,906.02,497.33,100.95,868ccc46e13796f0e56d1bcb53c76c32236b752426943ddaaaab185dff2abdbb
clip_sample_001,10,1533151611112404,person,0.05159,0.0,526.1,9.46,579.34,100.95,868ccc46e13796f0e56d1bcb53c76c32236b752426943ddaaaab185dff2abdbb
clip_sample_001,11,1533151611162404,car,0.92535,1220.11,473.8,1599.99,703.18,92.1,0db80b6ab26c4f1f6e54cddc5c3b3d01b48cf88f361eeb1bf1c5eff13b67f4b8
clip_sample_001,11,1533151611162404,car,0.90107,121.86,459.06,654.91,653.7,92.1,0db80b6ab26c4f1f6e54cddc5c3b3d01b48cf88f361eeb1bf1c5eff13b67f4b8
clip_sample_001,11,1533151611162404,person,0.7265,10.02,480.74,59.35,595.19,92.1,0db80b6ab26c4f1f6e54cddc5c3b3d01b48cf88f361eeb1bf1c5eff13b67f4b8
clip_sample_001,11,1533151611162404,car,0.72421,861.73,460.02,906.09,497.6,92.1,0db80b6ab26c4f1f6e54cddc5c3b3d01b48cf88f361eeb1bf1c5eff13b67f4b8
clip_sample_001,11,1533151611162404,car,0.58367,526.85,472.61,661.55,554.65,92.1,0db80b6ab26c4f1f6e54cddc5c3b3d01b48cf88f361eeb1bf1c5eff13b67f4b8
clip_sample_001,11,1533151611162404,person,0.56441,13.76,482.49,57.27,594.69,92.1,0db80b6ab26c4f1f6e54cddc5c3b3d01b48cf88f361eeb1bf1c5eff13b67f4b8
clip_sample_001,11,1533151611162404,car,0.45657,963.49,456.18,1053.9,507.35,92.1,0db80b6ab26c4f1f6e54cddc5c3b3d01b48cf88f361eeb1bf1c5eff13b67f4b8
clip_sample_001,11,1533151611162404,car,0.45302,768.44,454.21,801.15,479.25,92.1,0db80b6ab26c4f1f6e54cddc5c3b3d01b48cf88f361eeb1bf1c5eff13b67f4b8
clip_sample_001,11,1533151611162404,car,0.37547,713.52,455.82,752.89,494.86,92.1,0db80b6ab26c4f1f6e54cddc5c3b3d01b48cf88f361eeb1bf1c5eff13b67f4b8
clip_sample_001,11,1533151611162404,car,0.32896,649.01,444.94,716.66,506.64,92.1,0db80b6ab26c4f1f6e54cddc5c3b3d01b48cf88f361eeb1bf1c5eff13b67f4b8
clip_sample_001,11,1533151611162404,car,0.20152,809.67,453.97,842.97,474.7,92.1,0db80b6ab26c4f1f6e54cddc5c3b3d01b48cf88f361eeb1bf1c5eff13b67f4b8
clip_sample_001,11,1533151611162404,car,0.15645,487.84,466.48,537.65,499.46,92.1,0db80b6ab26c4f1f6e54cddc5c3b3d01b48cf88f361eeb1bf1c5eff13b67f4b8
clip_sample_001,11,1533151611162404,car,0.15453,716.23,458.41,757.95,491.1,92.1,0db80b6ab26c4f1f6e54cddc5c3b3d01b48cf88f361eeb1bf1c5eff13b67f4b8
clip_sample_001,11,1533151611162404,car,0.14193,685.08,456.05,719.26,502.1,92.1,0db80b6ab26c4f1f6e54cddc5c3b3d01b48cf88f361eeb1bf1c5eff13b67f4b8
clip_sample_001,11,1533151611162404,car,0.13823,524.37,475.0,660.52,555.38,92.1,0db80b6ab26c4f1f6e54cddc5c3b3d01b48cf88f361eeb1bf1c5eff13b67f4b8
clip_sample_001,11,1533151611162404,car,0.12368,768.81,457.69,799.39,479.7,92.1,0db80b6ab26c4f1f6e54cddc5c3b3d01b48cf88f361eeb1bf1c5eff13b67f4b8
clip_sample_001,11,1533151611162404,car,0.1188,990.77,458.16,1053.72,506.49,92.1,0db80b6ab26c4f1f6e54cddc5c3b3d01b48cf88f361eeb1bf1c5eff13b67f4b8
clip_sample_001,11,1533151611162404,car,0.11626,1173.27,456.36,1205.74,477.39,92.1,0db80b6ab26c4f1f6e54cddc5c3b3d01b48cf88f361eeb1bf1c5eff13b67f4b8
clip_sample_001,11,1533151611162404,car,0.112,929.81,456.37,957.64,480.92,92.1,0db80b6ab26c4f1f6e54cddc5c3b3d01b48cf88f361eeb1bf1c5eff13b67f4b8
clip_sample_001,11,1533151611162404,car,0.1116,907.06,455.22,953.75,480.72,92.1,0db80b6ab26c4f1f6e54cddc5c3b3d01b48cf88f361eeb1bf1c5eff13b67f4b8
clip_sample_001,11,1533151611162404,car,0.10667,1285.03,445.48,1324.68,476.62,92.1,0db80b6ab26c4f1f6e54cddc5c3b3d01b48cf88f361eeb1bf1c5eff13b67f4b8
clip_sample_001,11,1533151611162404,car,0.10362,645.46,448.82,696.59,507.02,92.1,0db80b6ab26c4f1f6e54cddc5c3b3d01b48cf88f361eeb1bf1c5eff13b67f4b8
clip_sample_001,11,1533151611162404,car,0.08429,806.97,454.53,826.68,475.21,92.1,0db80b6ab26c4f1f6e54cddc5c3b3d01b48cf88f361eeb1bf1c5eff13b67f4b8
clip_sample_001,11,1533151611162404,car,0.07225,942.1,458.66,961.15,485.81,92.1,0db80b6ab26c4f1f6e54cddc5c3b3d01b48cf88f361eeb1bf1c5eff13b67f4b8
clip_sample_001,11,1533151611162404,car,0.07218,958.36,458.9,991.95,498.11,92.1,0db80b6ab26c4f1f6e54cddc5c3b3d01b48cf88f361eeb1bf1c5eff13b67f4b8
clip_sample_001,11,1533151611162404,car,0.06677,911.87,457.42,951.37,483.48,92.1,0db80b6ab26c4f1f6e54cddc5c3b3d01b48cf88f361eeb1bf1c5eff13b67f4b8
clip_sample_001,11,1533151611162404,car,0.06668,1332.05,447.24,1368.3,476.9,92.1,0db80b6ab26c4f1f6e54cddc5c3b3d01b48cf88f361eeb1bf1c5eff13b67f4b8
clip_sample_001,11,1533151611162404,car,0.06138,714.36,455.87,749.18,488.01,92.1,0db80b6ab26c4f1f6e54cddc5c3b3d01b48cf88f361eeb1bf1c5eff13b67f4b8
clip_sample_001,11,1533151611162404,truck,0.06036,861.73,460.02,906.09,497.6,92.1,0db80b6ab26c4f1f6e54cddc5c3b3d01b48cf88f361eeb1bf1c5eff13b67f4b8
clip_sample_001,11,1533151611162404,car,0.06021,812.31,463.64,835.58,476.23,92.1,0db80b6ab26c4f1f6e54cddc5c3b3d01b48cf88f361eeb1bf1c5eff13b67f4b8
clip_sample_001,11,1533151611162404,car,0.05551,1133.91,459.97,1163.77,498.05,92.1,0db80b6ab26c4f1f6e54cddc5c3b3d01b48cf88f361eeb1bf1c5eff13b67f4b8
clip_sample_001,11,1533151611162404,car,0.05425,846.15,454.67,865.6,473.47,92.1,0db80b6ab26c4f1f6e54cddc5c3b3d01b48cf88f361eeb1bf1c5eff13b67f4b8
clip_sample_001,11,1533151611162404,car,0.05141,1280.84,446.67,1316.08,475.94,92.1,0db80b6ab26c4f1f6e54cddc5c3b3d01b48cf88f361eeb1bf1c5eff13b67f4b8
clip_sample_001,11,1533151611162404,car,0.05059,1305.92,446.3,1361.67,478.29,92.1,0db80b6ab26c4f1f6e54cddc5c3b3d01b48cf88f361eeb1bf1c5eff13b67f4b8
clip_sample_001,12,1533151611262404,car,0.9225,150.8,460.05,672.98,656.27,90.41,28159e488621c53ebee1b0526592d76b1b3c5ebe25443ae9bc1e92330ffc7654
clip_sample_001,12,1533151611262404,car,0.9203,1228.6,476.3,1600.0,713.73,90.41,28159e488621c53ebee1b0526592d76b1b3c5ebe25443ae9bc1e92330ffc7654
clip_sample_001,12,1533151611262404,car,0.78624,862.21,459.92,905.18,497.47,90.41,28159e488621c53ebee1b0526592d76b1b3c5ebe25443ae9bc1e92330ffc7654
clip_sample_001,12,1533151611262404,person,0.67518,0.04,489.61,46.41,599.45,90.41,28159e488621c53ebee1b0526592d76b1b3c5ebe25443ae9bc1e92330ffc7654
clip_sample_001,12,1533151611262404,car,0.56484,985.88,458.48,1054.39,507.37,90.41,28159e488621c53ebee1b0526592d76b1b3c5ebe25443ae9bc1e92330ffc7654
clip_sample_001,12,1533151611262404,car,0.33731,712.43,456.38,752.73,496.25,90.41,28159e488621c53ebee1b0526592d76b1b3c5ebe25443ae9bc1e92330ffc7654
clip_sample_001,12,1533151611262404,person,0.33709,0.0,490.94,43.58,600.05,90.41,28159e488621c53ebee1b0526592d76b1b3c5ebe25443ae9bc1e92330ffc7654
clip_sample_001,12,1533151611262404,car,0.32998,768.09,454.71,800.07,480.39,90.41,28159e488621c53ebee1b0526592d76b1b3c5ebe25443ae9bc1e92330ffc7654
clip_sample_001,12,1533151611262404,car,0.28179,807.73,455.1,842.74,475.42,90.41,28159e488621c53ebee1b0526592d76b1b3c5ebe25443ae9bc1e92330ffc7654
clip_sample_001,12,1533151611262404,car,0.2262,768.38,457.89,798.59,481.05,90.41,28159e488621c53ebee1b0526592d76b1b3c5ebe25443ae9bc1e92330ffc7654
clip_sample_001,12,1533151611262404,car,0.21232,640.48,444.27,715.93,508.76,90.41,28159e488621c53ebee1b0526592d76b1b3c5ebe25443ae9bc1e92330ffc7654
clip_sample_001,12,1533151611262404,car,0.18452,1288.72,446.09,1326.82,480.21,90.41,28159e488621c53ebee1b0526592d76b1b3c5ebe25443ae9bc1e92330ffc7654
clip_sample_001,12,1533151611262404,car,0.17093,538.32,473.7,660.04,516.42,90.41,28159e488621c53ebee1b0526592d76b1b3c5ebe25443ae9bc1e92330ffc7654
clip_sample_001,12,1533151611262404,car,0.16493,527.75,472.72,664.14,526.2,90.41,28159e488621c53ebee1b0526592d76b1b3c5ebe25443ae9bc1e92330ffc7654
clip_sample_001,12,1533151611262404,car,0.149,538.53,475.88,663.28,537.3,90.41,28159e488621c53ebee1b0526592d76b1b3c5ebe25443ae9bc1e92330ffc7654
clip_sample_001,12,1533151611262404,car,0.14807,636.08,444.32,702.15,508.04,90.41,28159e488621c53ebee1b0526592d76b1b3c5ebe25443ae9bc1e92330ffc7654
clip_sample_001,12,1533151611262404,car,0.14497,716.71,459.48,758.76,491.68,90.41,28159e488621c53ebee1b0526592d76b1b3c5ebe25443ae9bc1e92330ffc7654
clip_sample_001,12,1533151611262404,car,0.14157,805.73,455.78,830.69,476.01,90.41,28159e488621c53ebee1b0526592d76b1b3c5ebe25443ae9bc1e92330ffc7654
clip_sample_001,12,1533151611262404,car,0.13353,928.66,457.11,961.71,481.41,90.41,28159e488621c53ebee1b0526592d76b1b3c5ebe25443ae9bc1e92330ffc7654
clip_sample_001,12,1533151611262404,car,0.10875,1175.32,457.17,1205.83,475.99,90.41,28159e488621c53ebee1b0526592d76b1b3c5ebe25443ae9bc1e92330ffc7654
clip_sample_001,12,1533151611262404,car,0.10871,935.19,458.09,962.9,486.57,90.41,28159e488621c53ebee1b0526592d76b1b3c5ebe25443ae9bc1e92330ffc7654
clip_sample_001,12,1533151611262404,car,0.10258,762.06,459.91,790.56,484.36,90.41,28159e488621c53ebee1b0526592d76b1b3c5ebe25443ae9bc1e92330ffc7654
clip_sample_001,12,1533151611262404,car,0.09902,810.88,461.44,837.21,476.4,90.41,28159e488621c53ebee1b0526592d76b1b3c5ebe25443ae9bc1e92330ffc7654
clip_sample_001,12,1533151611262404,car,0.09493,962.24,459.38,992.48,498.62,90.41,28159e488621c53ebee1b0526592d76b1b3c5ebe25443ae9bc1e92330ffc7654
clip_sample_001,12,1533151611262404,car,0.07776,1106.59,467.48,1144.69,496.25,90.41,28159e488621c53ebee1b0526592d76b1b3c5ebe25443ae9bc1e92330ffc7654
clip_sample_001,12,1533151611262404,car,0.0642,807.12,461.93,833.11,476.94,90.41,28159e488621c53ebee1b0526592d76b1b3c5ebe25443ae9bc1e92330ffc7654
clip_sample_001,12,1533151611262404,car,0.06226,714.45,456.14,748.72,488.95,90.41,28159e488621c53ebee1b0526592d76b1b3c5ebe25443ae9bc1e92330ffc7654
clip_sample_001,12,1533151611262404,truck,0.06146,862.21,459.92,905.18,497.47,90.41,28159e488621c53ebee1b0526592d76b1b3c5ebe25443ae9bc1e92330ffc7654
clip_sample_001,12,1533151611262404,car,0.05848,803.87,456.13,837.66,480.51,90.41,28159e488621c53ebee1b0526592d76b1b3c5ebe25443ae9bc1e92330ffc7654
clip_sample_001,12,1533151611262404,car,0.05598,845.62,455.21,865.39,473.93,90.41,28159e488621c53ebee1b0526592d76b1b3c5ebe25443ae9bc1e92330ffc7654
clip_sample_001,12,1533151611262404,car,0.05408,913.89,458.7,952.49,483.68,90.41,28159e488621c53ebee1b0526592d76b1b3c5ebe25443ae9bc1e92330ffc7654
clip_sample_001,12,1533151611262404,car,0.05362,1430.25,440.21,1510.32,478.41,90.41,28159e488621c53ebee1b0526592d76b1b3c5ebe25443ae9bc1e92330ffc7654
clip_sample_001,12,1533151611262404,car,0.0528,1316.79,448.08,1353.84,478.74,90.41,28159e488621c53ebee1b0526592d76b1b3c5ebe25443ae9bc1e92330ffc7654
clip_sample_001,12,1533151611262404,car,0.05256,905.45,456.24,959.95,481.06,90.41,28159e488621c53ebee1b0526592d76b1b3c5ebe25443ae9bc1e92330ffc7654
clip_sample_001,12,1533151611262404,person,0.05234,1255.4,411.56,1290.09,534.34,90.41,28159e488621c53ebee1b0526592d76b1b3c5ebe25443ae9bc1e92330ffc7654
clip_sample_001,12,1533151611262404,car,0.05017,962.48,456.89,1040.89,505.47,90.41,28159e488621c53ebee1b0526592d76b1b3c5ebe25443ae9bc1e92330ffc7654
clip_sample_001,12,1533151611262404,truck,0.05002,1517.39,425.2,1598.13,489.64,90.41,28159e488621c53ebee1b0526592d76b1b3c5ebe25443ae9bc1e92330ffc7654
clip_sample_001,13,1533151611362404,car,0.92159,182.68,461.97,696.65,656.61,89.54,666dce2cf077eb4cd5b716c6dbdcd6ce7c5138ea7373255601a8a04a81c86c39
clip_sample_001,13,1533151611362404,car,0.92115,1234.76,478.06,1600.0,723.02,89.54,666dce2cf077eb4cd5b716c6dbdcd6ce7c5138ea7373255601a8a04a81c86c39
clip_sample_001,13,1533151611362404,car,0.74765,862.67,463.64,905.44,497.36,89.54,666dce2cf077eb4cd5b716c6dbdcd6ce7c5138ea7373255601a8a04a81c86c39
clip_sample_001,13,1533151611362404,car,0.53402,990.97,460.24,1057.46,509.52,89.54,666dce2cf077eb4cd5b716c6dbdcd6ce7c5138ea7373255601a8a04a81c86c39
clip_sample_001,13,1533151611362404,person,0.49801,0.0,484.61,32.93,596.83,89.54,666dce2cf077eb4cd5b716c6dbdcd6ce7c5138ea7373255601a8a04a81c86c39
clip_sample_001,13,1533151611362404,person,0.4354,0.0,486.49,27.9,596.14,89.54,666dce2cf077eb4cd5b716c6dbdcd6ce7c5138ea7373255601a8a04a81c86c39
clip_sample_001,13,1533151611362404,car,0.36497,769.74,455.11,801.32,480.34,89.54,666dce2cf077eb4cd5b716c6dbdcd6ce7c5138ea7373255601a8a04a81c86c39
clip_sample_001,13,1533151611362404,car,0.31895,711.39,456.55,752.57,496.4,89.54,666dce2cf077eb4cd5b716c6dbdcd6ce7c5138ea7373255601a8a04a81c86c39
clip_sample_001,13,1533151611362404,car,0.19539,769.33,457.63,800.12,481.06,89.54,666dce2cf077eb4cd5b716c6dbdcd6ce7c5138ea7373255601a8a04a81c86c39
clip_sample_001,13,1533151611362404,car,0.18835,808.69,455.02,844.31,475.91,89.54,666dce2cf077eb4cd5b716c6dbdcd6ce7c5138ea7373255601a8a04a81c86c39
clip_sample_001,13,1533151611362404,car,0.16496,544.76,475.06,656.67,511.85,89.54,666dce2cf077eb4cd5b716c6dbdcd6ce7c5138ea7373255601a8a04a81c86c39
clip_sample_001,13,1533151611362404,car,0.15094,959.5,459.75,995.18,499.33,89.54,666dce2cf077eb4cd5b716c6dbdcd6ce7c5138ea7373255601a8a04a81c86c39
clip_sample_001,13,1533151611362404,car,0.15011,1427.74,439.92,1516.28,477.68,89.54,666dce2cf077eb4cd5b716c6dbdcd6ce7c5138ea7373255601a8a04a81c86c39
clip_sample_001,13,1533151611362404,car,0.13609,631.94,444.09,713.79,508.74,89.54,666dce2cf077eb4cd5b716c6dbdcd6ce7c5138ea7373255601a8a04a81c86c39
clip_sample_001,13,1533151611362404,car,0.12814,936.35,459.52,965.05,487.78,89.54,666dce2cf077eb4cd5b716c6dbdcd6ce7c5138ea7373255601a8a04a81c86c39
clip_sample_001,13,1533151611362404,car,0.12571,961.16,458.17,1008.68,505.37,89.54,666dce2cf077eb4cd5b716c6dbdcd6ce7c5138ea7373255601a8a04a81c86c39
clip_sample_001,13,1533151611362404,car,0.10892,930.43,456.74,960.5,481.87,89.54,666dce2cf077eb4cd5b716c6dbdcd6ce7c5138ea7373255601a8a04a81c86c39
clip_sample_001,13,1533151611362404,car,0.09531,1176.82,457.29,1209.84,477.02,89.54,666dce2cf077eb4cd5b716c6dbdcd6ce7c5138ea7373255601a8a04a81c86c39
clip_sample_001,13,1533151611362404,car,0.09043,812.35,462.47,839.4,477.82,89.54,666dce2cf077eb4cd5b716c6dbdcd6ce7c5138ea7373255601a8a04a81c86c39
clip_sample_001,13,1533151611362404,person,0.08292,1233.61,450.66,1259.05,530.3,89.54,666dce2cf077eb4cd5b716c6dbdcd6ce7c5138ea7373255601a8a04a81c86c39
clip_sample_001,13,1533151611362404,car,0.08257,1375.35,427.67,1511.86,478.73,89.54,666dce2cf077eb4cd5b716c6dbdcd6ce7c5138ea7373255601a8a04a81c86c39
clip_sample_001,13,1533151611362404,truck,0.07669,1522.94,425.5,1598.42,488.0,89.54,666dce2cf077eb4cd5b716c6dbdcd6ce7c5138ea7373255601a8a04a81c86c39
clip_sample_001,13,1533151611362404,car,0.07593,841.61,456.49,864.28,474.11,89.54,666dce2cf077eb4cd5b716c6dbdcd6ce7c5138ea7373255601a8a04a81c86c39
clip_sample_001,13,1533151611362404,car,0.07342,806.47,454.68,830.15,476.09,89.54,666dce2cf077eb4cd5b716c6dbdcd6ce7c5138ea7373255601a8a04a81c86c39
clip_sample_001,13,1533151611362404,car,0.07108,905.18,455.41,948.1,480.19,89.54,666dce2cf077eb4cd5b716c6dbdcd6ce7c5138ea7373255601a8a04a81c86c39
clip_sample_001,13,1533151611362404,car,0.06821,713.12,456.96,749.36,488.14,89.54,666dce2cf077eb4cd5b716c6dbdcd6ce7c5138ea7373255601a8a04a81c86c39
clip_sample_001,13,1533151611362404,car,0.06394,634.16,444.71,715.55,508.81,89.54,666dce2cf077eb4cd5b716c6dbdcd6ce7c5138ea7373255601a8a04a81c86c39
clip_sample_001,13,1533151611362404,person,0.0605,1261.54,409.24,1301.69,527.49,89.54,666dce2cf077eb4cd5b716c6dbdcd6ce7c5138ea7373255601a8a04a81c86c39
clip_sample_001,13,1533151611362404,car,0.05925,721.0,459.35,755.88,491.06,89.54,666dce2cf077eb4cd5b716c6dbdcd6ce7c5138ea7373255601a8a04a81c86c39
clip_sample_001,13,1533151611362404,car,0.05826,913.4,458.77,952.25,484.09,89.54,666dce2cf077eb4cd5b716c6dbdcd6ce7c5138ea7373255601a8a04a81c86c39
clip_sample_001,13,1533151611362404,car,0.05672,1309.8,451.31,1346.01,476.86,89.54,666dce2cf077eb4cd5b716c6dbdcd6ce7c5138ea7373255601a8a04a81c86c39
clip_sample_001,13,1533151611362404,car,0.05179,956.86,458.35,1000.97,502.78,89.54,666dce2cf077eb4cd5b716c6dbdcd6ce7c5138ea7373255601a8a04a81c86c39
clip_sample_001,13,1533151611362404,car,0.05066,1350.68,453.88,1379.78,480.15,89.54,666dce2cf077eb4cd5b716c6dbdcd6ce7c5138ea7373255601a8a04a81c86c39
clip_sample_001,14,1533151611412404,car,0.92536,1238.83,478.24,1600.0,722.18,92.77,899454d94aaf3a53d2d2a1484619919da3586adec602bba9e56d160ae59ae4a3
clip_sample_001,14,1533151611412404,car,0.92471,196.66,461.41,707.47,656.56,92.77,899454d94aaf3a53d2d2a1484619919da3586adec602bba9e56d160ae59ae4a3
clip_sample_001,14,1533151611412404,car,0.79234,862.51,465.13,904.72,498.31,92.77,899454d94aaf3a53d2d2a1484619919da3586adec602bba9e56d160ae59ae4a3
clip_sample_001,14,1533151611412404,person,0.57156,0.0,495.53,18.38,603.91,92.77,899454d94aaf3a53d2d2a1484619919da3586adec602bba9e56d160ae59ae4a3
clip_sample_001,14,1533151611412404,car,0.50031,990.15,460.0,1056.99,509.97,92.77,899454d94aaf3a53d2d2a1484619919da3586adec602bba9e56d160ae59ae4a3
clip_sample_001,14,1533151611412404,car,0.26427,770.74,456.49,801.46,480.7,92.77,899454d94aaf3a53d2d2a1484619919da3586adec602bba9e56d160ae59ae4a3
clip_sample_001,14,1533151611412404,car,0.23544,713.78,457.41,752.65,496.76,92.77,899454d94aaf3a53d2d2a1484619919da3586adec602bba9e56d160ae59ae4a3
clip_sample_001,14,1533151611412404,car,0.22507,769.82,458.58,799.63,481.7,92.77,899454d94aaf3a53d2d2a1484619919da3586adec602bba9e56d160ae59ae4a3
clip_sample_001,14,1533151611412404,car,0.1824,810.14,454.93,841.62,476.47,92.77,899454d94aaf3a53d2d2a1484619919da3586adec602bba9e56d160ae59ae4a3
clip_sample_001,14,1533151611412404,car,0.16997,928.59,459.5,965.2,487.96,92.77,899454d94aaf3a53d2d2a1484619919da3586adec602bba9e56d160ae59ae4a3
clip_sample_001,14,1533151611412404,car,0.15777,556.63,475.96,649.44,513.13,92.77,899454d94aaf3a53d2d2a1484619919da3586adec602bba9e56d160ae59ae4a3
clip_sample_001,14,1533151611412404,person,0.13312,1231.9,452.23,1258.41,527.27,92.77,899454d94aaf3a53d2d2a1484619919da3586adec602bba9e56d160ae59ae4a3
clip_sample_001,14,1533151611412404,car,0.12127,631.84,446.71,708.13,509.76,92.77,899454d94aaf3a53d2d2a1484619919da3586adec602bba9e56d160ae59ae4a3
clip_sample_001,14,1533151611412404,car,0.10798,643.2,447.98,716.38,509.5,92.77,899454d94aaf3a53d2d2a1484619919da3586adec602bba9e56d160ae59ae4a3
clip_sample_001,14,1533151611412404,car,0.1072,1179.16,455.64,1212.0,476.8,92.77,899454d94aaf3a53d2d2a1484619919da3586adec602bba9e56d160ae59ae4a3
clip_sample_001,14,1533151611412404,car,0.10464,811.9,461.44,837.76,477.68,92.77,899454d94aaf3a53d2d2a1484619919da3586adec602bba9e56d160ae59ae4a3
clip_sample_001,14,1533151611412404,car,0.10019,962.34,458.47,1010.94,506.14,92.77,899454d94aaf3a53d2d2a1484619919da3586adec602bba9e56d160ae59ae4a3
clip_sample_001,14,1533151611412404,car,0.09618,961.66,460.6,994.84,499.53,92.77,899454d94aaf3a53d2d2a1484619919da3586adec602bba9e56d160ae59ae4a3
clip_sample_001,14,1533151611412404,car,0.08786,928.21,458.3,962.21,482.07,92.77,899454d94aaf3a53d2d2a1484619919da3586adec602bba9e56d160ae59ae4a3
clip_sample_001,14,1533151611412404,car,0.08581,721.37,459.46,756.47,491.23,92.77,899454d94aaf3a53d2d2a1484619919da3586adec602bba9e56d160ae59ae4a3
clip_sample_001,14,1533151611412404,car,0.07254,715.33,457.65,748.93,487.54,92.77,899454d94aaf3a53d2d2a1484619919da3586adec602bba9e56d160ae59ae4a3
clip_sample_001,14,1533151611412404,car,0.06967,916.18,460.38,953.97,484.54,92.77,899454d94aaf3a53d2d2a1484619919da3586adec602bba9e56d160ae59ae4a3
clip_sample_001,14,1533151611412404,car,0.06599,1430.51,440.19,1516.34,476.74,92.77,899454d94aaf3a53d2d2a1484619919da3586adec602bba9e56d160ae59ae4a3
clip_sample_001,14,1533151611412404,car,0.06513,577.62,476.12,660.09,512.6,92.77,899454d94aaf3a53d2d2a1484619919da3586adec602bba9e56d160ae59ae4a3
clip_sample_001,14,1533151611412404,car,0.06405,1149.59,454.44,1175.55,476.65,92.77,899454d94aaf3a53d2d2a1484619919da3586adec602bba9e56d160ae59ae4a3
clip_sample_001,14,1533151611412404,truck,0.05982,1522.37,426.5,1598.32,488.22,92.77,899454d94aaf3a53d2d2a1484619919da3586adec602bba9e56d160ae59ae4a3
clip_sample_001,14,1533151611412404,person,0.05745,1264.56,407.92,1303.56,521.0,92.77,899454d94aaf3a53d2d2a1484619919da3586adec602bba9e56d160ae59ae4a3
clip_sample_001,14,1533151611412404,car,0.05599,1310.02,450.42,1340.13,477.8,92.77,899454d94aaf3a53d2d2a1484619919da3586adec602bba9e56d160ae59ae4a3
clip_sample_001,14,1533151611412404,car,0.05529,762.99,461.15,790.11,485.31,92.77,899454d94aaf3a53d2d2a1484619919da3586adec602bba9e56d160ae59ae4a3
clip_sample_001,14,1533151611412404,truck,0.05304,862.51,465.13,904.72,498.31,92.77,899454d94aaf3a53d2d2a1484619919da3586adec602bba9e56d160ae59ae4a3
clip_sample_001,15,1533151611512404,car,0.9274,1250.19,480.01,1599.81,727.16,92.08,e2079cfd75da1d62d17a49ff9a50680c1988319f5381e79b8fed4c2bf4b8b987
clip_sample_001,15,1533151611512404,car,0.92453,227.99,461.84,731.39,656.7,92.08,e2079cfd75da1d62d17a49ff9a50680c1988319f5381e79b8fed4c2bf4b8b987
clip_sample_001,15,1533151611512404,car,0.61484,862.31,466.45,904.39,500.6,92.08,e2079cfd75da1d62d17a49ff9a50680c1988319f5381e79b8fed4c2bf4b8b987
clip_sample_001,15,1533151611512404,car,0.45326,860.72,468.56,903.67,500.48,92.08,e2079cfd75da1d62d17a49ff9a50680c1988319f5381e79b8fed4c2bf4b8b987
clip_sample_001,15,1533151611512404,car,0.39574,992.06,462.81,1057.19,510.63,92.08,e2079cfd75da1d62d17a49ff9a50680c1988319f5381e79b8fed4c2bf4b8b987
clip_sample_001,15,1533151611512404,car,0.33162,768.3,459.19,800.12,484.66,92.08,e2079cfd75da1d62d17a49ff9a50680c1988319f5381e79b8fed4c2bf4b8b987
clip_sample_001,15,1533151611512404,car,0.32529,711.47,457.26,756.69,498.32,92.08,e2079cfd75da1d62d17a49ff9a50680c1988319f5381e79b8fed4c2bf4b8b987
clip_sample_001,15,1533151611512404,car,0.22569,624.49,445.8,715.23,513.1,92.08,e2079cfd75da1d62d17a49ff9a50680c1988319f5381e79b8fed4c2bf4b8b987
clip_sample_001,15,1533151611512404,car,0.19338,629.63,446.19,713.32,511.35,92.08,e2079cfd75da1d62d17a49ff9a50680c1988319f5381e79b8fed4c2bf4b8b987
clip_sample_001,15,1533151611512404,person,0.1906,1230.23,453.98,1256.07,525.3,92.08,e2079cfd75da1d62d17a49ff9a50680c1988319f5381e79b8fed4c2bf4b8b987
clip_sample_001,15,1533151611512404,car,0.17097,928.94,461.06,963.01,487.71,92.08,e2079cfd75da1d62d17a49ff9a50680c1988319f5381e79b8fed4c2bf4b8b987
clip_sample_001,15,1533151611512404,car,0.14441,770.06,456.93,801.31,482.52,92.08,e2079cfd75da1d62d17a49ff9a50680c1988319f5381e79b8fed4c2bf4b8b987
clip_sample_001,15,1533151611512404,car,0.14158,718.46,460.42,759.21,493.55,92.08,e2079cfd75da1d62d17a49ff9a50680c1988319f5381e79b8fed4c2bf4b8b987
clip_sample_001,15,1533151611512404,car,0.13123,958.28,460.26,1053.35,510.91,92.08,e2079cfd75da1d62d17a49ff9a50680c1988319f5381e79b8fed4c2bf4b8b987
clip_sample_001,15,1533151611512404,car,0.12931,813.57,462.59,835.52,480.84,92.08,e2079cfd75da1d62d17a49ff9a50680c1988319f5381e79b8fed4c2bf4b8b987
clip_sample_001,15,1533151611512404,car,0.12811,809.99,455.62,842.35,477.66,92.08,e2079cfd75da1d62d17a49ff9a50680c1988319f5381e79b8fed4c2bf4b8b987
clip_sample_001,15,1533151611512404,car,0.11881,960.2,460.9,1011.59,507.63,92.08,e2079cfd75da1d62d17a49ff9a50680c1988319f5381e79b8fed4c2bf4b8b987
clip_sample_001,15,1533151611512404,car,0.11744,959.75,462.07,996.34,500.17,92.08,e2079cfd75da1d62d17a49ff9a50680c1988319f5381e79b8fed4c2bf4b8b987
clip_sample_001,15,1533151611512404,car,0.0987,1521.88,490.52,1599.74,543.85,92.08,e2079cfd75da1d62d17a49ff9a50680c1988319f5381e79b8fed4c2bf4b8b987
clip_sample_001,15,1533151611512404,car,0.08075,763.35,462.11,791.03,486.81,92.08,e2079cfd75da1d62d17a49ff9a50680c1988319f5381e79b8fed4c2bf4b8b987
clip_sample_001,15,1533151611512404,car,0.07301,807.16,463.24,826.71,479.34,92.08,e2079cfd75da1d62d17a49ff9a50680c1988319f5381e79b8fed4c2bf4b8b987
clip_sample_001,15,1533151611512404,car,0.07275,919.42,462.5,952.77,485.57,92.08,e2079cfd75da1d62d17a49ff9a50680c1988319f5381e79b8fed4c2bf4b8b987
clip_sample_001,15,1533151611512404,person,0.06996,1228.38,453.23,1258.37,521.13,92.08,e2079cfd75da1d62d17a49ff9a50680c1988319f5381e79b8fed4c2bf4b8b987
clip_sample_001,15,1533151611512404,car,0.05955,1151.56,458.26,1174.06,479.85,92.08,e2079cfd75da1d62d17a49ff9a50680c1988319f5381e79b8fed4c2bf4b8b987
clip_sample_001,15,1533151611512404,car,0.05579,1308.13,452.01,1343.29,480.71,92.08,e2079cfd75da1d62d17a49ff9a50680c1988319f5381e79b8fed4c2bf4b8b987
clip_sample_001,15,1533151611512404,person,0.0552,0.0,510.29,10.55,576.91,92.08,e2079cfd75da1d62d17a49ff9a50680c1988319f5381e79b8fed4c2bf4b8b987
clip_sample_001,15,1533151611512404,car,0.05315,932.87,460.03,963.7,482.82,92.08,e2079cfd75da1d62d17a49ff9a50680c1988319f5381e79b8fed4c2bf4b8b987
clip_sample_001,15,1533151611512404,car,0.05028,1179.04,459.92,1211.48,478.53,92.08,e2079cfd75da1d62d17a49ff9a50680c1988319f5381e79b8fed4c2bf4b8b987
clip_sample_001,16,1533151611612404,car,0.93305,1254.7,479.34,1600.0,736.51,90.73,fca0792b323800f685cc896c1d26abde1c3a17753749157ecbc4d3c942435b66
clip_sample_001,16,1533151611612404,car,0.91979,257.01,463.16,751.97,657.75,90.73,fca0792b323800f685cc896c1d26abde1c3a17753749157ecbc4d3c942435b66
clip_sample_001,16,1533151611612404,car,0.57362,993.52,464.22,1058.59,513.66,90.73,fca0792b323800f685cc896c1d26abde1c3a17753749157ecbc4d3c942435b66
clip_sample_001,16,1533151611612404,car,0.51533,860.84,469.0,902.32,500.85,90.73,fca0792b323800f685cc896c1d26abde1c3a17753749157ecbc4d3c942435b66
clip_sample_001,16,1533151611612404,car,0.47069,862.43,467.0,903.06,500.35,90.73,fca0792b323800f685cc896c1d26abde1c3a17753749157ecbc4d3c942435b66
clip_sample_001,16,1533151611612404,car,0.39198,709.75,459.5,750.55,499.35,90.73,fca0792b323800f685cc896c1d26abde1c3a17753749157ecbc4d3c942435b66
clip_sample_001,16,1533151611612404,car,0.34138,768.98,459.34,797.66,486.01,90.73,fca0792b323800f685cc896c1d26abde1c3a17753749157ecbc4d3c942435b66
clip_sample_001,16,1533151611612404,car,0.22177,627.45,448.72,711.82,511.83,90.73,fca0792b323800f685cc896c1d26abde1c3a17753749157ecbc4d3c942435b66
clip_sample_001,16,1533151611612404,car,0.1831,812.22,464.16,834.98,482.87,90.73,fca0792b323800f685cc896c1d26abde1c3a17753749157ecbc4d3c942435b66
clip_sample_001,16,1533151611612404,car,0.1776,957.19,462.92,998.34,503.45,90.73,fca0792b323800f685cc896c1d26abde1c3a17753749157ecbc4d3c942435b66
clip_sample_001,16,1533151611612404,car,0.14733,928.45,461.99,964.79,493.14,90.73,fca0792b323800f685cc896c1d26abde1c3a17753749157ecbc4d3c942435b66
clip_sample_001,16,1533151611612404,car,0.14211,762.14,461.68,792.29,488.43,90.73,fca0792b323800f685cc896c1d26abde1c3a17753749157ecbc4d3c942435b66
clip_sample_001,16,1533151611612404,car,0.13279,807.06,463.82,829.44,481.37,90.73,fca0792b323800f685cc896c1d26abde1c3a17753749157ecbc4d3c942435b66
clip_sample_001,16,1533151611612404,person,0.12295,1230.65,454.31,1252.7,527.11,90.73,fca0792b323800f685cc896c1d26abde1c3a17753749157ecbc4d3c942435b66
clip_sample_001,16,1533151611612404,car,0.12242,959.51,463.76,1031.3,510.85,90.73,fca0792b323800f685cc896c1d26abde1c3a17753749157ecbc4d3c942435b66
clip_sample_001,16,1533151611612404,car,0.11888,771.0,457.44,799.29,483.84,90.73,fca0792b323800f685cc896c1d26abde1c3a17753749157ecbc4d3c942435b66
clip_sample_001,16,1533151611612404,car,0.10626,724.75,462.61,762.47,494.27,90.73,fca0792b323800f685cc896c1d26abde1c3a17753749157ecbc4d3c942435b66
clip_sample_001,16,1533151611612404,car,0.10572,916.63,462.72,953.37,486.56,90.73,fca0792b323800f685cc896c1d26abde1c3a17753749157ecbc4d3c942435b66
clip_sample_001,16,1533151611612404,car,0.10158,809.36,456.97,843.61,479.31,90.73,fca0792b323800f685cc896c1d26abde1c3a17753749157ecbc4d3c942435b66
clip_sample_001,16,1533151611612404,car,0.09419,963.69,463.18,1004.93,506.49,90.73,fca0792b323800f685cc896c1d26abde1c3a17753749157ecbc4d3c942435b66
clip_sample_001,16,1533151611612404,car,0.09226,625.74,448.24,713.82,512.59,90.73,fca0792b323800f685cc896c1d26abde1c3a17753749157ecbc4d3c942435b66
clip_sample_001,16,1533151611612404,car,0.08442,1171.41,457.25,1253.4,533.96,90.73,fca0792b323800f685cc896c1d26abde1c3a17753749157ecbc4d3c942435b66
clip_sample_001,16,1533151611612404,traffic light,0.0749,504.58,415.38,518.65,442.42,90.73,fca0792b323800f685cc896c1d26abde1c3a17753749157ecbc4d3c942435b66
clip_sample_001,16,1533151611612404,car,0.07014,1315.66,451.2,1371.39,478.22,90.73,fca0792b323800f685cc896c1d26abde1c3a17753749157ecbc4d3c942435b66
clip_sample_001,16,1533151611612404,car,0.06802,956.15,461.99,1002.67,506.6,90.73,fca0792b323800f685cc896c1d26abde1c3a17753749157ecbc4d3c942435b66
clip_sample_001,16,1533151611612404,car,0.06598,1152.92,458.43,1177.5,481.58,90.73,fca0792b323800f685cc896c1d26abde1c3a17753749157ecbc4d3c942435b66
clip_sample_001,16,1533151611612404,car,0.06169,806.99,455.21,827.07,480.41,90.73,fca0792b323800f685cc896c1d26abde1c3a17753749157ecbc4d3c942435b66
clip_sample_001,16,1533151611612404,car,0.05355,995.44,463.39,1057.06,510.99,90.73,fca0792b323800f685cc896c1d26abde1c3a17753749157ecbc4d3c942435b66
clip_sample_001,16,1533151611612404,car,0.05335,954.15,464.96,1000.21,508.65,90.73,fca0792b323800f685cc896c1d26abde1c3a17753749157ecbc4d3c942435b66
clip_sample_001,16,1533151611612404,car,0.05331,838.05,454.35,862.31,477.2,90.73,fca0792b323800f685cc896c1d26abde1c3a17753749157ecbc4d3c942435b66
clip_sample_001,16,1533151611612404,traffic light,0.05321,1274.97,275.4,1319.54,352.3,90.73,fca0792b323800f685cc896c1d26abde1c3a17753749157ecbc4d3c942435b66
clip_sample_001,16,1533151611612404,car,0.05273,1379.99,437.18,1525.01,480.62,90.73,fca0792b323800f685cc896c1d26abde1c3a17753749157ecbc4d3c942435b66
clip_sample_001,17,1533151611662413,car,0.93476,1257.05,481.06,1600.0,737.6,95.58,2b7371fb8cf034cdf9f429201c841a990942a53cd3f4ba53d91949587a1723dd
clip_sample_001,17,1533151611662413,car,0.89134,263.63,464.62,766.02,654.91,95.58,2b7371fb8cf034cdf9f429201c841a990942a53cd3f4ba53d91949587a1723dd
clip_sample_001,17,1533151611662413,car,0.53518,860.7,469.94,902.01,500.97,95.58,2b7371fb8cf034cdf9f429201c841a990942a53cd3f4ba53d91949587a1723dd
clip_sample_001,17,1533151611662413,car,0.46114,767.39,460.07,798.61,487.66,95.58,2b7371fb8cf034cdf9f429201c841a990942a53cd3f4ba53d91949587a1723dd
clip_sample_001,17,1533151611662413,car,0.38166,709.26,459.58,752.84,499.18,95.58,2b7371fb8cf034cdf9f429201c841a990942a53cd3f4ba53d91949587a1723dd
clip_sample_001,17,1533151611662413,car,0.36786,997.01,464.65,1058.97,512.68,95.58,2b7371fb8cf034cdf9f429201c841a990942a53cd3f4ba53d91949587a1723dd
clip_sample_001,17,1533151611662413,car,0.34739,862.42,467.57,902.83,500.72,95.58,2b7371fb8cf034cdf9f429201c841a990942a53cd3f4ba53d91949587a1723dd
clip_sample_001,17,1533151611662413,car,0.29847,628.62,447.1,712.52,511.84,95.58,2b7371fb8cf034cdf9f429201c841a990942a53cd3f4ba53d91949587a1723dd
clip_sample_001,17,1533151611662413,person,0.19705,1231.84,455.52,1253.04,527.25,95.58,2b7371fb8cf034cdf9f429201c841a990942a53cd3f4ba53d91949587a1723dd
clip_sample_001,17,1533151611662413,car,0.16207,761.71,461.74,793.37,488.85,95.58,2b7371fb8cf034cdf9f429201c841a990942a53cd3f4ba53d91949587a1723dd
clip_sample_001,17,1533151611662413,car,0.14649,927.49,462.63,963.89,490.51,95.58,2b7371fb8cf034cdf9f429201c841a990942a53cd3f4ba53d91949587a1723dd
clip_sample_001,17,1533151611662413,car,0.14404,812.31,464.0,834.98,483.47,95.58,2b7371fb8cf034cdf9f429201c841a990942a53cd3f4ba53d91949587a1723dd
clip_sample_001,17,1533151611662413,car,0.14064,805.64,464.01,829.1,481.71,95.58,2b7371fb8cf034cdf9f429201c841a990942a53cd3f4ba53d91949587a1723dd
clip_sample_001,17,1533151611662413,car,0.1394,720.84,463.52,761.14,494.24,95.58,2b7371fb8cf034cdf9f429201c841a990942a53cd3f4ba53d91949587a1723dd
clip_sample_001,17,1533151611662413,car,0.12158,1000.52,463.72,1057.18,507.66,95.58,2b7371fb8cf034cdf9f429201c841a990942a53cd3f4ba53d91949587a1723dd
clip_sample_001,17,1533151611662413,car,0.11102,960.81,464.54,997.43,502.88,95.58,2b7371fb8cf034cdf9f429201c841a990942a53cd3f4ba53d91949587a1723dd
clip_sample_001,17,1533151611662413,traffic light,0.10738,1277.29,275.64,1320.89,357.61,95.58,2b7371fb8cf034cdf9f429201c841a990942a53cd3f4ba53d91949587a1723dd
clip_sample_001,17,1533151611662413,car,0.10171,959.25,464.71,1017.57,511.17,95.58,2b7371fb8cf034cdf9f429201c841a990942a53cd3f4ba53d91949587a1723dd
clip_sample_001,17,1533151611662413,car,0.09708,960.65,463.78,1010.48,507.32,95.58,2b7371fb8cf034cdf9f429201c841a990942a53cd3f4ba53d91949587a1723dd
clip_sample_001,17,1533151611662413,car,0.08828,238.5,472.93,385.86,591.39,95.58,2b7371fb8cf034cdf9f429201c841a990942a53cd3f4ba53d91949587a1723dd
clip_sample_001,17,1533151611662413,car,0.08758,916.79,463.29,954.92,486.77,95.58,2b7371fb8cf034cdf9f429201c841a990942a53cd3f4ba53d91949587a1723dd
clip_sample_001,17,1533151611662413,car,0.08343,808.62,457.37,843.58,480.51,95.58,2b7371fb8cf034cdf9f429201c841a990942a53cd3f4ba53d91949587a1723dd
clip_sample_001,17,1533151611662413,car,0.07627,248.71,466.95,469.19,592.1,95.58,2b7371fb8cf034cdf9f429201c841a990942a53cd3f4ba53d91949587a1723dd
clip_sample_001,17,1533151611662413,traffic light,0.07447,1276.48,274.97,1320.27,355.78,95.58,2b7371fb8cf034cdf9f429201c841a990942a53cd3f4ba53d91949587a1723dd
clip_sample_001,17,1533151611662413,car,0.07172,768.95,459.44,799.71,485.27,95.58,2b7371fb8cf034cdf9f429201c841a990942a53cd3f4ba53d91949587a1723dd
clip_sample_001,17,1533151611662413,car,0.07101,626.68,446.05,714.48,513.31,95.58,2b7371fb8cf034cdf9f429201c841a990942a53cd3f4ba53d91949587a1723dd
clip_sample_001,17,1533151611662413,person,0.06509,1232.41,458.02,1253.93,494.02,95.58,2b7371fb8cf034cdf9f429201c841a990942a53cd3f4ba53d91949587a1723dd
clip_sample_001,17,1533151611662413,car,0.05436,806.39,457.18,826.93,480.94,95.58,2b7371fb8cf034cdf9f429201c841a990942a53cd3f4ba53d91949587a1723dd
clip_sample_001,17,1533151611662413,person,0.05116,278.78,477.84,304.46,524.27,95.58,2b7371fb8cf034cdf9f429201c841a990942a53cd3f4ba53d91949587a1723dd
clip_sample_001,17,1533151611662413,car,0.0504,1316.96,451.59,1369.05,477.77,95.58,2b7371fb8cf034cdf9f429201c841a990942a53cd3f4ba53d91949587a1723dd
clip_sample_001,18,1533151611762404,car,0.93621,1261.99,480.18,1600.0,746.76,91.66,eba79c23c8c5ddca1c45b84ab547fc6e9aeb6508e64e5e368fbd4b28f8f1ee61
clip_sample_001,18,1533151611762404,car,0.92171,308.09,462.57,788.28,654.42,91.66,eba79c23c8c5ddca1c45b84ab547fc6e9aeb6508e64e5e368fbd4b28f8f1ee61
clip_sample_001,18,1533151611762404,car,0.69564,861.98,466.81,902.57,499.86,91.66,eba79c23c8c5ddca1c45b84ab547fc6e9aeb6508e64e5e368fbd4b28f8f1ee61
clip_sample_001,18,1533151611762404,car,0.40477,707.95,459.46,750.63,499.88,91.66,eba79c23c8c5ddca1c45b84ab547fc6e9aeb6508e64e5e368fbd4b28f8f1ee61
clip_sample_001,18,1533151611762404,traffic light,0.38406,1280.9,271.86,1322.31,356.83,91.66,eba79c23c8c5ddca1c45b84ab547fc6e9aeb6508e64e5e368fbd4b28f8f1ee61
clip_sample_001,18,1533151611762404,car,0.36276,986.08,464.7,1061.7,515.02,91.66,eba79c23c8c5ddca1c45b84ab547fc6e9aeb6508e64e5e368fbd4b28f8f1ee61
clip_sample_001,18,1533151611762404,car,0.3538,860.55,469.7,901.6,500.14,91.66,eba79c23c8c5ddca1c45b84ab547fc6e9aeb6508e64e5e368fbd4b28f8f1ee61
clip_sample_001,18,1533151611762404,car,0.3272,767.7,458.65,799.17,487.23,91.66,eba79c23c8c5ddca1c45b84ab547fc6e9aeb6508e64e5e368fbd4b28f8f1ee61
clip_sample_001,18,1533151611762404,car,0.2563,231.22,501.2,341.04,591.0,91.66,eba79c23c8c5ddca1c45b84ab547fc6e9aeb6508e64e5e368fbd4b28f8f1ee61
clip_sample_001,18,1533151611762404,car,0.25545,628.57,447.86,711.06,510.91,91.66,eba79c23c8c5ddca1c45b84ab547fc6e9aeb6508e64e5e368fbd4b28f8f1ee61
clip_sample_001,18,1533151611762404,person,0.2445,1228.94,458.13,1253.24,536.66,91.66,eba79c23c8c5ddca1c45b84ab547fc6e9aeb6508e64e5e368fbd4b28f8f1ee61
clip_sample_001,18,1533151611762404,person,0.1997,1220.06,458.3,1252.41,537.56,91.66,eba79c23c8c5ddca1c45b84ab547fc6e9aeb6508e64e5e368fbd4b28f8f1ee61
clip_sample_001,18,1533151611762404,car,0.16284,929.64,461.87,963.74,490.37,91.66,eba79c23c8c5ddca1c45b84ab547fc6e9aeb6508e64e5e368fbd4b28f8f1ee61
clip_sample_001,18,1533151611762404,car,0.15407,271.38,483.66,345.91,523.99,91.66,eba79c23c8c5ddca1c45b84ab547fc6e9aeb6508e64e5e368fbd4b28f8f1ee61
clip_sample_001,18,1533151611762404,car,0.12311,957.95,463.55,996.71,501.45,91.66,eba79c23c8c5ddca1c45b84ab547fc6e9aeb6508e64e5e368fbd4b28f8f1ee61
clip_sample_001,18,1533151611762404,car,0.1216,813.02,463.91,834.37,482.92,91.66,eba79c23c8c5ddca1c45b84ab547fc6e9aeb6508e64e5e368fbd4b28f8f1ee61
clip_sample_001,18,1533151611762404,car,0.11842,917.46,463.01,951.71,485.76,91.66,eba79c23c8c5ddca1c45b84ab547fc6e9aeb6508e64e5e368fbd4b28f8f1ee61
clip_sample_001,18,1533151611762404,car,0.11475,761.01,461.39,793.29,488.78,91.66,eba79c23c8c5ddca1c45b84ab547fc6e9aeb6508e64e5e368fbd4b28f8f1ee61
clip_sample_001,18,1533151611762404,car,0.11119,769.56,457.11,800.07,485.12,91.66,eba79c23c8c5ddca1c45b84ab547fc6e9aeb6508e64e5e368fbd4b28f8f1ee61
clip_sample_001,18,1533151611762404,car,0.10174,720.14,462.58,759.05,494.08,91.66,eba79c23c8c5ddca1c45b84ab547fc6e9aeb6508e64e5e368fbd4b28f8f1ee61
clip_sample_001,18,1533151611762404,car,0.0931,805.8,463.05,828.89,481.83,91.66,eba79c23c8c5ddca1c45b84ab547fc6e9aeb6508e64e5e368fbd4b28f8f1ee61
clip_sample_001,18,1533151611762404,car,0.08555,1157.45,457.25,1180.34,477.28,91.66,eba79c23c8c5ddca1c45b84ab547fc6e9aeb6508e64e5e368fbd4b28f8f1ee61
clip_sample_001,18,1533151611762404,car,0.07585,960.03,463.28,1013.42,506.32,91.66,eba79c23c8c5ddca1c45b84ab547fc6e9aeb6508e64e5e368fbd4b28f8f1ee61
clip_sample_001,18,1533151611762404,person,0.07281,1279.49,400.2,1323.08,558.73,91.66,eba79c23c8c5ddca1c45b84ab547fc6e9aeb6508e64e5e368fbd4b28f8f1ee61
clip_sample_001,18,1533151611762404,person,0.06958,271.06,481.78,300.31,524.03,91.66,eba79c23c8c5ddca1c45b84ab547fc6e9aeb6508e64e5e368fbd4b28f8f1ee61
clip_sample_001,18,1533151611762404,car,0.06768,809.29,458.15,843.56,479.71,91.66,eba79c23c8c5ddca1c45b84ab547fc6e9aeb6508e64e5e368fbd4b28f8f1ee61
clip_sample_001,18,1533151611762404,car,0.06603,626.3,446.16,714.78,510.51,91.66,eba79c23c8c5ddca1c45b84ab547fc6e9aeb6508e64e5e368fbd4b28f8f1ee61
clip_sample_001,18,1533151611762404,car,0.05313,998.74,463.87,1058.79,505.18,91.66,eba79c23c8c5ddca1c45b84ab547fc6e9aeb6508e64e5e368fbd4b28f8f1ee61
clip_sample_001,18,1533151611762404,car,0.05278,1343.5,453.09,1392.95,476.89,91.66,eba79c23c8c5ddca1c45b84ab547fc6e9aeb6508e64e5e368fbd4b28f8f1ee61
clip_sample_001,18,1533151611762404,car,0.05258,806.29,456.0,826.58,481.25,91.66,eba79c23c8c5ddca1c45b84ab547fc6e9aeb6508e64e5e368fbd4b28f8f1ee61
clip_sample_001,19,1533151611862404,car,0.93494,1271.24,479.71,1600.0,755.27,87.31,af90dbd42209733705bbe88c5e8033a7d8f5d9f8dad529431a68326b36933426
clip_sample_001,19,1533151611862404,car,0.92538,340.77,461.82,810.09,651.44,87.31,af90dbd42209733705bbe88c5e8033a7d8f5d9f8dad529431a68326b36933426
clip_sample_001,19,1533151611862404,car,0.77908,225.0,495.11,377.73,591.3,87.31,af90dbd42209733705bbe88c5e8033a7d8f5d9f8dad529431a68326b36933426
clip_sample_001,19,1533151611862404,car,0.67061,861.8,466.66,901.83,499.92,87.31,af90dbd42209733705bbe88c5e8033a7d8f5d9f8dad529431a68326b36933426
clip_sample_001,19,1533151611862404,traffic light,0.46278,1281.7,270.23,1323.98,356.31,87.31,af90dbd42209733705bbe88c5e8033a7d8f5d9f8dad529431a68326b36933426
clip_sample_001,19,1533151611862404,car,0.38911,983.67,465.55,1063.13,516.22,87.31,af90dbd42209733705bbe88c5e8033a7d8f5d9f8dad529431a68326b36933426
clip_sample_001,19,1533151611862404,car,0.31629,859.56,468.76,900.91,499.99,87.31,af90dbd42209733705bbe88c5e8033a7d8f5d9f8dad529431a68326b36933426
clip_sample_001,19,1533151611862404,person,0.28286,1226.4,458.72,1254.11,538.79,87.31,af90dbd42209733705bbe88c5e8033a7d8f5d9f8dad529431a68326b36933426
clip_sample_001,19,1533151611862404,car,0.28202,707.11,459.84,753.64,497.8,87.31,af90dbd42209733705bbe88c5e8033a7d8f5d9f8dad529431a68326b36933426
clip_sample_001,19,1533151611862404,car,0.25864,767.03,458.9,799.69,487.65,87.31,af90dbd42209733705bbe88c5e8033a7d8f5d9f8dad529431a68326b36933426
clip_sample_001,19,1533151611862404,person,0.23763,1220.79,460.22,1253.14,538.12,87.31,af90dbd42209733705bbe88c5e8033a7d8f5d9f8dad529431a68326b36933426
clip_sample_001,19,1533151611862404,car,0.1567,913.09,462.59,957.62,487.22,87.31,af90dbd42209733705bbe88c5e8033a7d8f5d9f8dad529431a68326b36933426
clip_sample_001,19,1533151611862404,car,0.14969,639.2,444.99,702.46,485.26,87.31,af90dbd42209733705bbe88c5e8033a7d8f5d9f8dad529431a68326b36933426
clip_sample_001,19,1533151611862404,car,0.14127,926.32,462.27,964.56,492.37,87.31,af90dbd42209733705bbe88c5e8033a7d8f5d9f8dad529431a68326b36933426
clip_sample_001,19,1533151611862404,car,0.12974,957.06,464.45,997.35,503.15,87.31,af90dbd42209733705bbe88c5e8033a7d8f5d9f8dad529431a68326b36933426
clip_sample_001,19,1533151611862404,car,0.12233,769.22,456.15,800.67,485.69,87.31,af90dbd42209733705bbe88c5e8033a7d8f5d9f8dad529431a68326b36933426
clip_sample_001,19,1533151611862404,car,0.11292,720.82,463.74,758.7,494.78,87.31,af90dbd42209733705bbe88c5e8033a7d8f5d9f8dad529431a68326b36933426
clip_sample_001,19,1533151611862404,car,0.08698,639.68,449.23,716.21,503.74,87.31,af90dbd42209733705bbe88c5e8033a7d8f5d9f8dad529431a68326b36933426
clip_sample_001,19,1533151611862404,car,0.08399,1255.93,446.67,1292.71,489.28,87.31,af90dbd42209733705bbe88c5e8033a7d8f5d9f8dad529431a68326b36933426
clip_sample_001,19,1533151611862404,car,0.07909,760.61,462.12,794.67,488.89,87.31,af90dbd42209733705bbe88c5e8033a7d8f5d9f8dad529431a68326b36933426
clip_sample_001,19,1533151611862404,car,0.07778,1340.13,453.13,1394.75,477.98,87.31,af90dbd42209733705bbe88c5e8033a7d8f5d9f8dad529431a68326b36933426
clip_sample_001,19,1533151611862404,person,0.0754,594.92,427.54,626.51,461.66,87.31,af90dbd42209733705bbe88c5e8033a7d8f5d9f8dad529431a68326b36933426
clip_sample_001,19,1533151611862404,person,0.07039,268.45,481.33,295.48,522.7,87.31,af90dbd42209733705bbe88c5e8033a7d8f5d9f8dad529431a68326b36933426
clip_sample_001,19,1533151611862404,car,0.07011,820.68,464.24,843.29,483.32,87.31,af90dbd42209733705bbe88c5e8033a7d8f5d9f8dad529431a68326b36933426
clip_sample_001,19,1533151611862404,car,0.0696,684.36,458.58,741.61,499.55,87.31,af90dbd42209733705bbe88c5e8033a7d8f5d9f8dad529431a68326b36933426
clip_sample_001,19,1533151611862404,person,0.06673,615.5,427.66,643.42,461.2,87.31,af90dbd42209733705bbe88c5e8033a7d8f5d9f8dad529431a68326b36933426
clip_sample_001,19,1533151611862404,car,0.06316,961.13,463.64,1006.11,506.47,87.31,af90dbd42209733705bbe88c5e8033a7d8f5d9f8dad529431a68326b36933426
clip_sample_001,19,1533151611862404,car,0.05982,1257.4,452.6,1292.07,492.14,87.31,af90dbd42209733705bbe88c5e8033a7d8f5d9f8dad529431a68326b36933426
clip_sample_001,19,1533151611862404,car,0.05858,806.03,456.24,847.35,480.11,87.31,af90dbd42209733705bbe88c5e8033a7d8f5d9f8dad529431a68326b36933426
clip_sample_001,19,1533151611862404,car,0.05833,637.73,446.75,704.45,506.83,87.31,af90dbd42209733705bbe88c5e8033a7d8f5d9f8dad529431a68326b36933426
clip_sample_001,19,1533151611862404,car,0.0575,804.51,463.42,828.79,482.55,87.31,af90dbd42209733705bbe88c5e8033a7d8f5d9f8dad529431a68326b36933426
clip_sample_001,19,1533151611862404,car,0.05601,953.45,466.95,1000.19,509.57,87.31,af90dbd42209733705bbe88c5e8033a7d8f5d9f8dad529431a68326b36933426
clip_sample_001,19,1533151611862404,person,0.05244,552.43,427.49,584.11,463.2,87.31,af90dbd42209733705bbe88c5e8033a7d8f5d9f8dad529431a68326b36933426
clip_sample_001,20,1533151611912404,car,0.9318,1274.75,479.14,1599.94,759.74,90.79,81af88dcce2d2c324fc6436c7827250f05864e8f342cbffff1d2e81711466a8d
clip_sample_001,20,1533151611912404,car,0.93092,360.89,461.73,818.18,649.77,90.79,81af88dcce2d2c324fc6436c7827250f05864e8f342cbffff1d2e81711466a8d
clip_sample_001,20,1533151611912404,car,0.78401,226.15,496.72,401.72,591.9,90.79,81af88dcce2d2c324fc6436c7827250f05864e8f342cbffff1d2e81711466a8d
clip_sample_001,20,1533151611912404,car,0.60792,860.76,467.1,901.75,499.91,90.79,81af88dcce2d2c324fc6436c7827250f05864e8f342cbffff1d2e81711466a8d
clip_sample_001,20,1533151611912404,person,0.32626,1225.91,458.85,1254.62,540.21,90.79,81af88dcce2d2c324fc6436c7827250f05864e8f342cbffff1d2e81711466a8d
clip_sample_001,20,1533151611912404,person,0.31731,1222.34,459.12,1253.76,538.4,90.79,81af88dcce2d2c324fc6436c7827250f05864e8f342cbffff1d2e81711466a8d
clip_sample_001,20,1533151611912404,car,0.30073,859.21,470.35,900.62,500.18,90.79,81af88dcce2d2c324fc6436c7827250f05864e8f342cbffff1d2e81711466a8d
clip_sample_001,20,1533151611912404,traffic light,0.29776,1281.74,269.42,1323.85,353.56,90.79,81af88dcce2d2c324fc6436c7827250f05864e8f342cbffff1d2e81711466a8d
clip_sample_001,20,1533151611912404,car,0.29191,960.25,463.69,1061.68,517.42,90.79,81af88dcce2d2c324fc6436c7827250f05864e8f342cbffff1d2e81711466a8d
clip_sample_001,20,1533151611912404,person,0.24538,1288.01,399.35,1330.15,561.76,90.79,81af88dcce2d2c324fc6436c7827250f05864e8f342cbffff1d2e81711466a8d
clip_sample_001,20,1533151611912404,car,0.20557,767.69,458.56,800.26,486.91,90.79,81af88dcce2d2c324fc6436c7827250f05864e8f342cbffff1d2e81711466a8d
clip_sample_001,20,1533151611912404,car,0.17289,911.5,462.12,960.31,487.98,90.79,81af88dcce2d2c324fc6436c7827250f05864e8f342cbffff1d2e81711466a8d
clip_sample_001,20,1533151611912404,car,0.16219,961.39,464.82,1063.3,516.98,90.79,81af88dcce2d2c324fc6436c7827250f05864e8f342cbffff1d2e81711466a8d
clip_sample_001,20,1533151611912404,car,0.15746,926.66,462.68,964.63,492.86,90.79,81af88dcce2d2c324fc6436c7827250f05864e8f342cbffff1d2e81711466a8d
clip_sample_001,20,1533151611912404,car,0.15106,958.07,465.05,997.17,502.82,90.79,81af88dcce2d2c324fc6436c7827250f05864e8f342cbffff1d2e81711466a8d
clip_sample_001,20,1533151611912404,person,0.12828,1289.5,407.19,1330.47,562.55,90.79,81af88dcce2d2c324fc6436c7827250f05864e8f342cbffff1d2e81711466a8d
clip_sample_001,20,1533151611912404,car,0.11634,983.97,465.77,1063.85,516.43,90.79,81af88dcce2d2c324fc6436c7827250f05864e8f342cbffff1d2e81711466a8d
clip_sample_001,20,1533151611912404,car,0.11059,769.21,456.17,801.03,485.43,90.79,81af88dcce2d2c324fc6436c7827250f05864e8f342cbffff1d2e81711466a8d
clip_sample_001,20,1533151611912404,car,0.10259,1338.97,452.45,1392.65,478.29,90.79,81af88dcce2d2c324fc6436c7827250f05864e8f342cbffff1d2e81711466a8d
clip_sample_001,20,1533151611912404,person,0.09946,640.39,444.28,698.58,482.07,90.79,81af88dcce2d2c324fc6436c7827250f05864e8f342cbffff1d2e81711466a8d
clip_sample_001,20,1533151611912404,person,0.09275,594.16,427.13,627.69,461.72,90.79,81af88dcce2d2c324fc6436c7827250f05864e8f342cbffff1d2e81711466a8d
clip_sample_001,20,1533151611912404,car,0.09016,340.56,493.44,400.03,537.93,90.79,81af88dcce2d2c324fc6436c7827250f05864e8f342cbffff1d2e81711466a8d
clip_sample_001,20,1533151611912404,person,0.08878,619.21,427.4,644.15,460.45,90.79,81af88dcce2d2c324fc6436c7827250f05864e8f342cbffff1d2e81711466a8d
clip_sample_001,20,1533151611912404,car,0.08663,1255.58,444.31,1294.46,489.09,90.79,81af88dcce2d2c324fc6436c7827250f05864e8f342cbffff1d2e81711466a8d
clip_sample_001,20,1533151611912404,person,0.08638,553.73,427.26,580.81,464.85,90.79,81af88dcce2d2c324fc6436c7827250f05864e8f342cbffff1d2e81711466a8d
clip_sample_001,20,1533151611912404,car,0.07636,707.61,459.47,746.85,496.75,90.79,81af88dcce2d2c324fc6436c7827250f05864e8f342cbffff1d2e81711466a8d
clip_sample_001,20,1533151611912404,car,0.07066,958.32,463.83,1012.08,506.48,90.79,81af88dcce2d2c324fc6436c7827250f05864e8f342cbffff1d2e81711466a8d
clip_sample_001,20,1533151611912404,person,0.06921,264.44,480.04,291.71,528.89,90.79,81af88dcce2d2c324fc6436c7827250f05864e8f342cbffff1d2e81711466a8d
clip_sample_001,20,1533151611912404,car,0.06318,717.71,463.68,763.85,494.53,90.79,81af88dcce2d2c324fc6436c7827250f05864e8f342cbffff1d2e81711466a8d
clip_sample_001,20,1533151611912404,car,0.06131,804.5,455.18,844.75,480.35,90.79,81af88dcce2d2c324fc6436c7827250f05864e8f342cbffff1d2e81711466a8d
clip_sample_001,20,1533151611912404,car,0.05737,1338.94,443.72,1546.52,518.74,90.79,81af88dcce2d2c324fc6436c7827250f05864e8f342cbffff1d2e81711466a8d
clip_sample_001,20,1533151611912404,car,0.05453,859.29,466.44,900.84,499.74,90.79,81af88dcce2d2c324fc6436c7827250f05864e8f342cbffff1d2e81711466a8d
clip_sample_001,20,1533151611912404,car,0.05206,953.26,466.52,1000.1,509.3,90.79,81af88dcce2d2c324fc6436c7827250f05864e8f342cbffff1d2e81711466a8d
clip_sample_001,20,1533151611912404,car,0.05135,1255.23,448.31,1294.79,492.12,90.79,81af88dcce2d2c324fc6436c7827250f05864e8f342cbffff1d2e81711466a8d
clip_sample_001,20,1533151611912404,traffic light,0.05105,1283.79,270.49,1322.84,323.65,90.79,81af88dcce2d2c324fc6436c7827250f05864e8f342cbffff1d2e81711466a8d
clip_sample_001,20,1533151611912404,car,0.05084,817.16,463.55,842.9,484.16,90.79,81af88dcce2d2c324fc6436c7827250f05864e8f342cbffff1d2e81711466a8d
clip_sample_001,21,1533151612012404,car,0.92873,1281.44,481.07,1600.0,768.14,91.42,b05728afe6893652c058783fcb4cd66653c37b271bca1eb13f243c9bcdb6fc48
clip_sample_001,21,1533151612012404,car,0.92626,394.1,460.57,838.3,646.52,91.42,b05728afe6893652c058783fcb4cd66653c37b271bca1eb13f243c9bcdb6fc48
clip_sample_001,21,1533151612012404,car,0.83691,219.5,495.12,415.03,592.93,91.42,b05728afe6893652c058783fcb4cd66653c37b271bca1eb13f243c9bcdb6fc48
clip_sample_001,21,1533151612012404,car,0.61125,860.5,467.11,900.84,500.06,91.42,b05728afe6893652c058783fcb4cd66653c37b271bca1eb13f243c9bcdb6fc48
clip_sample_001,21,1533151612012404,car,0.25493,964.26,465.01,1064.36,516.57,91.42,b05728afe6893652c058783fcb4cd66653c37b271bca1eb13f243c9bcdb6fc48
clip_sample_001,21,1533151612012404,car,0.22827,963.07,463.68,1063.06,517.58,91.42,b05728afe6893652c058783fcb4cd66653c37b271bca1eb13f243c9bcdb6fc48
clip_sample_001,21,1533151612012404,car,0.22468,858.96,469.93,899.92,500.32,91.42,b05728afe6893652c058783fcb4cd66653c37b271bca1eb13f243c9bcdb6fc48
clip_sample_001,21,1533151612012404,car,0.20265,905.01,463.1,961.21,490.5,91.42,b05728afe6893652c058783fcb4cd66653c37b271bca1eb13f243c9bcdb6fc48
clip_sample_001,21,1533151612012404,car,0.16986,1254.15,446.95,1297.86,490.88,91.42,b05728afe6893652c058783fcb4cd66653c37b271bca1eb13f243c9bcdb6fc48
clip_sample_001,21,1533151612012404,car,0.16841,766.05,459.37,800.91,488.12,91.42,b05728afe6893652c058783fcb4cd66653c37b271bca1eb13f243c9bcdb6fc48
clip_sample_001,21,1533151612012404,car,0.1565,922.79,463.04,967.99,496.95,91.42,b05728afe6893652c058783fcb4cd66653c37b271bca1eb13f243c9bcdb6fc48
clip_sample_001,21,1533151612012404,car,0.15556,948.47,464.46,997.19,503.52,91.42,b05728afe6893652c058783fcb4cd66653c37b271bca1eb13f243c9bcdb6fc48
clip_sample_001,21,1533151612012404,person,0.15535,261.05,479.27,291.04,529.97,91.42,b05728afe6893652c058783fcb4cd66653c37b271bca1eb13f243c9bcdb6fc48
clip_sample_001,21,1533151612012404,person,0.12487,1227.18,457.32,1255.96,538.71,91.42,b05728afe6893652c058783fcb4cd66653c37b271bca1eb13f243c9bcdb6fc48
clip_sample_001,21,1533151612012404,car,0.12037,1254.21,451.59,1295.9,492.62,91.42,b05728afe6893652c058783fcb4cd66653c37b271bca1eb13f243c9bcdb6fc48
clip_sample_001,21,1533151612012404,car,0.07909,959.29,463.94,1011.58,506.62,91.42,b05728afe6893652c058783fcb4cd66653c37b271bca1eb13f243c9bcdb6fc48
clip_sample_001,21,1533151612012404,car,0.0774,1339.67,453.72,1398.58,477.44,91.42,b05728afe6893652c058783fcb4cd66653c37b271bca1eb13f243c9bcdb6fc48
clip_sample_001,21,1533151612012404,car,0.07553,642.31,444.39,700.12,475.23,91.42,b05728afe6893652c058783fcb4cd66653c37b271bca1eb13f243c9bcdb6fc48
clip_sample_001,21,1533151612012404,car,0.0713,1001.94,464.58,1060.32,501.16,91.42,b05728afe6893652c058783fcb4cd66653c37b271bca1eb13f243c9bcdb6fc48
clip_sample_001,21,1533151612012404,car,0.06827,338.92,495.55,414.15,537.38,91.42,b05728afe6893652c058783fcb4cd66653c37b271bca1eb13f243c9bcdb6fc48
clip_sample_001,21,1533151612012404,parking meter,0.06771,1297.6,404.6,1335.88,504.69,91.42,b05728afe6893652c058783fcb4cd66653c37b271bca1eb13f243c9bcdb6fc48
clip_sample_001,21,1533151612012404,person,0.0673,594.19,427.58,630.13,461.27,91.42,b05728afe6893652c058783fcb4cd66653c37b271bca1eb13f243c9bcdb6fc48
clip_sample_001,21,1533151612012404,car,0.06586,983.71,465.65,1064.32,515.87,91.42,b05728afe6893652c058783fcb4cd66653c37b271bca1eb13f243c9bcdb6fc48
clip_sample_001,21,1533151612012404,car,0.06275,768.07,457.92,800.29,486.35,91.42,b05728afe6893652c058783fcb4cd66653c37b271bca1eb13f243c9bcdb6fc48
clip_sample_001,21,1533151612012404,car,0.05917,341.98,495.69,414.9,539.32,91.42,b05728afe6893652c058783fcb4cd66653c37b271bca1eb13f243c9bcdb6fc48
clip_sample_001,21,1533151612012404,car,0.05544,803.18,455.47,849.1,480.57,91.42,b05728afe6893652c058783fcb4cd66653c37b271bca1eb13f243c9bcdb6fc48
clip_sample_001,21,1533151612012404,car,0.05093,858.75,466.5,900.45,500.74,91.42,b05728afe6893652c058783fcb4cd66653c37b271bca1eb13f243c9bcdb6fc48
clip_sample_001,22,1533151612112404,car,0.93065,1290.12,479.45,1600.0,774.39,86.84,fc84e1302290e31419c3514ecf38ca8603c78e087ff2d7d71714c74b72654f8a
clip_sample_001,22,1533151612112404,car,0.87384,433.15,461.69,855.68,643.41,86.84,fc84e1302290e31419c3514ecf38ca8603c78e087ff2d7d71714c74b72654f8a
clip_sample_001,22,1533151612112404,car,0.87314,212.53,498.14,418.66,595.82,86.84,fc84e1302290e31419c3514ecf38ca8603c78e087ff2d7d71714c74b72654f8a
clip_sample_001,22,1533151612112404,car,0.60922,859.83,466.53,899.93,499.22,86.84,fc84e1302290e31419c3514ecf38ca8603c78e087ff2d7d71714c74b72654f8a
clip_sample_001,22,1533151612112404,car,0.52999,987.21,465.55,1064.04,516.46,86.84,fc84e1302290e31419c3514ecf38ca8603c78e087ff2d7d71714c74b72654f8a
clip_sample_001,22,1533151612112404,car,0.3144,424.73,469.0,558.53,605.67,86.84,fc84e1302290e31419c3514ecf38ca8603c78e087ff2d7d71714c74b72654f8a
clip_sample_001,22,1533151612112404,person,0.29757,256.84,481.2,283.5,529.76,86.84,fc84e1302290e31419c3514ecf38ca8603c78e087ff2d7d71714c74b72654f8a
clip_sample_001,22,1533151612112404,car,0.2061,910.31,462.71,960.36,489.09,86.84,fc84e1302290e31419c3514ecf38ca8603c78e087ff2d7d71714c74b72654f8a
clip_sample_001,22,1533151612112404,person,0.1775,1227.03,457.13,1256.46,541.19,86.84,fc84e1302290e31419c3514ecf38ca8603c78e087ff2d7d71714c74b72654f8a
clip_sample_001,22,1533151612112404,car,0.16917,1261.53,449.94,1308.59,492.79,86.84,fc84e1302290e31419c3514ecf38ca8603c78e087ff2d7d71714c74b72654f8a
clip_sample_001,22,1533151612112404,car,0.16067,953.07,464.62,994.04,503.45,86.84,fc84e1302290e31419c3514ecf38ca8603c78e087ff2d7d71714c74b72654f8a
clip_sample_001,22,1533151612112404,car,0.15927,923.69,463.51,967.0,496.56,86.84,fc84e1302290e31419c3514ecf38ca8603c78e087ff2d7d71714c74b72654f8a
clip_sample_001,22,1533151612112404,car,0.14152,340.23,495.98,421.38,571.64,86.84,fc84e1302290e31419c3514ecf38ca8603c78e087ff2d7d71714c74b72654f8a
clip_sample_001,22,1533151612112404,car,0.11462,1343.36,453.37,1395.3,479.32,86.84,fc84e1302290e31419c3514ecf38ca8603c78e087ff2d7d71714c74b72654f8a
clip_sample_001,22,1533151612112404,car,0.10988,858.43,465.95,899.62,500.02,86.84,fc84e1302290e31419c3514ecf38ca8603c78e087ff2d7d71714c74b72654f8a
clip_sample_001,22,1533151612112404,car,0.10553,963.64,463.5,1006.22,505.61,86.84,fc84e1302290e31419c3514ecf38ca8603c78e087ff2d7d71714c74b72654f8a
clip_sample_001,22,1533151612112404,stop sign,0.08664,1302.24,409.15,1341.94,465.82,86.84,fc84e1302290e31419c3514ecf38ca8603c78e087ff2d7d71714c74b72654f8a
clip_sample_001,22,1533151612112404,truck,0.08619,1380.29,377.38,1555.4,479.45,86.84,fc84e1302290e31419c3514ecf38ca8603c78e087ff2d7d71714c74b72654f8a
clip_sample_001,22,1533151612112404,car,0.08039,1001.23,464.52,1060.9,505.27,86.84,fc84e1302290e31419c3514ecf38ca8603c78e087ff2d7d71714c74b72654f8a
clip_sample_001,22,1533151612112404,car,0.07927,1264.87,447.68,1307.77,491.24,86.84,fc84e1302290e31419c3514ecf38ca8603c78e087ff2d7d71714c74b72654f8a
clip_sample_001,22,1533151612112404,car,0.07765,767.33,459.82,800.9,487.57,86.84,fc84e1302290e31419c3514ecf38ca8603c78e087ff2d7d71714c74b72654f8a
clip_sample_001,22,1533151612112404,traffic light,0.06308,1298.65,263.87,1337.06,315.35,86.84,fc84e1302290e31419c3514ecf38ca8603c78e087ff2d7d71714c74b72654f8a
clip_sample_001,22,1533151612112404,car,0.06076,858.41,470.58,899.4,499.51,86.84,fc84e1302290e31419c3514ecf38ca8603c78e087ff2d7d71714c74b72654f8a
clip_sample_001,22,1533151612112404,car,0.06045,951.23,462.17,1003.38,505.54,86.84,fc84e1302290e31419c3514ecf38ca8603c78e087ff2d7d71714c74b72654f8a
clip_sample_001,22,1533151612112404,car,0.05928,808.36,466.13,842.41,489.24,86.84,fc84e1302290e31419c3514ecf38ca8603c78e087ff2d7d71714c74b72654f8a
clip_sample_001,22,1533151612112404,car,0.05515,786.55,466.29,837.99,494.2,86.84,fc84e1302290e31419c3514ecf38ca8603c78e087ff2d7d71714c74b72654f8a
clip_sample_001,22,1533151612112404,car,0.05002,1255.36,446.59,1306.0,492.07,86.84,fc84e1302290e31419c3514ecf38ca8603c78e087ff2d7d71714c74b72654f8a
clip_sample_001,23,1533151612162404,car,0.93186,1293.98,478.96,1600.0,780.9,89.37,8b6984d04487c687dece1d8bde1d93e90d95e32c4ffac0861a31c7caf89e5e0d
clip_sample_001,23,1533151612162404,car,0.87851,207.03,497.58,419.79,595.37,89.37,8b6984d04487c687dece1d8bde1d93e90d95e32c4ffac0861a31c7caf89e5e0d
clip_sample_001,23,1533151612162404,car,0.84743,453.92,460.08,864.14,640.84,89.37,8b6984d04487c687dece1d8bde1d93e90d95e32c4ffac0861a31c7caf89e5e0d
clip_sample_001,23,1533151612162404,car,0.55454,859.59,466.59,899.32,499.2,89.37,8b6984d04487c687dece1d8bde1d93e90d95e32c4ffac0861a31c7caf89e5e0d
clip_sample_001,23,1533151612162404,car,0.53449,987.49,465.77,1064.03,517.16,89.37,8b6984d04487c687dece1d8bde1d93e90d95e32c4ffac0861a31c7caf89e5e0d
clip_sample_001,23,1533151612162404,car,0.23656,858.3,465.99,899.05,500.0,89.37,8b6984d04487c687dece1d8bde1d93e90d95e32c4ffac0861a31c7caf89e5e0d
clip_sample_001,23,1533151612162404,parking meter,0.21487,1306.33,409.3,1345.45,505.13,89.37,8b6984d04487c687dece1d8bde1d93e90d95e32c4ffac0861a31c7caf89e5e0d
clip_sample_001,23,1533151612162404,car,0.20032,925.85,463.46,966.73,497.1,89.37,8b6984d04487c687dece1d8bde1d93e90d95e32c4ffac0861a31c7caf89e5e0d
clip_sample_001,23,1533151612162404,car,0.19059,412.71,476.09,498.19,601.96,89.37,8b6984d04487c687dece1d8bde1d93e90d95e32c4ffac0861a31c7caf89e5e0d
clip_sample_001,23,1533151612162404,car,0.18655,910.5,463.52,958.78,489.84,89.37,8b6984d04487c687dece1d8bde1d93e90d95e32c4ffac0861a31c7caf89e5e0d
clip_sample_001,23,1533151612162404,car,0.17679,950.81,464.32,993.13,503.17,89.37,8b6984d04487c687dece1d8bde1d93e90d95e32c4ffac0861a31c7caf89e5e0d
clip_sample_001,23,1533151612162404,car,0.13577,421.29,469.39,587.2,608.15,89.37,8b6984d04487c687dece1d8bde1d93e90d95e32c4ffac0861a31c7caf89e5e0d
clip_sample_001,23,1533151612162404,person,0.11918,252.6,480.33,284.06,529.74,89.37,8b6984d04487c687dece1d8bde1d93e90d95e32c4ffac0861a31c7caf89e5e0d
clip_sample_001,23,1533151612162404,car,0.10427,1262.52,450.77,1311.46,494.48,89.37,8b6984d04487c687dece1d8bde1d93e90d95e32c4ffac0861a31c7caf89e5e0d
clip_sample_001,23,1533151612162404,car,0.10362,963.98,463.83,1008.0,506.38,89.37,8b6984d04487c687dece1d8bde1d93e90d95e32c4ffac0861a31c7caf89e5e0d
clip_sample_001,23,1533151612162404,traffic light,0.10352,498.56,414.21,513.0,436.21,89.37,8b6984d04487c687dece1d8bde1d93e90d95e32c4ffac0861a31c7caf89e5e0d
clip_sample_001,23,1533151612162404,car,0.09132,1347.41,453.44,1396.73,480.66,89.37,8b6984d04487c687dece1d8bde1d93e90d95e32c4ffac0861a31c7caf89e5e0d
clip_sample_001,23,1533151612162404,car,0.08539,465.53,458.64,863.77,639.59,89.37,8b6984d04487c687dece1d8bde1d93e90d95e32c4ffac0861a31c7caf89e5e0d
clip_sample_001,23,1533151612162404,car,0.08188,858.92,471.56,898.89,499.7,89.37,8b6984d04487c687dece1d8bde1d93e90d95e32c4ffac0861a31c7caf89e5e0d
clip_sample_001,23,1533151612162404,car,0.06972,335.55,496.84,420.48,571.86,89.37,8b6984d04487c687dece1d8bde1d93e90d95e32c4ffac0861a31c7caf89e5e0d
clip_sample_001,23,1533151612162404,car,0.06638,768.52,460.25,800.42,487.19,89.37,8b6984d04487c687dece1d8bde1d93e90d95e32c4ffac0861a31c7caf89e5e0d
clip_sample_001,23,1533151612162404,car,0.06284,951.81,467.38,995.0,508.6,89.37,8b6984d04487c687dece1d8bde1d93e90d95e32c4ffac0861a31c7caf89e5e0d
clip_sample_001,23,1533151612162404,car,0.05976,416.66,476.13,497.96,592.72,89.37,8b6984d04487c687dece1d8bde1d93e90d95e32c4ffac0861a31c7caf89e5e0d
clip_sample_001,23,1533151612162404,car,0.05873,806.57,466.21,841.12,491.05,89.37,8b6984d04487c687dece1d8bde1d93e90d95e32c4ffac0861a31c7caf89e5e0d
clip_sample_001,23,1533151612162404,car,0.05834,950.2,462.43,1001.09,505.77,89.37,8b6984d04487c687dece1d8bde1d93e90d95e32c4ffac0861a31c7caf89e5e0d
clip_sample_001,23,1533151612162404,car,0.05757,414.31,503.58,472.62,597.71,89.37,8b6984d04487c687dece1d8bde1d93e90d95e32c4ffac0861a31c7caf89e5e0d
clip_sample_001,23,1533151612162404,car,0.05551,414.05,502.79,467.75,601.47,89.37,8b6984d04487c687dece1d8bde1d93e90d95e32c4ffac0861a31c7caf89e5e0d
clip_sample_001,23,1533151612162404,car,0.0541,413.47,478.09,497.81,527.88,89.37,8b6984d04487c687dece1d8bde1d93e90d95e32c4ffac0861a31c7caf89e5e0d
clip_sample_001,24,1533151612262404,car,0.91469,1299.54,481.02,1600.0,789.85,91.01,252f4ae8da55743610eea10096e0c49b2d163aec74f986a0f44676fae836a445
clip_sample_001,24,1533151612262404,car,0.90547,486.04,462.83,880.6,636.52,91.01,252f4ae8da55743610eea10096e0c49b2d163aec74f986a0f44676fae836a445
clip_sample_001,24,1533151612262404,car,0.88844,200.8,498.76,408.31,596.26,91.01,252f4ae8da55743610eea10096e0c49b2d163aec74f986a0f44676fae836a445
clip_sample_001,24,1533151612262404,car,0.72972,402.19,481.78,524.63,604.39,91.01,252f4ae8da55743610eea10096e0c49b2d163aec74f986a0f44676fae836a445
clip_sample_001,24,1533151612262404,car,0.49526,860.04,466.65,898.69,497.86,91.01,252f4ae8da55743610eea10096e0c49b2d163aec74f986a0f44676fae836a445
clip_sample_001,24,1533151612262404,car,0.42867,859.22,465.9,898.43,499.05,91.01,252f4ae8da55743610eea10096e0c49b2d163aec74f986a0f44676fae836a445
clip_sample_001,24,1533151612262404,car,0.34325,962.47,463.75,1063.17,518.47,91.01,252f4ae8da55743610eea10096e0c49b2d163aec74f986a0f44676fae836a445
clip_sample_001,24,1533151612262404,parking meter,0.30815,1311.76,404.98,1351.58,503.89,91.01,252f4ae8da55743610eea10096e0c49b2d163aec74f986a0f44676fae836a445
clip_sample_001,24,1533151612262404,car,0.29552,964.63,464.8,1064.69,517.32,91.01,252f4ae8da55743610eea10096e0c49b2d163aec74f986a0f44676fae836a445
clip_sample_001,24,1533151612262404,car,0.18229,997.58,466.26,1064.14,517.26,91.01,252f4ae8da55743610eea10096e0c49b2d163aec74f986a0f44676fae836a445
clip_sample_001,24,1533151612262404,car,0.17129,923.76,463.42,964.82,496.66,91.01,252f4ae8da55743610eea10096e0c49b2d163aec74f986a0f44676fae836a445
clip_sample_001,24,1533151612262404,car,0.16548,909.28,463.48,958.45,490.38,91.01,252f4ae8da55743610eea10096e0c49b2d163aec74f986a0f44676fae836a445
clip_sample_001,24,1533151612262404,car,0.13914,1258.32,451.71,1315.26,494.96,91.01,252f4ae8da55743610eea10096e0c49b2d163aec74f986a0f44676fae836a445
clip_sample_001,24,1533151612262404,car,0.1281,447.4,482.12,522.9,522.98,91.01,252f4ae8da55743610eea10096e0c49b2d163aec74f986a0f44676fae836a445
clip_sample_001,24,1533151612262404,car,0.12041,949.35,464.36,994.33,503.76,91.01,252f4ae8da55743610eea10096e0c49b2d163aec74f986a0f44676fae836a445
clip_sample_001,24,1533151612262404,person,0.1074,245.05,481.34,271.43,532.79,91.01,252f4ae8da55743610eea10096e0c49b2d163aec74f986a0f44676fae836a445
clip_sample_001,24,1533151612262404,person,0.10578,1228.41,459.71,1255.54,537.56,91.01,252f4ae8da55743610eea10096e0c49b2d163aec74f986a0f44676fae836a445
clip_sample_001,24,1533151612262404,car,0.09614,802.73,466.46,840.35,498.79,91.01,252f4ae8da55743610eea10096e0c49b2d163aec74f986a0f44676fae836a445
clip_sample_001,24,1533151612262404,car,0.07797,1459.61,441.11,1556.45,487.57,91.01,252f4ae8da55743610eea10096e0c49b2d163aec74f986a0f44676fae836a445
clip_sample_001,24,1533151612262404,car,0.06358,774.9,464.06,839.74,499.77,91.01,252f4ae8da55743610eea10096e0c49b2d163aec74f986a0f44676fae836a445
clip_sample_001,24,1533151612262404,car,0.06127,957.0,464.31,1013.28,509.46,91.01,252f4ae8da55743610eea10096e0c49b2d163aec74f986a0f44676fae836a445
clip_sample_001,24,1533151612262404,person,0.05837,247.36,481.5,275.67,530.09,91.01,252f4ae8da55743610eea10096e0c49b2d163aec74f986a0f44676fae836a445
clip_sample_001,24,1533151612262404,car,0.0564,331.21,496.45,405.81,544.19,91.01,252f4ae8da55743610eea10096e0c49b2d163aec74f986a0f44676fae836a445
clip_sample_001,24,1533151612262404,car,0.05467,1153.67,464.29,1181.49,502.5,91.01,252f4ae8da55743610eea10096e0c49b2d163aec74f986a0f44676fae836a445
clip_sample_001,24,1533151612262404,traffic light,0.05436,495.27,413.83,512.64,437.9,91.01,252f4ae8da55743610eea10096e0c49b2d163aec74f986a0f44676fae836a445
clip_sample_001,24,1533151612262404,car,0.05269,1254.62,455.81,1292.27,494.11,91.01,252f4ae8da55743610eea10096e0c49b2d163aec74f986a0f44676fae836a445
clip_sample_001,25,1533151612362404,car,0.91691,1305.91,483.49,1600.0,795.94,91.91,680e9086484b3937a3d4b391f0a365a05c7c998d58be972176e38041c610aa92
clip_sample_001,25,1533151612362404,car,0.89228,525.94,463.93,895.47,632.93,91.91,680e9086484b3937a3d4b391f0a365a05c7c998d58be972176e38041c610aa92
clip_sample_001,25,1533151612362404,car,0.88674,198.31,499.25,402.75,596.6,91.91,680e9086484b3937a3d4b391f0a365a05c7c998d58be972176e38041c610aa92
clip_sample_001,25,1533151612362404,car,0.8539,386.07,482.56,560.32,608.47,91.91,680e9086484b3937a3d4b391f0a365a05c7c998d58be972176e38041c610aa92
clip_sample_001,25,1533151612362404,car,0.50808,998.94,466.28,1064.59,518.64,91.91,680e9086484b3937a3d4b391f0a365a05c7c998d58be972176e38041c610aa92
clip_sample_001,25,1533151612362404,car,0.45154,860.83,468.27,898.61,496.92,91.91,680e9086484b3937a3d4b391f0a365a05c7c998d58be972176e38041c610aa92
clip_sample_001,25,1533151612362404,car,0.35438,858.08,466.71,897.73,498.17,91.91,680e9086484b3937a3d4b391f0a365a05c7c998d58be972176e38041c610aa92
clip_sample_001,25,1533151612362404,car,0.34602,1283.36,453.05,1324.22,491.9,91.91,680e9086484b3937a3d4b391f0a365a05c7c998d58be972176e38041c610aa92
clip_sample_001,25,1533151612362404,car,0.17684,1264.38,453.22,1323.61,493.95,91.91,680e9086484b3937a3d4b391f0a365a05c7c998d58be972176e38041c610aa92
clip_sample_001,25,1533151612362404,car,0.17065,909.98,463.65,955.52,490.71,91.91,680e9086484b3937a3d4b391f0a365a05c7c998d58be972176e38041c610aa92
clip_sample_001,25,1533151612362404,car,0.16753,638.3,444.87,697.88,470.85,91.91,680e9086484b3937a3d4b391f0a365a05c7c998d58be972176e38041c610aa92
clip_sample_001,25,1533151612362404,car,0.15638,947.62,464.76,993.79,504.47,91.91,680e9086484b3937a3d4b391f0a365a05c7c998d58be972176e38041c610aa92
clip_sample_001,25,1533151612362404,person,0.15043,1313.48,398.94,1360.15,579.53,91.91,680e9086484b3937a3d4b391f0a365a05c7c998d58be972176e38041c610aa92
clip_sample_001,25,1533151612362404,car,0.15039,963.26,464.43,1011.1,508.98,91.91,680e9086484b3937a3d4b391f0a365a05c7c998d58be972176e38041c610aa92
clip_sample_001,25,1533151612362404,person,0.12344,242.17,480.69,269.36,530.63,91.91,680e9086484b3937a3d4b391f0a365a05c7c998d58be972176e38041c610aa92
clip_sample_001,25,1533151612362404,car,0.12257,325.34,497.46,402.57,539.74,91.91,680e9086484b3937a3d4b391f0a365a05c7c998d58be972176e38041c610aa92
clip_sample_001,25,1533151612362404,car,0.11954,929.9,464.51,962.55,496.22,91.91,680e9086484b3937a3d4b391f0a365a05c7c998d58be972176e38041c610aa92
clip_sample_001,25,1533151612362404,car,0.11228,1254.38,456.77,1291.48,494.18,91.91,680e9086484b3937a3d4b391f0a365a05c7c998d58be972176e38041c610aa92
clip_sample_001,25,1533151612362404,car,0.10592,967.49,466.31,1007.73,513.25,91.91,680e9086484b3937a3d4b391f0a365a05c7c998d58be972176e38041c610aa92
clip_sample_001,25,1533151612362404,car,0.10244,1224.52,453.16,1264.5,492.08,91.91,680e9086484b3937a3d4b391f0a365a05c7c998d58be972176e38041c610aa92
clip_sample_001,25,1533151612362404,car,0.09628,1267.13,448.92,1324.13,493.01,91.91,680e9086484b3937a3d4b391f0a365a05c7c998d58be972176e38041c610aa92
clip_sample_001,25,1533151612362404,person,0.09017,1229.94,456.87,1255.52,535.19,91.91,680e9086484b3937a3d4b391f0a365a05c7c998d58be972176e38041c610aa92
clip_sample_001,25,1533151612362404,car,0.08439,951.15,466.94,994.43,510.03,91.91,680e9086484b3937a3d4b391f0a365a05c7c998d58be972176e38041c610aa92
clip_sample_001,25,1533151612362404,car,0.08366,1284.43,452.35,1322.52,489.11,91.91,680e9086484b3937a3d4b391f0a365a05c7c998d58be972176e38041c610aa92
clip_sample_001,25,1533151612362404,car,0.08049,444.29,481.48,508.73,523.34,91.91,680e9086484b3937a3d4b391f0a365a05c7c998d58be972176e38041c610aa92
clip_sample_001,25,1533151612362404,car,0.07653,638.57,449.56,678.76,469.7,91.91,680e9086484b3937a3d4b391f0a365a05c7c998d58be972176e38041c610aa92
clip_sample_001,25,1533151612362404,car,0.07363,1259.78,451.56,1301.92,493.53,91.91,680e9086484b3937a3d4b391f0a365a05c7c998d58be972176e38041c610aa92
clip_sample_001,25,1533151612362404,car,0.06553,1381.73,421.67,1562.99,525.87,91.91,680e9086484b3937a3d4b391f0a365a05c7c998d58be972176e38041c610aa92
clip_sample_001,25,1533151612362404,car,0.06237,805.48,464.39,845.7,499.28,91.91,680e9086484b3937a3d4b391f0a365a05c7c998d58be972176e38041c610aa92
clip_sample_001,25,1533151612362404,traffic light,0.06062,494.94,416.53,512.06,437.54,91.91,680e9086484b3937a3d4b391f0a365a05c7c998d58be972176e38041c610aa92
clip_sample_001,25,1533151612362404,car,0.05937,1385.1,471.33,1470.18,527.07,91.91,680e9086484b3937a3d4b391f0a365a05c7c998d58be972176e38041c610aa92
clip_sample_001,25,1533151612362404,car,0.05858,458.58,486.62,507.73,521.03,91.91,680e9086484b3937a3d4b391f0a365a05c7c998d58be972176e38041c610aa92
clip_sample_001,25,1533151612362404,truck,0.0582,1378.09,380.19,1564.41,525.47,91.91,680e9086484b3937a3d4b391f0a365a05c7c998d58be972176e38041c610aa92
clip_sample_001,25,1533151612362404,car,0.0524,950.13,461.79,1003.6,507.17,91.91,680e9086484b3937a3d4b391f0a365a05c7c998d58be972176e38041c610aa92
clip_sample_001,26,1533151612412404,car,0.91667,1311.02,485.51,1600.0,797.62,89.61,db31d120055bc9ed13d33144c81bf147a081dd29f5637cac2c4e6ee79a8111a8
clip_sample_001,26,1533151612412404,car,0.91191,543.73,460.77,900.41,632.31,89.61,db31d120055bc9ed13d33144c81bf147a081dd29f5637cac2c4e6ee79a8111a8
clip_sample_001,26,1533151612412404,car,0.87672,193.28,499.98,402.08,597.97,89.61,db31d120055bc9ed13d33144c81bf147a081dd29f5637cac2c4e6ee79a8111a8
clip_sample_001,26,1533151612412404,car,0.8494,382.84,483.89,575.84,610.47,89.61,db31d120055bc9ed13d33144c81bf147a081dd29f5637cac2c4e6ee79a8111a8
clip_sample_001,26,1533151612412404,car,0.46247,1001.41,466.85,1064.66,519.07,89.61,db31d120055bc9ed13d33144c81bf147a081dd29f5637cac2c4e6ee79a8111a8
clip_sample_001,26,1533151612412404,car,0.42714,1281.32,451.38,1326.38,493.3,89.61,db31d120055bc9ed13d33144c81bf147a081dd29f5637cac2c4e6ee79a8111a8
clip_sample_001,26,1533151612412404,car,0.38578,864.22,469.37,898.33,496.09,89.61,db31d120055bc9ed13d33144c81bf147a081dd29f5637cac2c4e6ee79a8111a8
clip_sample_001,26,1533151612412404,car,0.2504,636.0,447.55,696.15,472.9,89.61,db31d120055bc9ed13d33144c81bf147a081dd29f5637cac2c4e6ee79a8111a8
clip_sample_001,26,1533151612412404,car,0.23841,858.33,465.09,897.04,498.79,89.61,db31d120055bc9ed13d33144c81bf147a081dd29f5637cac2c4e6ee79a8111a8
clip_sample_001,26,1533151612412404,car,0.17928,907.58,463.56,961.1,492.63,89.61,db31d120055bc9ed13d33144c81bf147a081dd29f5637cac2c4e6ee79a8111a8
clip_sample_001,26,1533151612412404,car,0.15531,1253.6,457.67,1289.99,494.98,89.61,db31d120055bc9ed13d33144c81bf147a081dd29f5637cac2c4e6ee79a8111a8
clip_sample_001,26,1533151612412404,car,0.13972,927.81,464.77,964.69,496.56,89.61,db31d120055bc9ed13d33144c81bf147a081dd29f5637cac2c4e6ee79a8111a8
clip_sample_001,26,1533151612412404,car,0.13504,961.61,464.83,1013.85,510.45,89.61,db31d120055bc9ed13d33144c81bf147a081dd29f5637cac2c4e6ee79a8111a8
clip_sample_001,26,1533151612412404,car,0.13467,965.04,466.37,1010.42,514.56,89.61,db31d120055bc9ed13d33144c81bf147a081dd29f5637cac2c4e6ee79a8111a8
clip_sample_001,26,1533151612412404,car,0.13207,948.43,465.29,993.54,503.65,89.61,db31d120055bc9ed13d33144c81bf147a081dd29f5637cac2c4e6ee79a8111a8
clip_sample_001,26,1533151612412404,car,0.13017,1262.08,449.85,1326.38,494.44,89.61,db31d120055bc9ed13d33144c81bf147a081dd29f5637cac2c4e6ee79a8111a8
clip_sample_001,26,1533151612412404,person,0.11773,240.28,480.57,266.92,531.65,89.61,db31d120055bc9ed13d33144c81bf147a081dd29f5637cac2c4e6ee79a8111a8
clip_sample_001,26,1533151612412404,car,0.10433,1224.3,452.73,1261.96,492.55,89.61,db31d120055bc9ed13d33144c81bf147a081dd29f5637cac2c4e6ee79a8111a8
clip_sample_001,26,1533151612412404,traffic light,0.09007,493.27,416.08,511.91,438.92,89.61,db31d120055bc9ed13d33144c81bf147a081dd29f5637cac2c4e6ee79a8111a8
clip_sample_001,26,1533151612412404,car,0.08642,323.95,497.82,401.75,544.48,89.61,db31d120055bc9ed13d33144c81bf147a081dd29f5637cac2c4e6ee79a8111a8
clip_sample_001,26,1533151612412404,car,0.08477,1260.04,451.05,1293.54,493.59,89.61,db31d120055bc9ed13d33144c81bf147a081dd29f5637cac2c4e6ee79a8111a8
clip_sample_001,26,1533151612412404,car,0.079,1384.36,440.14,1565.62,523.45,89.61,db31d120055bc9ed13d33144c81bf147a081dd29f5637cac2c4e6ee79a8111a8
clip_sample_001,26,1533151612412404,car,0.07672,323.8,498.03,404.61,575.69,89.61,db31d120055bc9ed13d33144c81bf147a081dd29f5637cac2c4e6ee79a8111a8
clip_sample_001,26,1533151612412404,car,0.07385,1284.07,451.67,1324.84,489.97,89.61,db31d120055bc9ed13d33144c81bf147a081dd29f5637cac2c4e6ee79a8111a8
clip_sample_001,26,1533151612412404,traffic light,0.06922,490.68,413.83,505.61,436.97,89.61,db31d120055bc9ed13d33144c81bf147a081dd29f5637cac2c4e6ee79a8111a8
clip_sample_001,26,1533151612412404,car,0.06835,1183.72,461.66,1256.69,540.54,89.61,db31d120055bc9ed13d33144c81bf147a081dd29f5637cac2c4e6ee79a8111a8
clip_sample_001,26,1533151612412404,car,0.06819,951.72,467.82,996.23,510.94,89.61,db31d120055bc9ed13d33144c81bf147a081dd29f5637cac2c4e6ee79a8111a8
clip_sample_001,26,1533151612412404,car,0.06385,1386.88,470.98,1472.09,524.06,89.61,db31d120055bc9ed13d33144c81bf147a081dd29f5637cac2c4e6ee79a8111a8
clip_sample_001,26,1533151612412404,car,0.059,438.03,483.26,506.16,523.6,89.61,db31d120055bc9ed13d33144c81bf147a081dd29f5637cac2c4e6ee79a8111a8
clip_sample_001,26,1533151612412404,car,0.05474,451.52,487.58,512.33,522.43,89.61,db31d120055bc9ed13d33144c81bf147a081dd29f5637cac2c4e6ee79a8111a8
clip_sample_001,26,1533151612412404,car,0.05007,1227.75,458.27,1259.85,496.66,89.61,db31d120055bc9ed13d33144c81bf147a081dd29f5637cac2c4e6ee79a8111a8
clip_sample_001,27,1533151612512404,car,0.90859,1320.74,488.36,1600.0,795.25,91.07,0df29823abf1ef88ff2a3f06b47a50abeec057f204ca614bfcce6fbb7221442b
clip_sample_001,27,1533151612512404,car,0.90041,368.69,485.48,593.88,615.22,91.07,0df29823abf1ef88ff2a3f06b47a50abeec057f204ca614bfcce6fbb7221442b
clip_sample_001,27,1533151612512404,car,0.89801,572.71,462.06,913.21,631.66,91.07,0df29823abf1ef88ff2a3f06b47a50abeec057f204ca614bfcce6fbb7221442b
clip_sample_001,27,1533151612512404,car,0.89502,187.2,498.21,399.28,601.03,91.07,0df29823abf1ef88ff2a3f06b47a50abeec057f204ca614bfcce6fbb7221442b
clip_sample_001,27,1533151612512404,car,0.51219,1285.46,452.1,1330.89,494.15,91.07,0df29823abf1ef88ff2a3f06b47a50abeec057f204ca614bfcce6fbb7221442b
clip_sample_001,27,1533151612512404,car,0.43817,994.55,467.7,1065.75,521.59,91.07,0df29823abf1ef88ff2a3f06b47a50abeec057f204ca614bfcce6fbb7221442b
clip_sample_001,27,1533151612512404,person,0.20542,1226.73,458.85,1258.01,546.62,91.07,0df29823abf1ef88ff2a3f06b47a50abeec057f204ca614bfcce6fbb7221442b
clip_sample_001,27,1533151612512404,car,0.18532,865.31,470.64,898.88,497.89,91.07,0df29823abf1ef88ff2a3f06b47a50abeec057f204ca614bfcce6fbb7221442b
clip_sample_001,27,1533151612512404,car,0.18447,905.84,464.77,958.59,494.61,91.07,0df29823abf1ef88ff2a3f06b47a50abeec057f204ca614bfcce6fbb7221442b
clip_sample_001,27,1533151612512404,car,0.17753,853.58,463.46,897.42,500.56,91.07,0df29823abf1ef88ff2a3f06b47a50abeec057f204ca614bfcce6fbb7221442b
clip_sample_001,27,1533151612512404,person,0.17188,1324.07,402.02,1371.75,583.41,91.07,0df29823abf1ef88ff2a3f06b47a50abeec057f204ca614bfcce6fbb7221442b
clip_sample_001,27,1533151612512404,car,0.15932,949.93,466.08,988.81,502.96,91.07,0df29823abf1ef88ff2a3f06b47a50abeec057f204ca614bfcce6fbb7221442b
clip_sample_001,27,1533151612512404,car,0.15239,1254.0,454.22,1289.99,496.79,91.07,0df29823abf1ef88ff2a3f06b47a50abeec057f204ca614bfcce6fbb7221442b
clip_sample_001,27,1533151612512404,car,0.13788,930.53,465.63,963.99,498.1,91.07,0df29823abf1ef88ff2a3f06b47a50abeec057f204ca614bfcce6fbb7221442b
clip_sample_001,27,1533151612512404,car,0.12898,633.66,449.87,701.24,473.23,91.07,0df29823abf1ef88ff2a3f06b47a50abeec057f204ca614bfcce6fbb7221442b
clip_sample_001,27,1533151612512404,car,0.12692,1388.12,440.58,1568.65,526.65,91.07,0df29823abf1ef88ff2a3f06b47a50abeec057f204ca614bfcce6fbb7221442b
clip_sample_001,27,1533151612512404,car,0.11864,970.68,465.41,1064.72,521.45,91.07,0df29823abf1ef88ff2a3f06b47a50abeec057f204ca614bfcce6fbb7221442b
clip_sample_001,27,1533151612512404,person,0.09819,231.05,478.31,257.41,533.52,91.07,0df29823abf1ef88ff2a3f06b47a50abeec057f204ca614bfcce6fbb7221442b
clip_sample_001,27,1533151612512404,car,0.09409,1255.32,448.99,1331.94,495.4,91.07,0df29823abf1ef88ff2a3f06b47a50abeec057f204ca614bfcce6fbb7221442b
clip_sample_001,27,1533151612512404,traffic light,0.09246,494.07,416.64,510.28,439.57,91.07,0df29823abf1ef88ff2a3f06b47a50abeec057f204ca614bfcce6fbb7221442b
clip_sample_001,27,1533151612512404,car,0.08921,1259.08,448.48,1289.09,490.52,91.07,0df29823abf1ef88ff2a3f06b47a50abeec057f204ca614bfcce6fbb7221442b
clip_sample_001,27,1533151612512404,truck,0.08299,1388.12,440.58,1568.65,526.65,91.07,0df29823abf1ef88ff2a3f06b47a50abeec057f204ca614bfcce6fbb7221442b
clip_sample_001,27,1533151612512404,car,0.08238,966.06,465.78,1006.04,504.89,91.07,0df29823abf1ef88ff2a3f06b47a50abeec057f204ca614bfcce6fbb7221442b
clip_sample_001,27,1533151612512404,car,0.07461,951.59,467.66,991.68,510.55,91.07,0df29823abf1ef88ff2a3f06b47a50abeec057f204ca614bfcce6fbb7221442b
clip_sample_001,27,1533151612512404,person,0.07072,1324.76,422.82,1371.18,582.41,91.07,0df29823abf1ef88ff2a3f06b47a50abeec057f204ca614bfcce6fbb7221442b
clip_sample_001,27,1533151612512404,car,0.06056,1390.2,471.01,1473.98,528.37,91.07,0df29823abf1ef88ff2a3f06b47a50abeec057f204ca614bfcce6fbb7221442b
clip_sample_001,27,1533151612512404,traffic light,0.06009,491.16,415.08,504.35,436.89,91.07,0df29823abf1ef88ff2a3f06b47a50abeec057f204ca614bfcce6fbb7221442b
clip_sample_001,27,1533151612512404,car,0.05576,1154.06,457.48,1187.43,477.45,91.07,0df29823abf1ef88ff2a3f06b47a50abeec057f204ca614bfcce6fbb7221442b
clip_sample_001,27,1533151612512404,truck,0.05278,1381.35,379.44,1569.8,526.7,91.07,0df29823abf1ef88ff2a3f06b47a50abeec057f204ca614bfcce6fbb7221442b
clip_sample_001,27,1533151612512404,car,0.05172,1387.71,445.29,1562.39,525.51,91.07,0df29823abf1ef88ff2a3f06b47a50abeec057f204ca614bfcce6fbb7221442b
clip_sample_001,27,1533151612512404,car,0.05144,438.47,487.65,503.93,521.54,91.07,0df29823abf1ef88ff2a3f06b47a50abeec057f204ca614bfcce6fbb7221442b
clip_sample_001,28,1533151612612404,car,0.91556,1331.75,490.16,1600.0,775.71,94.64,82017770e12c2fc0ee2070514c947716c6f8fda58c4cae59373b6940d475fee2
clip_sample_001,28,1533151612612404,car,0.914,351.15,486.07,610.71,617.19,94.64,82017770e12c2fc0ee2070514c947716c6f8fda58c4cae59373b6940d475fee2
clip_sample_001,28,1533151612612404,car,0.88569,181.29,498.54,394.16,603.58,94.64,82017770e12c2fc0ee2070514c947716c6f8fda58c4cae59373b6940d475fee2
clip_sample_001,28,1533151612612404,car,0.87837,602.51,461.22,925.16,629.68,94.64,82017770e12c2fc0ee2070514c947716c6f8fda58c4cae59373b6940d475fee2
clip_sample_001,28,1533151612612404,car,0.66084,998.46,468.14,1065.91,522.94,94.64,82017770e12c2fc0ee2070514c947716c6f8fda58c4cae59373b6940d475fee2
clip_sample_001,28,1533151612612404,car,0.60192,1281.81,452.35,1339.39,495.89,94.64,82017770e12c2fc0ee2070514c947716c6f8fda58c4cae59373b6940d475fee2
clip_sample_001,28,1533151612612404,car,0.24626,923.46,464.73,963.49,498.57,94.64,82017770e12c2fc0ee2070514c947716c6f8fda58c4cae59373b6940d475fee2
clip_sample_001,28,1533151612612404,car,0.19747,913.3,465.99,955.15,495.0,94.64,82017770e12c2fc0ee2070514c947716c6f8fda58c4cae59373b6940d475fee2
clip_sample_001,28,1533151612612404,car,0.18964,1256.75,456.6,1290.56,497.33,94.64,82017770e12c2fc0ee2070514c947716c6f8fda58c4cae59373b6940d475fee2
clip_sample_001,28,1533151612612404,car,0.1442,853.61,463.45,896.53,499.55,94.64,82017770e12c2fc0ee2070514c947716c6f8fda58c4cae59373b6940d475fee2
clip_sample_001,28,1533151612612404,person,0.12494,1230.03,459.13,1259.17,542.78,94.64,82017770e12c2fc0ee2070514c947716c6f8fda58c4cae59373b6940d475fee2
clip_sample_001,28,1533151612612404,car,0.12337,864.26,469.27,899.06,499.35,94.64,82017770e12c2fc0ee2070514c947716c6f8fda58c4cae59373b6940d475fee2
clip_sample_001,28,1533151612612404,car,0.10893,966.45,466.59,1008.41,508.62,94.64,82017770e12c2fc0ee2070514c947716c6f8fda58c4cae59373b6940d475fee2
clip_sample_001,28,1533151612612404,car,0.10563,952.08,466.75,992.19,503.29,94.64,82017770e12c2fc0ee2070514c947716c6f8fda58c4cae59373b6940d475fee2
clip_sample_001,28,1533151612612404,person,0.10129,224.64,480.77,251.16,536.5,94.64,82017770e12c2fc0ee2070514c947716c6f8fda58c4cae59373b6940d475fee2
clip_sample_001,28,1533151612612404,car,0.09636,637.22,447.81,692.77,474.22,94.64,82017770e12c2fc0ee2070514c947716c6f8fda58c4cae59373b6940d475fee2
clip_sample_001,28,1533151612612404,car,0.08931,967.77,468.3,1005.13,515.74,94.64,82017770e12c2fc0ee2070514c947716c6f8fda58c4cae59373b6940d475fee2
clip_sample_001,28,1533151612612404,traffic light,0.08748,489.64,417.35,502.27,437.1,94.64,82017770e12c2fc0ee2070514c947716c6f8fda58c4cae59373b6940d475fee2
clip_sample_001,28,1533151612612404,car,0.08094,636.32,449.75,669.78,471.53,94.64,82017770e12c2fc0ee2070514c947716c6f8fda58c4cae59373b6940d475fee2
clip_sample_001,28,1533151612612404,car,0.06924,577.26,479.17,619.61,512.73,94.64,82017770e12c2fc0ee2070514c947716c6f8fda58c4cae59373b6940d475fee2
clip_sample_001,28,1533151612612404,car,0.06358,895.09,466.85,924.77,490.51,94.64,82017770e12c2fc0ee2070514c947716c6f8fda58c4cae59373b6940d475fee2
clip_sample_001,28,1533151612612404,traffic light,0.05919,494.16,423.22,507.31,440.42,94.64,82017770e12c2fc0ee2070514c947716c6f8fda58c4cae59373b6940d475fee2
clip_sample_001,28,1533151612612404,car,0.05486,1157.67,457.42,1190.71,477.59,94.64,82017770e12c2fc0ee2070514c947716c6f8fda58c4cae59373b6940d475fee2
clip_sample_001,28,1533151612612404,car,0.05482,956.53,468.71,994.0,512.29,94.64,82017770e12c2fc0ee2070514c947716c6f8fda58c4cae59373b6940d475fee2
clip_sample_001,28,1533151612612404,truck,0.05365,1392.48,439.91,1574.55,527.36,94.64,82017770e12c2fc0ee2070514c947716c6f8fda58c4cae59373b6940d475fee2
clip_sample_001,28,1533151612612404,car,0.05278,910.77,462.8,967.15,500.85,94.64,82017770e12c2fc0ee2070514c947716c6f8fda58c4cae59373b6940d475fee2
clip_sample_001,28,1533151612612404,car,0.05174,1167.2,462.78,1199.37,488.3,94.64,82017770e12c2fc0ee2070514c947716c6f8fda58c4cae59373b6940d475fee2
clip_sample_001,28,1533151612612404,person,0.05165,222.05,492.03,250.15,539.29,94.64,82017770e12c2fc0ee2070514c947716c6f8fda58c4cae59373b6940d475fee2
clip_sample_001,29,1533151612662404,car,0.89632,1336.43,490.76,1600.0,765.78,90.31,0c25024d7232ad0b928cbf276918187240141ecc810067547705dd5d646c85a1
clip_sample_001,29,1533151612662404,car,0.87576,176.32,498.51,391.37,604.77,90.31,0c25024d7232ad0b928cbf276918187240141ecc810067547705dd5d646c85a1
clip_sample_001,29,1533151612662404,car,0.87215,617.95,462.6,928.54,628.66,90.31,0c25024d7232ad0b928cbf276918187240141ecc810067547705dd5d646c85a1
clip_sample_001,29,1533151612662404,car,0.85754,345.06,486.79,609.89,620.25,90.31,0c25024d7232ad0b928cbf276918187240141ecc810067547705dd5d646c85a1
clip_sample_001,29,1533151612662404,car,0.63139,994.77,468.2,1066.12,523.36,90.31,0c25024d7232ad0b928cbf276918187240141ecc810067547705dd5d646c85a1
clip_sample_001,29,1533151612662404,car,0.54941,1278.87,452.16,1344.73,497.59,90.31,0c25024d7232ad0b928cbf276918187240141ecc810067547705dd5d646c85a1
clip_sample_001,29,1533151612662404,car,0.32352,176.41,497.78,392.28,604.76,90.31,0c25024d7232ad0b928cbf276918187240141ecc810067547705dd5d646c85a1
clip_sample_001,29,1533151612662404,car,0.31718,924.69,465.52,964.85,499.62,90.31,0c25024d7232ad0b928cbf276918187240141ecc810067547705dd5d646c85a1
clip_sample_001,29,1533151612662404,car,0.20029,913.57,466.86,955.12,495.41,90.31,0c25024d7232ad0b928cbf276918187240141ecc810067547705dd5d646c85a1
clip_sample_001,29,1533151612662404,car,0.13192,954.08,467.43,992.04,503.84,90.31,0c25024d7232ad0b928cbf276918187240141ecc810067547705dd5d646c85a1
clip_sample_001,29,1533151612662404,person,0.12804,221.87,481.02,250.68,538.11,90.31,0c25024d7232ad0b928cbf276918187240141ecc810067547705dd5d646c85a1
clip_sample_001,29,1533151612662404,car,0.10999,864.28,469.0,900.07,501.63,90.31,0c25024d7232ad0b928cbf276918187240141ecc810067547705dd5d646c85a1
clip_sample_001,29,1533151612662404,car,0.10574,1257.58,456.52,1291.19,498.29,90.31,0c25024d7232ad0b928cbf276918187240141ecc810067547705dd5d646c85a1
clip_sample_001,29,1533151612662404,car,0.10439,635.39,448.5,688.02,473.57,90.31,0c25024d7232ad0b928cbf276918187240141ecc810067547705dd5d646c85a1
clip_sample_001,29,1533151612662404,car,0.10193,635.97,448.86,669.66,468.65,90.31,0c25024d7232ad0b928cbf276918187240141ecc810067547705dd5d646c85a1
clip_sample_001,29,1533151612662404,car,0.08457,1337.47,489.8,1598.87,764.06,90.31,0c25024d7232ad0b928cbf276918187240141ecc810067547705dd5d646c85a1
clip_sample_001,29,1533151612662404,person,0.08453,1232.39,459.23,1259.95,542.05,90.31,0c25024d7232ad0b928cbf276918187240141ecc810067547705dd5d646c85a1
clip_sample_001,29,1533151612662404,car,0.08228,968.57,466.74,1007.41,507.16,90.31,0c25024d7232ad0b928cbf276918187240141ecc810067547705dd5d646c85a1
clip_sample_001,29,1533151612662404,car,0.07236,955.01,469.39,990.98,511.73,90.31,0c25024d7232ad0b928cbf276918187240141ecc810067547705dd5d646c85a1
clip_sample_001,29,1533151612662404,car,0.07138,1230.11,454.79,1262.28,481.1,90.31,0c25024d7232ad0b928cbf276918187240141ecc810067547705dd5d646c85a1
clip_sample_001,29,1533151612662404,car,0.06968,972.13,469.11,1005.65,516.01,90.31,0c25024d7232ad0b928cbf276918187240141ecc810067547705dd5d646c85a1
clip_sample_001,29,1533151612662404,traffic light,0.0693,489.11,418.22,501.2,436.07,90.31,0c25024d7232ad0b928cbf276918187240141ecc810067547705dd5d646c85a1
clip_sample_001,29,1533151612662404,car,0.06883,344.4,487.21,609.65,620.56,90.31,0c25024d7232ad0b928cbf276918187240141ecc810067547705dd5d646c85a1
clip_sample_001,29,1533151612662404,person,0.06382,219.87,491.15,250.6,540.05,90.31,0c25024d7232ad0b928cbf276918187240141ecc810067547705dd5d646c85a1
clip_sample_001,29,1533151612662404,car,0.06182,856.27,464.11,896.81,499.06,90.31,0c25024d7232ad0b928cbf276918187240141ecc810067547705dd5d646c85a1
clip_sample_001,29,1533151612662404,truck,0.0565,1393.65,434.1,1578.32,528.53,90.31,0c25024d7232ad0b928cbf276918187240141ecc810067547705dd5d646c85a1
clip_sample_001,29,1533151612662404,car,0.05187,898.7,469.72,924.63,491.14,90.31,0c25024d7232ad0b928cbf276918187240141ecc810067547705dd5d646c85a1
clip_sample_001,29,1533151612662404,car,0.05112,311.26,497.82,390.39,535.62,90.31,0c25024d7232ad0b928cbf276918187240141ecc810067547705dd5d646c85a1
clip_sample_001,29,1533151612662404,traffic light,0.05068,1481.77,372.93,1499.96,403.39,90.31,0c25024d7232ad0b928cbf276918187240141ecc810067547705dd5d646c85a1
clip_sample_001,30,1533151612762404,car,0.91774,327.35,485.8,606.22,622.31,87.92,ef7f5ed218a1b824c47b45bc4e56ea8dc84f0afc787bed2f6db411d1184f12a4
clip_sample_001,30,1533151612762404,car,0.87136,169.22,499.44,380.4,606.95,87.92,ef7f5ed218a1b824c47b45bc4e56ea8dc84f0afc787bed2f6db411d1184f12a4
clip_sample_001,30,1533151612762404,car,0.84357,643.49,460.59,937.66,624.84,87.92,ef7f5ed218a1b824c47b45bc4e56ea8dc84f0afc787bed2f6db411d1184f12a4
clip_sample_001,30,1533151612762404,car,0.82652,1348.98,490.19,1600.0,766.53,87.92,ef7f5ed218a1b824c47b45bc4e56ea8dc84f0afc787bed2f6db411d1184f12a4
clip_sample_001,30,1533151612762404,car,0.67001,996.73,469.13,1066.52,524.11,87.92,ef7f5ed218a1b824c47b45bc4e56ea8dc84f0afc787bed2f6db411d1184f12a4
clip_sample_001,30,1533151612762404,car,0.53078,1281.02,452.86,1350.16,498.84,87.92,ef7f5ed218a1b824c47b45bc4e56ea8dc84f0afc787bed2f6db411d1184f12a4
clip_sample_001,30,1533151612762404,car,0.29115,1254.03,452.4,1346.38,499.8,87.92,ef7f5ed218a1b824c47b45bc4e56ea8dc84f0afc787bed2f6db411d1184f12a4
clip_sample_001,30,1533151612762404,car,0.25774,929.55,466.95,966.17,501.13,87.92,ef7f5ed218a1b824c47b45bc4e56ea8dc84f0afc787bed2f6db411d1184f12a4
clip_sample_001,30,1533151612762404,car,0.2493,305.97,498.52,381.12,542.57,87.92,ef7f5ed218a1b824c47b45bc4e56ea8dc84f0afc787bed2f6db411d1184f12a4
clip_sample_001,30,1533151612762404,truck,0.1864,1401.4,432.19,1584.02,528.57,87.92,ef7f5ed218a1b824c47b45bc4e56ea8dc84f0afc787bed2f6db411d1184f12a4
clip_sample_001,30,1533151612762404,car,0.17717,912.2,467.73,955.84,495.12,87.92,ef7f5ed218a1b824c47b45bc4e56ea8dc84f0afc787bed2f6db411d1184f12a4
clip_sample_001,30,1533151612762404,car,0.17705,1349.63,488.52,1599.2,765.1,87.92,ef7f5ed218a1b824c47b45bc4e56ea8dc84f0afc787bed2f6db411d1184f12a4
clip_sample_001,30,1533151612762404,car,0.15022,969.93,469.74,1007.23,516.15,87.92,ef7f5ed218a1b824c47b45bc4e56ea8dc84f0afc787bed2f6db411d1184f12a4
clip_sample_001,30,1533151612762404,car,0.12697,951.7,467.65,989.36,506.7,87.92,ef7f5ed218a1b824c47b45bc4e56ea8dc84f0afc787bed2f6db411d1184f12a4
clip_sample_001,30,1533151612762404,person,0.1263,216.99,478.32,242.66,538.31,87.92,ef7f5ed218a1b824c47b45bc4e56ea8dc84f0afc787bed2f6db411d1184f12a4
clip_sample_001,30,1533151612762404,car,0.12134,1401.4,432.19,1584.02,528.57,87.92,ef7f5ed218a1b824c47b45bc4e56ea8dc84f0afc787bed2f6db411d1184f12a4
clip_sample_001,30,1533151612762404,car,0.10904,623.75,472.25,681.53,525.71,87.92,ef7f5ed218a1b824c47b45bc4e56ea8dc84f0afc787bed2f6db411d1184f12a4
clip_sample_001,30,1533151612762404,car,0.10285,966.52,466.48,1007.73,511.89,87.92,ef7f5ed218a1b824c47b45bc4e56ea8dc84f0afc787bed2f6db411d1184f12a4
clip_sample_001,30,1533151612762404,car,0.08108,1285.93,454.96,1349.57,497.4,87.92,ef7f5ed218a1b824c47b45bc4e56ea8dc84f0afc787bed2f6db411d1184f12a4
clip_sample_001,30,1533151612762404,car,0.078,632.5,450.1,691.45,479.06,87.92,ef7f5ed218a1b824c47b45bc4e56ea8dc84f0afc787bed2f6db411d1184f12a4
clip_sample_001,30,1533151612762404,car,0.06701,1157.99,462.79,1247.01,505.1,87.92,ef7f5ed218a1b824c47b45bc4e56ea8dc84f0afc787bed2f6db411d1184f12a4
clip_sample_001,30,1533151612762404,car,0.0664,957.59,470.24,987.15,511.16,87.92,ef7f5ed218a1b824c47b45bc4e56ea8dc84f0afc787bed2f6db411d1184f12a4
clip_sample_001,30,1533151612762404,car,0.06597,584.36,477.98,628.23,521.07,87.92,ef7f5ed218a1b824c47b45bc4e56ea8dc84f0afc787bed2f6db411d1184f12a4
clip_sample_001,30,1533151612762404,car,0.06569,1231.98,452.48,1265.4,473.73,87.92,ef7f5ed218a1b824c47b45bc4e56ea8dc84f0afc787bed2f6db411d1184f12a4
clip_sample_001,30,1533151612762404,traffic light,0.06262,486.99,417.64,500.68,438.99,87.92,ef7f5ed218a1b824c47b45bc4e56ea8dc84f0afc787bed2f6db411d1184f12a4
clip_sample_001,30,1533151612762404,car,0.06183,618.8,454.1,687.44,522.13,87.92,ef7f5ed218a1b824c47b45bc4e56ea8dc84f0afc787bed2f6db411d1184f12a4
clip_sample_001,30,1533151612762404,car,0.0588,1254.1,456.36,1290.67,499.56,87.92,ef7f5ed218a1b824c47b45bc4e56ea8dc84f0afc787bed2f6db411d1184f12a4
clip_sample_001,30,1533151612762404,car,0.05751,572.62,478.01,614.92,518.69,87.92,ef7f5ed218a1b824c47b45bc4e56ea8dc84f0afc787bed2f6db411d1184f12a4
clip_sample_001,30,1533151612762404,car,0.05533,890.5,468.0,915.66,495.96,87.92,ef7f5ed218a1b824c47b45bc4e56ea8dc84f0afc787bed2f6db411d1184f12a4
clip_sample_001,31,1533151612862404,car,0.92284,307.19,487.34,598.92,626.28,91.15,c48b9a4816c756e44b7aad6362b6d4f0d04bf127f74899d5554af89b0fbff5ef
clip_sample_001,31,1533151612862404,car,0.88348,670.55,461.18,944.48,622.16,91.15,c48b9a4816c756e44b7aad6362b6d4f0d04bf127f74899d5554af89b0fbff5ef
clip_sample_001,31,1533151612862404,car,0.80445,161.62,501.81,376.69,608.49,91.15,c48b9a4816c756e44b7aad6362b6d4f0d04bf127f74899d5554af89b0fbff5ef
clip_sample_001,31,1533151612862404,car,0.80384,1358.71,492.78,1599.25,764.99,91.15,c48b9a4816c756e44b7aad6362b6d4f0d04bf127f74899d5554af89b0fbff5ef
clip_sample_001,31,1533151612862404,car,0.61643,1000.42,469.73,1067.34,524.8,91.15,c48b9a4816c756e44b7aad6362b6d4f0d04bf127f74899d5554af89b0fbff5ef
clip_sample_001,31,1533151612862404,car,0.42513,1291.13,457.17,1352.86,497.4,91.15,c48b9a4816c756e44b7aad6362b6d4f0d04bf127f74899d5554af89b0fbff5ef
clip_sample_001,31,1533151612862404,car,0.39156,1248.06,454.19,1349.31,500.7,91.15,c48b9a4816c756e44b7aad6362b6d4f0d04bf127f74899d5554af89b0fbff5ef
clip_sample_001,31,1533151612862404,car,0.27672,297.36,501.66,376.46,540.21,91.15,c48b9a4816c756e44b7aad6362b6d4f0d04bf127f74899d5554af89b0fbff5ef
clip_sample_001,31,1533151612862404,person,0.23816,208.95,480.2,236.03,542.94,91.15,c48b9a4816c756e44b7aad6362b6d4f0d04bf127f74899d5554af89b0fbff5ef
clip_sample_001,31,1533151612862404,car,0.22534,906.17,466.7,961.83,498.97,91.15,c48b9a4816c756e44b7aad6362b6d4f0d04bf127f74899d5554af89b0fbff5ef
clip_sample_001,31,1533151612862404,car,0.20112,931.98,468.18,967.49,501.21,91.15,c48b9a4816c756e44b7aad6362b6d4f0d04bf127f74899d5554af89b0fbff5ef
clip_sample_001,31,1533151612862404,person,0.17599,206.31,481.03,232.52,545.11,91.15,c48b9a4816c756e44b7aad6362b6d4f0d04bf127f74899d5554af89b0fbff5ef
clip_sample_001,31,1533151612862404,car,0.17479,966.84,469.48,1004.02,516.46,91.15,c48b9a4816c756e44b7aad6362b6d4f0d04bf127f74899d5554af89b0fbff5ef
clip_sample_001,31,1533151612862404,truck,0.16807,613.04,452.45,695.75,524.93,91.15,c48b9a4816c756e44b7aad6362b6d4f0d04bf127f74899d5554af89b0fbff5ef
clip_sample_001,31,1533151612862404,parking meter,0.16208,1353.42,405.18,1403.36,521.12,91.15,c48b9a4816c756e44b7aad6362b6d4f0d04bf127f74899d5554af89b0fbff5ef
clip_sample_001,31,1533151612862404,person,0.1404,207.0,482.72,235.6,542.66,91.15,c48b9a4816c756e44b7aad6362b6d4f0d04bf127f74899d5554af89b0fbff5ef
clip_sample_001,31,1533151612862404,person,0.12129,204.78,487.55,230.8,544.49,91.15,c48b9a4816c756e44b7aad6362b6d4f0d04bf127f74899d5554af89b0fbff5ef
clip_sample_001,31,1533151612862404,car,0.11357,956.19,468.5,989.8,507.92,91.15,c48b9a4816c756e44b7aad6362b6d4f0d04bf127f74899d5554af89b0fbff5ef
clip_sample_001,31,1533151612862404,truck,0.10912,1403.42,440.39,1586.77,532.79,91.15,c48b9a4816c756e44b7aad6362b6d4f0d04bf127f74899d5554af89b0fbff5ef
clip_sample_001,31,1533151612862404,car,0.10886,563.57,479.25,615.53,514.99,91.15,c48b9a4816c756e44b7aad6362b6d4f0d04bf127f74899d5554af89b0fbff5ef
clip_sample_001,31,1533151612862404,car,0.10309,1161.02,461.29,1252.55,500.07,91.15,c48b9a4816c756e44b7aad6362b6d4f0d04bf127f74899d5554af89b0fbff5ef
clip_sample_001,31,1533151612862404,car,0.09655,965.79,467.09,1007.81,511.3,91.15,c48b9a4816c756e44b7aad6362b6d4f0d04bf127f74899d5554af89b0fbff5ef
clip_sample_001,31,1533151612862404,car,0.09649,1403.42,440.39,1586.77,532.79,91.15,c48b9a4816c756e44b7aad6362b6d4f0d04bf127f74899d5554af89b0fbff5ef
clip_sample_001,31,1533151612862404,car,0.0825,956.62,470.42,987.82,511.92,91.15,c48b9a4816c756e44b7aad6362b6d4f0d04bf127f74899d5554af89b0fbff5ef
clip_sample_001,31,1533151612862404,car,0.07503,1285.71,455.88,1352.12,498.28,91.15,c48b9a4816c756e44b7aad6362b6d4f0d04bf127f74899d5554af89b0fbff5ef
clip_sample_001,31,1533151612862404,car,0.07153,613.04,452.45,695.75,524.93,91.15,c48b9a4816c756e44b7aad6362b6d4f0d04bf127f74899d5554af89b0fbff5ef
clip_sample_001,31,1533151612862404,car,0.07033,1246.94,458.98,1294.29,499.84,91.15,c48b9a4816c756e44b7aad6362b6d4f0d04bf127f74899d5554af89b0fbff5ef
clip_sample_001,31,1533151612862404,car,0.06381,892.75,466.58,929.13,500.25,91.15,c48b9a4816c756e44b7aad6362b6d4f0d04bf127f74899d5554af89b0fbff5ef
clip_sample_001,31,1533151612862404,car,0.05199,208.49,492.86,274.51,542.34,91.15,c48b9a4816c756e44b7aad6362b6d4f0d04bf127f74899d5554af89b0fbff5ef
clip_sample_001,32,1533151612912404,car,0.91922,296.81,487.84,596.25,630.26,91.57,2748c5047da3c8298237bfed04c813f7e7e1b31c99ed8ed0c81dfe1ba345f9f9
clip_sample_001,32,1533151612912404,car,0.83747,681.33,462.68,947.77,620.7,91.57,2748c5047da3c8298237bfed04c813f7e7e1b31c99ed8ed0c81dfe1ba345f9f9
clip_sample_001,32,1533151612912404,car,0.83294,158.65,501.79,375.41,608.45,91.57,2748c5047da3c8298237bfed04c813f7e7e1b31c99ed8ed0c81dfe1ba345f9f9
clip_sample_001,32,1533151612912404,car,0.80189,1365.56,494.09,1599.41,766.44,91.57,2748c5047da3c8298237bfed04c813f7e7e1b31c99ed8ed0c81dfe1ba345f9f9
clip_sample_001,32,1533151612912404,car,0.54951,1292.39,458.05,1354.78,498.27,91.57,2748c5047da3c8298237bfed04c813f7e7e1b31c99ed8ed0c81dfe1ba345f9f9
clip_sample_001,32,1533151612912404,car,0.54296,1003.53,469.84,1067.57,525.23,91.57,2748c5047da3c8298237bfed04c813f7e7e1b31c99ed8ed0c81dfe1ba345f9f9
clip_sample_001,32,1533151612912404,parking meter,0.28707,1358.86,404.09,1405.29,517.16,91.57,2748c5047da3c8298237bfed04c813f7e7e1b31c99ed8ed0c81dfe1ba345f9f9
clip_sample_001,32,1533151612912404,car,0.2688,1247.37,455.7,1350.1,502.27,91.57,2748c5047da3c8298237bfed04c813f7e7e1b31c99ed8ed0c81dfe1ba345f9f9
clip_sample_001,32,1533151612912404,car,0.23323,294.5,501.34,374.57,540.46,91.57,2748c5047da3c8298237bfed04c813f7e7e1b31c99ed8ed0c81dfe1ba345f9f9
clip_sample_001,32,1533151612912404,car,0.21599,930.41,468.61,964.87,500.85,91.57,2748c5047da3c8298237bfed04c813f7e7e1b31c99ed8ed0c81dfe1ba345f9f9
clip_sample_001,32,1533151612912404,truck,0.19299,615.64,453.95,700.28,526.05,91.57,2748c5047da3c8298237bfed04c813f7e7e1b31c99ed8ed0c81dfe1ba345f9f9
clip_sample_001,32,1533151612912404,person,0.15816,202.84,492.14,229.18,544.55,91.57,2748c5047da3c8298237bfed04c813f7e7e1b31c99ed8ed0c81dfe1ba345f9f9
clip_sample_001,32,1533151612912404,car,0.15233,1365.4,494.03,1599.74,766.35,91.57,2748c5047da3c8298237bfed04c813f7e7e1b31c99ed8ed0c81dfe1ba345f9f9
clip_sample_001,32,1533151612912404,truck,0.14095,1406.48,435.87,1594.64,533.06,91.57,2748c5047da3c8298237bfed04c813f7e7e1b31c99ed8ed0c81dfe1ba345f9f9
clip_sample_001,32,1533151612912404,person,0.12863,205.3,479.79,231.45,545.22,91.57,2748c5047da3c8298237bfed04c813f7e7e1b31c99ed8ed0c81dfe1ba345f9f9
clip_sample_001,32,1533151612912404,car,0.12623,912.8,467.91,953.66,498.33,91.57,2748c5047da3c8298237bfed04c813f7e7e1b31c99ed8ed0c81dfe1ba345f9f9
clip_sample_001,32,1533151612912404,car,0.11944,969.07,469.58,1006.64,516.85,91.57,2748c5047da3c8298237bfed04c813f7e7e1b31c99ed8ed0c81dfe1ba345f9f9
clip_sample_001,32,1533151612912404,car,0.09889,642.71,474.64,698.76,524.01,91.57,2748c5047da3c8298237bfed04c813f7e7e1b31c99ed8ed0c81dfe1ba345f9f9
clip_sample_001,32,1533151612912404,car,0.09468,1406.48,435.87,1594.64,533.06,91.57,2748c5047da3c8298237bfed04c813f7e7e1b31c99ed8ed0c81dfe1ba345f9f9
clip_sample_001,32,1533151612912404,person,0.09181,208.66,484.34,233.36,533.03,91.57,2748c5047da3c8298237bfed04c813f7e7e1b31c99ed8ed0c81dfe1ba345f9f9
clip_sample_001,32,1533151612912404,car,0.09004,1160.14,462.02,1251.63,500.47,91.57,2748c5047da3c8298237bfed04c813f7e7e1b31c99ed8ed0c81dfe1ba345f9f9
clip_sample_001,32,1533151612912404,car,0.08738,959.2,468.01,989.56,506.05,91.57,2748c5047da3c8298237bfed04c813f7e7e1b31c99ed8ed0c81dfe1ba345f9f9
clip_sample_001,32,1533151612912404,car,0.08645,958.06,470.27,989.3,512.52,91.57,2748c5047da3c8298237bfed04c813f7e7e1b31c99ed8ed0c81dfe1ba345f9f9
clip_sample_001,32,1533151612912404,car,0.0803,1247.42,459.06,1292.44,500.44,91.57,2748c5047da3c8298237bfed04c813f7e7e1b31c99ed8ed0c81dfe1ba345f9f9
clip_sample_001,32,1533151612912404,car,0.07562,677.09,480.2,705.38,520.81,91.57,2748c5047da3c8298237bfed04c813f7e7e1b31c99ed8ed0c81dfe1ba345f9f9
clip_sample_001,32,1533151612912404,car,0.07157,1288.43,456.31,1352.57,499.42,91.57,2748c5047da3c8298237bfed04c813f7e7e1b31c99ed8ed0c81dfe1ba345f9f9
clip_sample_001,32,1533151612912404,car,0.06943,201.93,493.94,305.69,544.29,91.57,2748c5047da3c8298237bfed04c813f7e7e1b31c99ed8ed0c81dfe1ba345f9f9
clip_sample_001,32,1533151612912404,parking meter,0.06701,1356.97,401.26,1406.61,518.91,91.57,2748c5047da3c8298237bfed04c813f7e7e1b31c99ed8ed0c81dfe1ba345f9f9
clip_sample_001,32,1533151612912404,car,0.06502,576.42,480.5,614.9,513.37,91.57,2748c5047da3c8298237bfed04c813f7e7e1b31c99ed8ed0c81dfe1ba345f9f9
clip_sample_001,32,1533151612912404,car,0.06401,1412.63,443.06,1499.88,529.23,91.57,2748c5047da3c8298237bfed04c813f7e7e1b31c99ed8ed0c81dfe1ba345f9f9
clip_sample_001,32,1533151612912404,car,0.06146,559.43,484.96,588.79,514.76,91.57,2748c5047da3c8298237bfed04c813f7e7e1b31c99ed8ed0c81dfe1ba345f9f9
clip_sample_001,32,1533151612912404,car,0.05448,966.85,467.55,1006.37,510.97,91.57,2748c5047da3c8298237bfed04c813f7e7e1b31c99ed8ed0c81dfe1ba345f9f9
clip_sample_001,32,1533151612912404,truck,0.05397,617.83,454.33,692.81,521.62,91.57,2748c5047da3c8298237bfed04c813f7e7e1b31c99ed8ed0c81dfe1ba345f9f9
clip_sample_001,32,1533151612912404,person,0.05395,203.98,488.63,237.23,543.9,91.57,2748c5047da3c8298237bfed04c813f7e7e1b31c99ed8ed0c81dfe1ba345f9f9
clip_sample_001,32,1533151612912404,car,0.05126,930.21,471.17,967.45,505.83,91.57,2748c5047da3c8298237bfed04c813f7e7e1b31c99ed8ed0c81dfe1ba345f9f9
clip_sample_001,32,1533151612912404,car,0.05086,968.15,467.3,1067.78,509.4,91.57,2748c5047da3c8298237bfed04c813f7e7e1b31c99ed8ed0c81dfe1ba345f9f9
clip_sample_001,33,1533151613012404,car,0.89074,703.6,462.15,955.4,616.22,91.52,0df07385fdd680827ae33cb2adac74869017ef0541abe9edc54a282440ec0d16
clip_sample_001,33,1533151613012404,car,0.85458,276.27,488.67,589.28,632.71,91.52,0df07385fdd680827ae33cb2adac74869017ef0541abe9edc54a282440ec0d16
clip_sample_001,33,1533151613012404,car,0.83574,1373.59,496.92,1599.65,771.02,91.52,0df07385fdd680827ae33cb2adac74869017ef0541abe9edc54a282440ec0d16
clip_sample_001,33,1533151613012404,car,0.80248,152.97,502.71,368.27,610.34,91.52,0df07385fdd680827ae33cb2adac74869017ef0541abe9edc54a282440ec0d16
clip_sample_001,33,1533151613012404,car,0.59946,1291.82,459.84,1356.32,499.78,91.52,0df07385fdd680827ae33cb2adac74869017ef0541abe9edc54a282440ec0d16
clip_sample_001,33,1533151613012404,car,0.52676,995.56,469.87,1070.32,525.65,91.52,0df07385fdd680827ae33cb2adac74869017ef0541abe9edc54a282440ec0d16
clip_sample_001,33,1533151613012404,parking meter,0.35807,1369.13,404.73,1415.27,516.83,91.52,0df07385fdd680827ae33cb2adac74869017ef0541abe9edc54a282440ec0d16
clip_sample_001,33,1533151613012404,truck,0.27502,615.99,454.56,705.94,525.77,91.52,0df07385fdd680827ae33cb2adac74869017ef0541abe9edc54a282440ec0d16
clip_sample_001,33,1533151613012404,car,0.19352,289.67,501.33,365.3,541.8,91.52,0df07385fdd680827ae33cb2adac74869017ef0541abe9edc54a282440ec0d16
clip_sample_001,33,1533151613012404,truck,0.1846,1410.86,434.08,1598.29,533.88,91.52,0df07385fdd680827ae33cb2adac74869017ef0541abe9edc54a282440ec0d16
clip_sample_001,33,1533151613012404,car,0.17532,1250.06,454.73,1351.42,503.13,91.52,0df07385fdd680827ae33cb2adac74869017ef0541abe9edc54a282440ec0d16
clip_sample_001,33,1533151613012404,car,0.15955,278.07,488.83,589.41,633.09,91.52,0df07385fdd680827ae33cb2adac74869017ef0541abe9edc54a282440ec0d16
clip_sample_001,33,1533151613012404,person,0.15895,201.66,480.99,229.15,542.39,91.52,0df07385fdd680827ae33cb2adac74869017ef0541abe9edc54a282440ec0d16
clip_sample_001,33,1533151613012404,person,0.14868,199.36,492.43,229.91,543.28,91.52,0df07385fdd680827ae33cb2adac74869017ef0541abe9edc54a282440ec0d16
clip_sample_001,33,1533151613012404,car,0.14487,906.72,467.5,954.55,502.5,91.52,0df07385fdd680827ae33cb2adac74869017ef0541abe9edc54a282440ec0d16
clip_sample_001,33,1533151613012404,car,0.12109,967.32,469.1,1008.08,516.42,91.52,0df07385fdd680827ae33cb2adac74869017ef0541abe9edc54a282440ec0d16
clip_sample_001,33,1533151613012404,car,0.10936,956.9,468.02,993.78,507.64,91.52,0df07385fdd680827ae33cb2adac74869017ef0541abe9edc54a282440ec0d16
clip_sample_001,33,1533151613012404,car,0.10585,952.75,470.72,992.14,513.3,91.52,0df07385fdd680827ae33cb2adac74869017ef0541abe9edc54a282440ec0d16
clip_sample_001,33,1533151613012404,car,0.10215,935.99,469.51,966.01,501.96,91.52,0df07385fdd680827ae33cb2adac74869017ef0541abe9edc54a282440ec0d16
clip_sample_001,33,1533151613012404,car,0.10093,964.98,467.67,1004.67,509.73,91.52,0df07385fdd680827ae33cb2adac74869017ef0541abe9edc54a282440ec0d16
clip_sample_001,33,1533151613012404,car,0.09396,615.99,454.56,705.94,525.77,91.52,0df07385fdd680827ae33cb2adac74869017ef0541abe9edc54a282440ec0d16
clip_sample_001,33,1533151613012404,car,0.08011,702.65,468.5,731.69,508.43,91.52,0df07385fdd680827ae33cb2adac74869017ef0541abe9edc54a282440ec0d16
clip_sample_001,33,1533151613012404,car,0.0748,633.87,470.19,705.17,523.64,91.52,0df07385fdd680827ae33cb2adac74869017ef0541abe9edc54a282440ec0d16
clip_sample_001,33,1533151613012404,car,0.07413,965.95,467.43,1070.71,514.82,91.52,0df07385fdd680827ae33cb2adac74869017ef0541abe9edc54a282440ec0d16
clip_sample_001,33,1533151613012404,car,0.06206,567.83,480.27,618.07,514.58,91.52,0df07385fdd680827ae33cb2adac74869017ef0541abe9edc54a282440ec0d16
clip_sample_001,33,1533151613012404,car,0.0607,1161.88,460.04,1255.14,496.48,91.52,0df07385fdd680827ae33cb2adac74869017ef0541abe9edc54a282440ec0d16
clip_sample_001,33,1533151613012404,car,0.05958,678.06,479.02,706.97,518.93,91.52,0df07385fdd680827ae33cb2adac74869017ef0541abe9edc54a282440ec0d16
clip_sample_001,33,1533151613012404,car,0.05439,1410.86,434.08,1598.29,533.88,91.52,0df07385fdd680827ae33cb2adac74869017ef0541abe9edc54a282440ec0d16
clip_sample_001,33,1533151613012404,car,0.05126,954.02,465.45,1003.88,514.94,91.52,0df07385fdd680827ae33cb2adac74869017ef0541abe9edc54a282440ec0d16
clip_sample_001,34,1533151613112404,car,0.92315,726.21,459.26,960.75,613.8,93.31,dabcc7687aab4ff689144c7a798cb3b52843640082583515c1f730ba61771753
clip_sample_001,34,1533151613112404,car,0.90974,255.82,489.7,582.08,635.13,93.31,dabcc7687aab4ff689144c7a798cb3b52843640082583515c1f730ba61771753
clip_sample_001,34,1533151613112404,car,0.88942,1389.56,509.48,1599.72,764.21,93.31,dabcc7687aab4ff689144c7a798cb3b52843640082583515c1f730ba61771753
clip_sample_001,34,1533151613112404,car,0.76465,1294.44,457.76,1358.37,499.38,93.31,dabcc7687aab4ff689144c7a798cb3b52843640082583515c1f730ba61771753
clip_sample_001,34,1533151613112404,car,0.68675,146.31,505.75,360.35,611.72,93.31,dabcc7687aab4ff689144c7a798cb3b52843640082583515c1f730ba61771753
clip_sample_001,34,1533151613112404,car,0.58026,1002.71,469.45,1072.62,526.29,93.31,dabcc7687aab4ff689144c7a798cb3b52843640082583515c1f730ba61771753
clip_sample_001,34,1533151613112404,truck,0.43229,615.07,455.47,706.22,524.44,93.31,dabcc7687aab4ff689144c7a798cb3b52843640082583515c1f730ba61771753
clip_sample_001,34,1533151613112404,person,0.32726,194.39,478.6,222.05,537.76,93.31,dabcc7687aab4ff689144c7a798cb3b52843640082583515c1f730ba61771753
clip_sample_001,34,1533151613112404,car,0.2607,703.24,467.07,742.98,507.9,93.31,dabcc7687aab4ff689144c7a798cb3b52843640082583515c1f730ba61771753
clip_sample_001,34,1533151613112404,truck,0.25805,1424.24,399.76,1599.19,539.33,93.31,dabcc7687aab4ff689144c7a798cb3b52843640082583515c1f730ba61771753
clip_sample_001,34,1533151613112404,car,0.18273,283.72,502.26,361.17,543.47,93.31,dabcc7687aab4ff689144c7a798cb3b52843640082583515c1f730ba61771753
clip_sample_001,34,1533151613112404,car,0.18134,927.15,467.59,965.58,503.73,93.31,dabcc7687aab4ff689144c7a798cb3b52843640082583515c1f730ba61771753
clip_sample_001,34,1533151613112404,parking meter,0.17562,1378.6,404.38,1427.96,516.92,93.31,dabcc7687aab4ff689144c7a798cb3b52843640082583515c1f730ba61771753
clip_sample_001,34,1533151613112404,car,0.15338,966.94,469.83,1006.82,515.73,93.31,dabcc7687aab4ff689144c7a798cb3b52843640082583515c1f730ba61771753
clip_sample_001,34,1533151613112404,car,0.15175,615.07,455.47,706.22,524.44,93.31,dabcc7687aab4ff689144c7a798cb3b52843640082583515c1f730ba61771753
clip_sample_001,34,1533151613112404,truck,0.11236,616.22,456.49,705.99,523.57,93.31,dabcc7687aab4ff689144c7a798cb3b52843640082583515c1f730ba61771753
clip_sample_001,34,1533151613112404,car,0.10378,966.44,467.62,1009.01,511.15,93.31,dabcc7687aab4ff689144c7a798cb3b52843640082583515c1f730ba61771753
clip_sample_001,34,1533151613112404,car,0.09552,281.64,503.68,360.24,543.46,93.31,dabcc7687aab4ff689144c7a798cb3b52843640082583515c1f730ba61771753
clip_sample_001,34,1533151613112404,car,0.09116,912.31,466.29,956.25,502.64,93.31,dabcc7687aab4ff689144c7a798cb3b52843640082583515c1f730ba61771753
clip_sample_001,34,1533151613112404,car,0.09114,955.22,471.17,991.11,513.13,93.31,dabcc7687aab4ff689144c7a798cb3b52843640082583515c1f730ba61771753
clip_sample_001,34,1533151613112404,car,0.0859,672.94,474.14,706.72,518.43,93.31,dabcc7687aab4ff689144c7a798cb3b52843640082583515c1f730ba61771753
clip_sample_001,34,1533151613112404,person,0.08178,192.77,481.47,222.76,546.15,93.31,dabcc7687aab4ff689144c7a798cb3b52843640082583515c1f730ba61771753
clip_sample_001,34,1533151613112404,car,0.07512,701.92,471.81,742.81,510.2,93.31,dabcc7687aab4ff689144c7a798cb3b52843640082583515c1f730ba61771753
clip_sample_001,34,1533151613112404,car,0.0713,539.62,490.48,570.47,513.74,93.31,dabcc7687aab4ff689144c7a798cb3b52843640082583515c1f730ba61771753
clip_sample_001,34,1533151613112404,car,0.06718,960.36,468.08,991.89,507.3,93.31,dabcc7687aab4ff689144c7a798cb3b52843640082583515c1f730ba61771753
clip_sample_001,34,1533151613112404,car,0.05815,1269.39,457.5,1338.05,500.45,93.31,dabcc7687aab4ff689144c7a798cb3b52843640082583515c1f730ba61771753
clip_sample_001,34,1533151613112404,car,0.05658,1425.96,446.88,1527.64,535.11,93.31,dabcc7687aab4ff689144c7a798cb3b52843640082583515c1f730ba61771753
clip_sample_001,34,1533151613112404,car,0.05626,1242.5,453.59,1282.38,480.75,93.31,dabcc7687aab4ff689144c7a798cb3b52843640082583515c1f730ba61771753
clip_sample_001,34,1533151613112404,car,0.05423,703.02,465.49,735.5,507.84,93.31,dabcc7687aab4ff689144c7a798cb3b52843640082583515c1f730ba61771753
clip_sample_001,34,1533151613112404,car,0.05332,1237.8,455.68,1269.7,476.43,93.31,dabcc7687aab4ff689144c7a798cb3b52843640082583515c1f730ba61771753
clip_sample_001,34,1533151613112404,car,0.05303,549.61,483.39,578.26,508.09,93.31,dabcc7687aab4ff689144c7a798cb3b52843640082583515c1f730ba61771753
clip_sample_001,35,1533151613162404,car,0.91873,244.98,491.16,577.52,636.82,92.04,fcbba03636f13b88f6b0709a67b9af944996d3cb4c095bcb2453c797803e9f76
clip_sample_001,35,1533151613162404,car,0.91054,735.7,461.3,962.77,611.81,92.04,fcbba03636f13b88f6b0709a67b9af944996d3cb4c095bcb2453c797803e9f76
clip_sample_001,35,1533151613162404,car,0.90425,1395.18,516.39,1599.72,768.33,92.04,fcbba03636f13b88f6b0709a67b9af944996d3cb4c095bcb2453c797803e9f76
clip_sample_001,35,1533151613162404,car,0.7785,141.32,504.98,360.71,613.71,92.04,fcbba03636f13b88f6b0709a67b9af944996d3cb4c095bcb2453c797803e9f76
clip_sample_001,35,1533151613162404,car,0.70258,1294.2,455.42,1359.63,498.08,92.04,fcbba03636f13b88f6b0709a67b9af944996d3cb4c095bcb2453c797803e9f76
clip_sample_001,35,1533151613162404,car,0.51738,1007.78,471.37,1072.26,526.67,92.04,fcbba03636f13b88f6b0709a67b9af944996d3cb4c095bcb2453c797803e9f76
clip_sample_001,35,1533151613162404,truck,0.36574,616.24,455.22,707.11,524.77,92.04,fcbba03636f13b88f6b0709a67b9af944996d3cb4c095bcb2453c797803e9f76
clip_sample_001,35,1533151613162404,car,0.23673,921.93,467.09,963.66,504.63,92.04,fcbba03636f13b88f6b0709a67b9af944996d3cb4c095bcb2453c797803e9f76
clip_sample_001,35,1533151613162404,car,0.22643,281.45,505.18,357.52,544.12,92.04,fcbba03636f13b88f6b0709a67b9af944996d3cb4c095bcb2453c797803e9f76
clip_sample_001,35,1533151613162404,person,0.21964,192.51,479.72,219.86,541.04,92.04,fcbba03636f13b88f6b0709a67b9af944996d3cb4c095bcb2453c797803e9f76
clip_sample_001,35,1533151613162404,car,0.1934,703.47,467.42,742.41,507.48,92.04,fcbba03636f13b88f6b0709a67b9af944996d3cb4c095bcb2453c797803e9f76
clip_sample_001,35,1533151613162404,car,0.17429,962.7,468.54,1009.35,515.68,92.04,fcbba03636f13b88f6b0709a67b9af944996d3cb4c095bcb2453c797803e9f76
clip_sample_001,35,1533151613162404,car,0.1137,962.93,467.41,1009.79,512.55,92.04,fcbba03636f13b88f6b0709a67b9af944996d3cb4c095bcb2453c797803e9f76
clip_sample_001,35,1533151613162404,car,0.09333,677.04,475.36,707.45,518.15,92.04,fcbba03636f13b88f6b0709a67b9af944996d3cb4c095bcb2453c797803e9f76
clip_sample_001,35,1533151613162404,car,0.088,616.24,455.22,707.11,524.77,92.04,fcbba03636f13b88f6b0709a67b9af944996d3cb4c095bcb2453c797803e9f76
clip_sample_001,35,1533151613162404,car,0.0868,700.04,472.85,743.57,507.47,92.04,fcbba03636f13b88f6b0709a67b9af944996d3cb4c095bcb2453c797803e9f76
clip_sample_001,35,1533151613162404,truck,0.08413,1410.54,377.06,1600.0,528.53,92.04,fcbba03636f13b88f6b0709a67b9af944996d3cb4c095bcb2453c797803e9f76
clip_sample_001,35,1533151613162404,car,0.08112,1257.82,457.36,1340.8,500.44,92.04,fcbba03636f13b88f6b0709a67b9af944996d3cb4c095bcb2453c797803e9f76
clip_sample_001,35,1533151613162404,car,0.081,1004.95,469.48,1072.96,525.8,92.04,fcbba03636f13b88f6b0709a67b9af944996d3cb4c095bcb2453c797803e9f76
clip_sample_001,35,1533151613162404,parking meter,0.07815,1382.61,403.39,1434.14,521.99,92.04,fcbba03636f13b88f6b0709a67b9af944996d3cb4c095bcb2453c797803e9f76
clip_sample_001,35,1533151613162404,car,0.07468,1168.13,461.82,1257.34,493.19,92.04,fcbba03636f13b88f6b0709a67b9af944996d3cb4c095bcb2453c797803e9f76
clip_sample_001,35,1533151613162404,car,0.07065,1242.79,452.27,1285.49,477.7,92.04,fcbba03636f13b88f6b0709a67b9af944996d3cb4c095bcb2453c797803e9f76
clip_sample_001,35,1533151613162404,car,0.07038,957.15,472.09,989.23,513.55,92.04,fcbba03636f13b88f6b0709a67b9af944996d3cb4c095bcb2453c797803e9f76
clip_sample_001,35,1533151613162404,car,0.06814,551.63,483.06,585.89,506.93,92.04,fcbba03636f13b88f6b0709a67b9af944996d3cb4c095bcb2453c797803e9f76
clip_sample_001,35,1533151613162404,truck,0.06665,1430.11,391.61,1599.75,534.77,92.04,fcbba03636f13b88f6b0709a67b9af944996d3cb4c095bcb2453c797803e9f76
clip_sample_001,35,1533151613162404,car,0.0663,634.24,469.73,705.61,523.23,92.04,fcbba03636f13b88f6b0709a67b9af944996d3cb4c095bcb2453c797803e9f76
clip_sample_001,35,1533151613162404,car,0.06427,1246.43,455.97,1291.05,500.3,92.04,fcbba03636f13b88f6b0709a67b9af944996d3cb4c095bcb2453c797803e9f76
clip_sample_001,35,1533151613162404,car,0.0607,703.22,467.84,733.57,507.77,92.04,fcbba03636f13b88f6b0709a67b9af944996d3cb4c095bcb2453c797803e9f76
clip_sample_001,35,1533151613162404,truck,0.05688,617.66,456.84,706.43,523.69,92.04,fcbba03636f13b88f6b0709a67b9af944996d3cb4c095bcb2453c797803e9f76
clip_sample_001,35,1533151613162404,car,0.05092,959.41,464.23,1007.3,516.66,92.04,fcbba03636f13b88f6b0709a67b9af944996d3cb4c095bcb2453c797803e9f76
clip_sample_001,35,1533151613162404,car,0.05002,539.89,490.75,567.41,514.06,92.04,fcbba03636f13b88f6b0709a67b9af944996d3cb4c095bcb2453c797803e9f76
clip_sample_001,36,1533151613262404,car,0.93207,225.14,492.96,571.27,642.26,89.06,e9fcdd2e619819a582b5e3f0b8f1dae7e0a0394db45bfcb7072852337ead8b46
clip_sample_001,36,1533151613262404,car,0.89797,1412.48,522.7,1598.99,765.52,89.06,e9fcdd2e619819a582b5e3f0b8f1dae7e0a0394db45bfcb7072852337ead8b46
clip_sample_001,36,1533151613262404,car,0.88905,754.25,461.49,965.72,607.63,89.06,e9fcdd2e619819a582b5e3f0b8f1dae7e0a0394db45bfcb7072852337ead8b46
clip_sample_001,36,1533151613262404,car,0.66434,1293.18,456.24,1361.21,499.07,89.06,e9fcdd2e619819a582b5e3f0b8f1dae7e0a0394db45bfcb7072852337ead8b46
clip_sample_001,36,1533151613262404,car,0.63292,1009.18,471.8,1072.7,527.21,89.06,e9fcdd2e619819a582b5e3f0b8f1dae7e0a0394db45bfcb7072852337ead8b46
clip_sample_001,36,1533151613262404,truck,0.36531,619.67,455.13,705.17,523.87,89.06,e9fcdd2e619819a582b5e3f0b8f1dae7e0a0394db45bfcb7072852337ead8b46
clip_sample_001,36,1533151613262404,car,0.29028,968.41,468.82,1012.72,515.94,89.06,e9fcdd2e619819a582b5e3f0b8f1dae7e0a0394db45bfcb7072852337ead8b46
clip_sample_001,36,1533151613262404,truck,0.27937,1384.55,375.74,1600.0,537.16,89.06,e9fcdd2e619819a582b5e3f0b8f1dae7e0a0394db45bfcb7072852337ead8b46
clip_sample_001,36,1533151613262404,truck,0.25702,1443.7,400.06,1599.35,536.35,89.06,e9fcdd2e619819a582b5e3f0b8f1dae7e0a0394db45bfcb7072852337ead8b46
clip_sample_001,36,1533151613262404,car,0.24133,277.54,505.91,344.11,544.37,89.06,e9fcdd2e619819a582b5e3f0b8f1dae7e0a0394db45bfcb7072852337ead8b46
clip_sample_001,36,1533151613262404,car,0.23732,703.55,467.67,743.01,505.66,89.06,e9fcdd2e619819a582b5e3f0b8f1dae7e0a0394db45bfcb7072852337ead8b46
clip_sample_001,36,1533151613262404,car,0.21017,925.7,466.27,966.24,505.51,89.06,e9fcdd2e619819a582b5e3f0b8f1dae7e0a0394db45bfcb7072852337ead8b46
clip_sample_001,36,1533151613262404,truck,0.19091,618.08,454.6,705.53,525.28,89.06,e9fcdd2e619819a582b5e3f0b8f1dae7e0a0394db45bfcb7072852337ead8b46
clip_sample_001,36,1533151613262404,car,0.1812,758.08,469.4,791.18,495.23,89.06,e9fcdd2e619819a582b5e3f0b8f1dae7e0a0394db45bfcb7072852337ead8b46
clip_sample_001,36,1533151613262404,car,0.1494,966.06,465.45,1014.0,516.29,89.06,e9fcdd2e619819a582b5e3f0b8f1dae7e0a0394db45bfcb7072852337ead8b46
clip_sample_001,36,1533151613262404,car,0.12911,132.76,508.33,288.17,617.03,89.06,e9fcdd2e619819a582b5e3f0b8f1dae7e0a0394db45bfcb7072852337ead8b46
clip_sample_001,36,1533151613262404,truck,0.11488,1393.08,402.3,1597.8,535.4,89.06,e9fcdd2e619819a582b5e3f0b8f1dae7e0a0394db45bfcb7072852337ead8b46
clip_sample_001,36,1533151613262404,car,0.10936,701.99,473.74,741.36,506.52,89.06,e9fcdd2e619819a582b5e3f0b8f1dae7e0a0394db45bfcb7072852337ead8b46
clip_sample_001,36,1533151613262404,car,0.10559,619.67,455.13,705.17,523.87,89.06,e9fcdd2e619819a582b5e3f0b8f1dae7e0a0394db45bfcb7072852337ead8b46
clip_sample_001,36,1533151613262404,car,0.1026,1368.81,457.61,1401.4,484.47,89.06,e9fcdd2e619819a582b5e3f0b8f1dae7e0a0394db45bfcb7072852337ead8b46
clip_sample_001,36,1533151613262404,car,0.07808,1368.91,456.56,1399.25,483.49,89.06,e9fcdd2e619819a582b5e3f0b8f1dae7e0a0394db45bfcb7072852337ead8b46
clip_sample_001,36,1533151613262404,car,0.07354,180.51,494.4,285.14,548.93,89.06,e9fcdd2e619819a582b5e3f0b8f1dae7e0a0394db45bfcb7072852337ead8b46
clip_sample_001,36,1533151613262404,car,0.07332,1166.7,460.99,1217.03,509.97,89.06,e9fcdd2e619819a582b5e3f0b8f1dae7e0a0394db45bfcb7072852337ead8b46
clip_sample_001,36,1533151613262404,car,0.07204,981.87,466.66,1023.26,515.85,89.06,e9fcdd2e619819a582b5e3f0b8f1dae7e0a0394db45bfcb7072852337ead8b46
clip_sample_001,36,1533151613262404,car,0.06625,747.87,469.83,767.39,497.8,89.06,e9fcdd2e619819a582b5e3f0b8f1dae7e0a0394db45bfcb7072852337ead8b46
clip_sample_001,36,1533151613262404,car,0.06556,676.13,474.22,706.48,518.11,89.06,e9fcdd2e619819a582b5e3f0b8f1dae7e0a0394db45bfcb7072852337ead8b46
clip_sample_001,36,1533151613262404,car,0.06436,703.57,468.51,734.17,505.67,89.06,e9fcdd2e619819a582b5e3f0b8f1dae7e0a0394db45bfcb7072852337ead8b46
clip_sample_001,36,1533151613262404,car,0.06375,1239.06,457.54,1274.11,476.01,89.06,e9fcdd2e619819a582b5e3f0b8f1dae7e0a0394db45bfcb7072852337ead8b46
clip_sample_001,36,1533151613262404,car,0.06358,956.85,471.56,987.77,514.74,89.06,e9fcdd2e619819a582b5e3f0b8f1dae7e0a0394db45bfcb7072852337ead8b46
clip_sample_001,36,1533151613262404,car,0.06299,1180.08,461.46,1218.81,499.75,89.06,e9fcdd2e619819a582b5e3f0b8f1dae7e0a0394db45bfcb7072852337ead8b46
clip_sample_001,36,1533151613262404,car,0.06107,134.55,501.5,359.69,617.25,89.06,e9fcdd2e619819a582b5e3f0b8f1dae7e0a0394db45bfcb7072852337ead8b46
clip_sample_001,36,1533151613262404,car,0.0564,1240.13,451.32,1283.89,475.81,89.06,e9fcdd2e619819a582b5e3f0b8f1dae7e0a0394db45bfcb7072852337ead8b46
clip_sample_001,36,1533151613262404,car,0.0545,984.87,470.45,1019.89,519.29,89.06,e9fcdd2e619819a582b5e3f0b8f1dae7e0a0394db45bfcb7072852337ead8b46
clip_sample_001,36,1533151613262404,traffic light,0.05202,485.2,423.87,499.02,442.58,89.06,e9fcdd2e619819a582b5e3f0b8f1dae7e0a0394db45bfcb7072852337ead8b46
clip_sample_001,36,1533151613262404,car,0.05112,1312.59,459.6,1362.58,497.17,89.06,e9fcdd2e619819a582b5e3f0b8f1dae7e0a0394db45bfcb7072852337ead8b46
clip_sample_001,36,1533151613262404,car,0.05095,963.88,463.22,1012.55,516.58,89.06,e9fcdd2e619819a582b5e3f0b8f1dae7e0a0394db45bfcb7072852337ead8b46
clip_sample_001,36,1533151613262404,person,0.05006,183.48,501.61,212.28,547.79,89.06,e9fcdd2e619819a582b5e3f0b8f1dae7e0a0394db45bfcb7072852337ead8b46
clip_sample_003,1,1535489299012404,car,0.90768,0.0,490.05,266.18,608.37,91.47,bd319fa4b7cf47866e709310277979fd3dd6cbafb3ac4f5096f09739063cd771
clip_sample_003,1,1535489299012404,traffic light,0.73293,1040.5,187.82,1072.72,253.81,91.47,bd319fa4b7cf47866e709310277979fd3dd6cbafb3ac4f5096f09739063cd771
clip_sample_003,1,1535489299012404,traffic light,0.41424,1438.55,3.26,1503.02,199.9,91.47,bd319fa4b7cf47866e709310277979fd3dd6cbafb3ac4f5096f09739063cd771
clip_sample_003,1,1535489299012404,car,0.40535,158.09,491.16,297.1,553.46,91.47,bd319fa4b7cf47866e709310277979fd3dd6cbafb3ac4f5096f09739063cd771
clip_sample_003,1,1535489299012404,traffic light,0.37045,1171.47,50.26,1220.53,161.59,91.47,bd319fa4b7cf47866e709310277979fd3dd6cbafb3ac4f5096f09739063cd771
clip_sample_003,1,1535489299012404,traffic light,0.28573,1093.67,117.06,1129.52,196.1,91.47,bd319fa4b7cf47866e709310277979fd3dd6cbafb3ac4f5096f09739063cd771
clip_sample_003,1,1535489299012404,traffic light,0.21649,726.99,321.71,745.7,353.99,91.47,bd319fa4b7cf47866e709310277979fd3dd6cbafb3ac4f5096f09739063cd771
clip_sample_003,1,1535489299012404,traffic light,0.1307,455.36,302.36,511.29,403.4,91.47,bd319fa4b7cf47866e709310277979fd3dd6cbafb3ac4f5096f09739063cd771
clip_sample_003,1,1535489299012404,traffic light,0.10601,589.28,328.58,607.6,366.45,91.47,bd319fa4b7cf47866e709310277979fd3dd6cbafb3ac4f5096f09739063cd771
clip_sample_003,1,1535489299012404,traffic light,0.09815,592.4,328.38,608.45,365.89,91.47,bd319fa4b7cf47866e709310277979fd3dd6cbafb3ac4f5096f09739063cd771
clip_sample_003,1,1535489299012404,car,0.09785,156.4,488.97,291.44,556.82,91.47,bd319fa4b7cf47866e709310277979fd3dd6cbafb3ac4f5096f09739063cd771
clip_sample_003,1,1535489299012404,traffic light,0.06499,1425.33,228.62,1516.58,288.94,91.47,bd319fa4b7cf47866e709310277979fd3dd6cbafb3ac4f5096f09739063cd771
clip_sample_003,1,1535489299012404,traffic light,0.06411,588.5,329.11,608.15,370.45,91.47,bd319fa4b7cf47866e709310277979fd3dd6cbafb3ac4f5096f09739063cd771
clip_sample_003,1,1535489299012404,car,0.05123,660.41,473.19,680.74,490.8,91.47,bd319fa4b7cf47866e709310277979fd3dd6cbafb3ac4f5096f09739063cd771
clip_sample_003,2,1535489299112404,car,0.89727,0.0,486.51,324.1,609.45,90.02,1bb6d214d8792351d60aa905061540ff8741a3ae4dff420d7884c6e8a6aaca19
clip_sample_003,2,1535489299112404,traffic light,0.73225,1040.78,187.46,1073.14,253.31,90.02,1bb6d214d8792351d60aa905061540ff8741a3ae4dff420d7884c6e8a6aaca19
clip_sample_003,2,1535489299112404,traffic light,0.45105,1093.48,116.85,1129.54,202.99,90.02,1bb6d214d8792351d60aa905061540ff8741a3ae4dff420d7884c6e8a6aaca19
clip_sample_003,2,1535489299112404,traffic light,0.34979,1441.89,3.34,1502.6,201.94,90.02,1bb6d214d8792351d60aa905061540ff8741a3ae4dff420d7884c6e8a6aaca19
clip_sample_003,2,1535489299112404,traffic light,0.30517,1171.43,49.8,1219.76,159.38,90.02,1bb6d214d8792351d60aa905061540ff8741a3ae4dff420d7884c6e8a6aaca19
clip_sample_003,2,1535489299112404,traffic light,0.2251,727.15,320.67,745.33,350.42,90.02,1bb6d214d8792351d60aa905061540ff8741a3ae4dff420d7884c6e8a6aaca19
clip_sample_003,2,1535489299112404,traffic light,0.12844,589.25,328.58,607.76,365.98,90.02,1bb6d214d8792351d60aa905061540ff8741a3ae4dff420d7884c6e8a6aaca19
clip_sample_003,2,1535489299112404,traffic light,0.09122,592.03,328.43,608.07,365.15,90.02,1bb6d214d8792351d60aa905061540ff8741a3ae4dff420d7884c6e8a6aaca19
clip_sample_003,2,1535489299112404,traffic light,0.08039,1426.61,227.58,1513.15,289.07,90.02,1bb6d214d8792351d60aa905061540ff8741a3ae4dff420d7884c6e8a6aaca19
clip_sample_003,2,1535489299112404,car,0.06236,661.34,473.58,680.91,491.12,90.02,1bb6d214d8792351d60aa905061540ff8741a3ae4dff420d7884c6e8a6aaca19
clip_sample_003,2,1535489299112404,car,0.05959,862.25,489.8,925.81,517.24,90.02,1bb6d214d8792351d60aa905061540ff8741a3ae4dff420d7884c6e8a6aaca19
clip_sample_003,2,1535489299112404,traffic light,0.05866,1171.83,46.65,1224.69,162.76,90.02,1bb6d214d8792351d60aa905061540ff8741a3ae4dff420d7884c6e8a6aaca19
clip_sample_003,3,1535489299162404,car,0.91536,0.0,485.29,351.65,609.07,93.12,967f72335d07f754b42454e546e81581e2a08d922a1666deccbb3f6993be16cd
clip_sample_003,3,1535489299162404,traffic light,0.72623,1040.4,186.84,1073.18,253.61,93.12,967f72335d07f754b42454e546e81581e2a08d922a1666deccbb3f6993be16cd
clip_sample_003,3,1535489299162404,traffic light,0.52373,1093.32,117.2,1129.29,199.69,93.12,967f72335d07f754b42454e546e81581e2a08d922a1666deccbb3f6993be16cd
clip_sample_003,3,1535489299162404,traffic light,0.37094,1439.95,3.21,1502.8,203.33,93.12,967f72335d07f754b42454e546e81581e2a08d922a1666deccbb3f6993be16cd
clip_sample_003,3,1535489299162404,traffic light,0.31195,1171.56,50.74,1220.7,159.44,93.12,967f72335d07f754b42454e546e81581e2a08d922a1666deccbb3f6993be16cd
clip_sample_003,3,1535489299162404,traffic light,0.18341,727.41,320.54,745.4,350.02,93.12,967f72335d07f754b42454e546e81581e2a08d922a1666deccbb3f6993be16cd
clip_sample_003,3,1535489299162404,traffic light,0.15099,589.13,327.96,607.88,367.77,93.12,967f72335d07f754b42454e546e81581e2a08d922a1666deccbb3f6993be16cd
clip_sample_003,3,1535489299162404,traffic light,0.10693,592.23,328.12,608.32,365.88,93.12,967f72335d07f754b42454e546e81581e2a08d922a1666deccbb3f6993be16cd
clip_sample_003,3,1535489299162404,traffic light,0.07546,455.28,302.52,511.43,406.27,93.12,967f72335d07f754b42454e546e81581e2a08d922a1666deccbb3f6993be16cd
clip_sample_003,3,1535489299162404,car,0.07201,894.1,492.1,926.85,517.14,93.12,967f72335d07f754b42454e546e81581e2a08d922a1666deccbb3f6993be16cd
clip_sample_003,3,1535489299162404,car,0.06447,660.68,472.05,680.3,490.43,93.12,967f72335d07f754b42454e546e81581e2a08d922a1666deccbb3f6993be16cd
clip_sample_003,3,1535489299162404,traffic light,0.06366,588.46,328.43,607.53,370.6,93.12,967f72335d07f754b42454e546e81581e2a08d922a1666deccbb3f6993be16cd
clip_sample_003,3,1535489299162404,car,0.05282,864.29,490.11,927.37,516.82,93.12,967f72335d07f754b42454e546e81581e2a08d922a1666deccbb3f6993be16cd
clip_sample_003,4,1535489299262404,car,0.89614,23.11,484.63,414.95,608.05,90.53,4555a2d80e91ae4dd3dba9208b83c8fb255b200e411cb3450d4a6057fab16f5d
clip_sample_003,4,1535489299262404,traffic light,0.72442,1040.99,187.46,1071.97,252.86,90.53,4555a2d80e91ae4dd3dba9208b83c8fb255b200e411cb3450d4a6057fab16f5d
clip_sample_003,4,1535489299262404,traffic light,0.48145,1093.61,117.22,1129.75,201.15,90.53,4555a2d80e91ae4dd3dba9208b83c8fb255b200e411cb3450d4a6057fab16f5d
clip_sample_003,4,1535489299262404,traffic light,0.30502,1439.93,3.0,1502.54,200.56,90.53,4555a2d80e91ae4dd3dba9208b83c8fb255b200e411cb3450d4a6057fab16f5d
clip_sample_003,4,1535489299262404,traffic light,0.2955,1171.29,50.47,1219.76,160.96,90.53,4555a2d80e91ae4dd3dba9208b83c8fb255b200e411cb3450d4a6057fab16f5d
clip_sample_003,4,1535489299262404,traffic light,0.17998,727.4,321.8,745.27,350.99,90.53,4555a2d80e91ae4dd3dba9208b83c8fb255b200e411cb3450d4a6057fab16f5d
clip_sample_003,4,1535489299262404,traffic light,0.1665,1427.31,228.06,1509.27,289.75,90.53,4555a2d80e91ae4dd3dba9208b83c8fb255b200e411cb3450d4a6057fab16f5d
clip_sample_003,4,1535489299262404,traffic light,0.10414,452.5,302.15,512.69,409.7,90.53,4555a2d80e91ae4dd3dba9208b83c8fb255b200e411cb3450d4a6057fab16f5d
clip_sample_003,4,1535489299262404,car,0.10335,863.31,490.79,925.01,517.1,90.53,4555a2d80e91ae4dd3dba9208b83c8fb255b200e411cb3450d4a6057fab16f5d
clip_sample_003,4,1535489299262404,traffic light,0.09843,588.99,328.55,608.09,366.88,90.53,4555a2d80e91ae4dd3dba9208b83c8fb255b200e411cb3450d4a6057fab16f5d
clip_sample_003,4,1535489299262404,car,0.07714,661.02,474.7,681.73,491.04,90.53,4555a2d80e91ae4dd3dba9208b83c8fb255b200e411cb3450d4a6057fab16f5d
clip_sample_003,4,1535489299262404,traffic light,0.07454,1171.71,47.55,1224.78,163.2,90.53,4555a2d80e91ae4dd3dba9208b83c8fb255b200e411cb3450d4a6057fab16f5d
clip_sample_003,4,1535489299262404,traffic light,0.07307,588.39,329.19,608.45,370.7,90.53,4555a2d80e91ae4dd3dba9208b83c8fb255b200e411cb3450d4a6057fab16f5d
clip_sample_003,4,1535489299262404,traffic light,0.05461,591.34,328.48,607.94,366.43,90.53,4555a2d80e91ae4dd3dba9208b83c8fb255b200e411cb3450d4a6057fab16f5d
clip_sample_003,5,1535489299362404,car,0.90324,85.33,483.27,479.23,605.83,89.22,49a26de8e6f7a4f2c38efc512eca11d84fdbb125018e7beba5fbd4929a4f7675
clip_sample_003,5,1535489299362404,traffic light,0.73043,1040.83,187.38,1072.09,253.35,89.22,49a26de8e6f7a4f2c38efc512eca11d84fdbb125018e7beba5fbd4929a4f7675
clip_sample_003,5,1535489299362404,traffic light,0.50463,1093.71,116.71,1129.43,199.76,89.22,49a26de8e6f7a4f2c38efc512eca11d84fdbb125018e7beba5fbd4929a4f7675
clip_sample_003,5,1535489299362404,traffic light,0.44135,1439.66,3.64,1502.51,200.96,89.22,49a26de8e6f7a4f2c38efc512eca11d84fdbb125018e7beba5fbd4929a4f7675
clip_sample_003,5,1535489299362404,traffic light,0.34024,1171.14,49.33,1220.22,162.09,89.22,49a26de8e6f7a4f2c38efc512eca11d84fdbb125018e7beba5fbd4929a4f7675
clip_sample_003,5,1535489299362404,traffic light,0.23528,727.35,321.12,745.11,351.38,89.22,49a26de8e6f7a4f2c38efc512eca11d84fdbb125018e7beba5fbd4929a4f7675
clip_sample_003,5,1535489299362404,car,0.19815,0.32,497.89,66.49,585.15,89.22,49a26de8e6f7a4f2c38efc512eca11d84fdbb125018e7beba5fbd4929a4f7675
clip_sample_003,5,1535489299362404,traffic light,0.11527,589.21,328.35,607.57,364.79,89.22,49a26de8e6f7a4f2c38efc512eca11d84fdbb125018e7beba5fbd4929a4f7675
clip_sample_003,5,1535489299362404,traffic light,0.11251,592.22,328.02,608.14,364.03,89.22,49a26de8e6f7a4f2c38efc512eca11d84fdbb125018e7beba5fbd4929a4f7675
clip_sample_003,5,1535489299362404,car,0.1,0.0,501.33,64.63,583.8,89.22,49a26de8e6f7a4f2c38efc512eca11d84fdbb125018e7beba5fbd4929a4f7675
clip_sample_003,5,1535489299362404,traffic light,0.09224,455.67,302.55,511.47,401.17,89.22,49a26de8e6f7a4f2c38efc512eca11d84fdbb125018e7beba5fbd4929a4f7675
clip_sample_003,5,1535489299362404,car,0.07433,661.34,475.45,679.33,491.66,89.22,49a26de8e6f7a4f2c38efc512eca11d84fdbb125018e7beba5fbd4929a4f7675
clip_sample_003,5,1535489299362404,traffic light,0.05422,724.93,316.43,743.96,344.46,89.22,49a26de8e6f7a4f2c38efc512eca11d84fdbb125018e7beba5fbd4929a4f7675
clip_sample_003,5,1535489299362404,traffic light,0.05271,679.18,436.72,694.05,461.02,89.22,49a26de8e6f7a4f2c38efc512eca11d84fdbb125018e7beba5fbd4929a4f7675
clip_sample_003,6,1535489299412414,car,0.88981,118.46,482.28,509.25,605.45,91.51,eef0b4215561ad5e10f4771b2cb87334196e57e8d76c709b427c0efdf8bbf23a
clip_sample_003,6,1535489299412414,traffic light,0.75079,1040.43,187.08,1073.38,254.07,91.51,eef0b4215561ad5e10f4771b2cb87334196e57e8d76c709b427c0efdf8bbf23a
clip_sample_003,6,1535489299412414,car,0.63025,0.35,495.78,90.67,585.34,91.51,eef0b4215561ad5e10f4771b2cb87334196e57e8d76c709b427c0efdf8bbf23a
clip_sample_003,6,1535489299412414,traffic light,0.50619,1093.59,117.05,1129.22,199.29,91.51,eef0b4215561ad5e10f4771b2cb87334196e57e8d76c709b427c0efdf8bbf23a
clip_sample_003,6,1535489299412414,traffic light,0.29636,1171.15,49.05,1219.83,161.11,91.51,eef0b4215561ad5e10f4771b2cb87334196e57e8d76c709b427c0efdf8bbf23a
clip_sample_003,6,1535489299412414,traffic light,0.23145,1438.77,3.27,1503.16,204.47,91.51,eef0b4215561ad5e10f4771b2cb87334196e57e8d76c709b427c0efdf8bbf23a
clip_sample_003,6,1535489299412414,traffic light,0.22263,727.7,321.09,745.46,350.82,91.51,eef0b4215561ad5e10f4771b2cb87334196e57e8d76c709b427c0efdf8bbf23a
clip_sample_003,6,1535489299412414,traffic light,0.12016,454.81,302.41,512.31,406.32,91.51,eef0b4215561ad5e10f4771b2cb87334196e57e8d76c709b427c0efdf8bbf23a
clip_sample_003,6,1535489299412414,traffic light,0.10476,589.66,328.24,607.97,365.9,91.51,eef0b4215561ad5e10f4771b2cb87334196e57e8d76c709b427c0efdf8bbf23a
clip_sample_003,6,1535489299412414,traffic light,0.09503,1426.12,227.31,1514.94,288.85,91.51,eef0b4215561ad5e10f4771b2cb87334196e57e8d76c709b427c0efdf8bbf23a
clip_sample_003,6,1535489299412414,traffic light,0.08762,591.96,328.0,608.1,365.11,91.51,eef0b4215561ad5e10f4771b2cb87334196e57e8d76c709b427c0efdf8bbf23a
clip_sample_003,6,1535489299412414,traffic light,0.07377,1171.55,46.38,1225.33,163.98,91.51,eef0b4215561ad5e10f4771b2cb87334196e57e8d76c709b427c0efdf8bbf23a
clip_sample_003,6,1535489299412414,truck,0.07275,0.35,495.78,90.67,585.34,91.51,eef0b4215561ad5e10f4771b2cb87334196e57e8d76c709b427c0efdf8bbf23a
clip_sample_003,6,1535489299412414,traffic light,0.05654,588.83,328.41,608.15,370.53,91.51,eef0b4215561ad5e10f4771b2cb87334196e57e8d76c709b427c0efdf8bbf23a
clip_sample_003,6,1535489299412414,car,0.05259,661.68,475.21,681.3,491.07,91.51,eef0b4215561ad5e10f4771b2cb87334196e57e8d76c709b427c0efdf8bbf23a
clip_sample_003,6,1535489299412414,traffic light,0.05116,725.16,316.27,744.18,343.97,91.51,eef0b4215561ad5e10f4771b2cb87334196e57e8d76c709b427c0efdf8bbf23a
clip_sample_003,7,1535489299512404,car,0.90879,189.23,479.71,574.11,602.37,92.78,3b6575dd94afe6d3caf74f14743d762dcd52963735840c01cf63b3a91a750645
clip_sample_003,7,1535489299512404,traffic light,0.73297,1040.95,187.43,1072.71,253.76,92.78,3b6575dd94afe6d3caf74f14743d762dcd52963735840c01cf63b3a91a750645
clip_sample_003,7,1535489299512404,car,0.71957,0.18,463.46,138.64,589.25,92.78,3b6575dd94afe6d3caf74f14743d762dcd52963735840c01cf63b3a91a750645
clip_sample_003,7,1535489299512404,traffic light,0.519,1093.63,117.0,1129.81,202.45,92.78,3b6575dd94afe6d3caf74f14743d762dcd52963735840c01cf63b3a91a750645
clip_sample_003,7,1535489299512404,traffic light,0.34675,1171.64,50.73,1220.88,162.11,92.78,3b6575dd94afe6d3caf74f14743d762dcd52963735840c01cf63b3a91a750645
clip_sample_003,7,1535489299512404,traffic light,0.33678,1439.75,3.08,1502.88,203.6,92.78,3b6575dd94afe6d3caf74f14743d762dcd52963735840c01cf63b3a91a750645
clip_sample_003,7,1535489299512404,traffic light,0.19762,727.54,321.34,745.59,350.14,92.78,3b6575dd94afe6d3caf74f14743d762dcd52963735840c01cf63b3a91a750645
clip_sample_003,7,1535489299512404,traffic light,0.14499,455.01,302.62,512.77,405.63,92.78,3b6575dd94afe6d3caf74f14743d762dcd52963735840c01cf63b3a91a750645
clip_sample_003,7,1535489299512404,traffic light,0.13751,1425.33,227.62,1517.53,289.68,92.78,3b6575dd94afe6d3caf74f14743d762dcd52963735840c01cf63b3a91a750645
clip_sample_003,7,1535489299512404,traffic light,0.12002,589.34,328.47,608.21,366.41,92.78,3b6575dd94afe6d3caf74f14743d762dcd52963735840c01cf63b3a91a750645
clip_sample_003,7,1535489299512404,truck,0.10324,0.18,463.46,138.64,589.25,92.78,3b6575dd94afe6d3caf74f14743d762dcd52963735840c01cf63b3a91a750645
clip_sample_003,7,1535489299512404,traffic light,0.08919,592.41,328.57,608.28,365.34,92.78,3b6575dd94afe6d3caf74f14743d762dcd52963735840c01cf63b3a91a750645
clip_sample_003,7,1535489299512404,car,0.07854,661.76,474.33,679.8,491.61,92.78,3b6575dd94afe6d3caf74f14743d762dcd52963735840c01cf63b3a91a750645
clip_sample_003,7,1535489299512404,car,0.06531,862.05,489.43,927.86,517.21,92.78,3b6575dd94afe6d3caf74f14743d762dcd52963735840c01cf63b3a91a750645
clip_sample_003,7,1535489299512404,traffic light,0.06475,588.32,329.13,608.57,369.55,92.78,3b6575dd94afe6d3caf74f14743d762dcd52963735840c01cf63b3a91a750645
clip_sample_003,7,1535489299512404,car,0.05918,470.59,486.34,505.66,510.14,92.78,3b6575dd94afe6d3caf74f14743d762dcd52963735840c01cf63b3a91a750645
clip_sample_003,8,1535489299612404,car,0.90677,254.91,476.24,642.0,600.01,87.4,70fc459cb3cfcabc30e8f2ca1b6fbdf0ac5bdfeffaaf99a05669d4ca615e800a
clip_sample_003,8,1535489299612404,traffic light,0.73788,1040.9,186.98,1072.44,253.59,87.4,70fc459cb3cfcabc30e8f2ca1b6fbdf0ac5bdfeffaaf99a05669d4ca615e800a
clip_sample_003,8,1535489299612404,car,0.63984,0.0,458.2,189.75,587.68,87.4,70fc459cb3cfcabc30e8f2ca1b6fbdf0ac5bdfeffaaf99a05669d4ca615e800a
clip_sample_003,8,1535489299612404,traffic light,0.52618,1093.7,116.68,1129.65,197.37,87.4,70fc459cb3cfcabc30e8f2ca1b6fbdf0ac5bdfeffaaf99a05669d4ca615e800a
clip_sample_003,8,1535489299612404,traffic light,0.41121,1439.89,4.01,1502.8,203.35,87.4,70fc459cb3cfcabc30e8f2ca1b6fbdf0ac5bdfeffaaf99a05669d4ca615e800a
clip_sample_003,8,1535489299612404,traffic light,0.34736,1171.24,51.06,1220.22,160.76,87.4,70fc459cb3cfcabc30e8f2ca1b6fbdf0ac5bdfeffaaf99a05669d4ca615e800a
clip_sample_003,8,1535489299612404,traffic light,0.19078,727.28,321.03,745.71,352.03,87.4,70fc459cb3cfcabc30e8f2ca1b6fbdf0ac5bdfeffaaf99a05669d4ca615e800a
clip_sample_003,8,1535489299612404,traffic light,0.16851,455.93,303.01,510.42,399.79,87.4,70fc459cb3cfcabc30e8f2ca1b6fbdf0ac5bdfeffaaf99a05669d4ca615e800a
clip_sample_003,8,1535489299612404,traffic light,0.11781,589.15,328.55,607.63,366.11,87.4,70fc459cb3cfcabc30e8f2ca1b6fbdf0ac5bdfeffaaf99a05669d4ca615e800a
clip_sample_003,8,1535489299612404,car,0.11572,0.24,457.28,114.24,587.98,87.4,70fc459cb3cfcabc30e8f2ca1b6fbdf0ac5bdfeffaaf99a05669d4ca615e800a
clip_sample_003,8,1535489299612404,traffic light,0.11165,592.65,328.19,608.0,365.44,87.4,70fc459cb3cfcabc30e8f2ca1b6fbdf0ac5bdfeffaaf99a05669d4ca615e800a
clip_sample_003,8,1535489299612404,traffic light,0.10624,1424.34,227.65,1515.62,289.03,87.4,70fc459cb3cfcabc30e8f2ca1b6fbdf0ac5bdfeffaaf99a05669d4ca615e800a
clip_sample_003,8,1535489299612404,car,0.09614,893.22,491.05,928.2,516.32,87.4,70fc459cb3cfcabc30e8f2ca1b6fbdf0ac5bdfeffaaf99a05669d4ca615e800a
clip_sample_003,8,1535489299612404,truck,0.0893,0.0,458.2,189.75,587.68,87.4,70fc459cb3cfcabc30e8f2ca1b6fbdf0ac5bdfeffaaf99a05669d4ca615e800a
clip_sample_003,8,1535489299612404,car,0.07651,863.69,488.74,929.29,516.51,87.4,70fc459cb3cfcabc30e8f2ca1b6fbdf0ac5bdfeffaaf99a05669d4ca615e800a
clip_sample_003,8,1535489299612404,traffic light,0.06927,1171.88,43.9,1227.44,163.43,87.4,70fc459cb3cfcabc30e8f2ca1b6fbdf0ac5bdfeffaaf99a05669d4ca615e800a
clip_sample_003,8,1535489299612404,traffic light,0.05388,588.23,329.08,608.32,369.75,87.4,70fc459cb3cfcabc30e8f2ca1b6fbdf0ac5bdfeffaaf99a05669d4ca615e800a
clip_sample_003,9,1535489299662404,car,0.92079,298.39,475.38,674.33,599.09,88.96,ee14dd2825a399dadcb4e1f20127bc21ed0a5abf0735b6d3edc706aade2184f7
clip_sample_003,9,1535489299662404,car,0.75886,0.0,454.08,210.91,586.21,88.96,ee14dd2825a399dadcb4e1f20127bc21ed0a5abf0735b6d3edc706aade2184f7
clip_sample_003,9,1535489299662404,traffic light,0.72598,1041.19,187.58,1072.09,253.3,88.96,ee14dd2825a399dadcb4e1f20127bc21ed0a5abf0735b6d3edc706aade2184f7
clip_sample_003,9,1535489299662404,traffic light,0.48709,1093.33,117.34,1129.56,200.03,88.96,ee14dd2825a399dadcb4e1f20127bc21ed0a5abf0735b6d3edc706aade2184f7
clip_sample_003,9,1535489299662404,traffic light,0.434,1440.4,4.23,1502.75,200.03,88.96,ee14dd2825a399dadcb4e1f20127bc21ed0a5abf0735b6d3edc706aade2184f7
clip_sample_003,9,1535489299662404,traffic light,0.38662,1171.41,52.04,1220.58,162.72,88.96,ee14dd2825a399dadcb4e1f20127bc21ed0a5abf0735b6d3edc706aade2184f7
clip_sample_003,9,1535489299662404,car,0.27176,272.53,484.61,375.46,545.29,88.96,ee14dd2825a399dadcb4e1f20127bc21ed0a5abf0735b6d3edc706aade2184f7
clip_sample_003,9,1535489299662404,traffic light,0.19524,727.06,321.41,745.21,352.22,88.96,ee14dd2825a399dadcb4e1f20127bc21ed0a5abf0735b6d3edc706aade2184f7
clip_sample_003,9,1535489299662404,traffic light,0.10146,589.2,328.12,607.99,366.48,88.96,ee14dd2825a399dadcb4e1f20127bc21ed0a5abf0735b6d3edc706aade2184f7
clip_sample_003,9,1535489299662404,traffic light,0.08898,455.16,301.96,512.29,406.74,88.96,ee14dd2825a399dadcb4e1f20127bc21ed0a5abf0735b6d3edc706aade2184f7
clip_sample_003,9,1535489299662404,traffic light,0.07706,592.15,328.0,608.12,365.44,88.96,ee14dd2825a399dadcb4e1f20127bc21ed0a5abf0735b6d3edc706aade2184f7
clip_sample_003,9,1535489299662404,truck,0.07551,0.0,454.08,210.91,586.21,88.96,ee14dd2825a399dadcb4e1f20127bc21ed0a5abf0735b6d3edc706aade2184f7
clip_sample_003,9,1535489299662404,car,0.05984,283.48,483.31,376.48,542.67,88.96,ee14dd2825a399dadcb4e1f20127bc21ed0a5abf0735b6d3edc706aade2184f7
clip_sample_003,9,1535489299662404,car,0.05915,863.99,490.62,927.43,517.06,88.96,ee14dd2825a399dadcb4e1f20127bc21ed0a5abf0735b6d3edc706aade2184f7
clip_sample_003,9,1535489299662404,traffic light,0.05755,1424.81,228.48,1515.78,289.05,88.96,ee14dd2825a399dadcb4e1f20127bc21ed0a5abf0735b6d3edc706aade2184f7
clip_sample_003,9,1535489299662404,traffic light,0.05744,588.48,328.53,608.26,369.89,88.96,ee14dd2825a399dadcb4e1f20127bc21ed0a5abf0735b6d3edc706aade2184f7
clip_sample_003,9,1535489299662404,traffic light,0.05606,1172.01,48.67,1224.59,162.86,88.96,ee14dd2825a399dadcb4e1f20127bc21ed0a5abf0735b6d3edc706aade2184f7
clip_sample_003,9,1535489299662404,car,0.05035,888.32,492.53,927.05,517.02,88.96,ee14dd2825a399dadcb4e1f20127bc21ed0a5abf0735b6d3edc706aade2184f7
clip_sample_003,10,1535489299762404,car,0.90195,367.62,471.5,747.58,597.4,91.72,d666e627f7ff7de4732bf4544c520d973d6788b2e3713e9a9cf3f990cb381246
clip_sample_003,10,1535489299762404,car,0.74965,299.36,481.76,438.39,550.41,91.72,d666e627f7ff7de4732bf4544c520d973d6788b2e3713e9a9cf3f990cb381246
clip_sample_003,10,1535489299762404,traffic light,0.73791,1040.87,187.24,1073.23,253.51,91.72,d666e627f7ff7de4732bf4544c520d973d6788b2e3713e9a9cf3f990cb381246
clip_sample_003,10,1535489299762404,car,0.71597,0.0,454.84,261.0,588.91,91.72,d666e627f7ff7de4732bf4544c520d973d6788b2e3713e9a9cf3f990cb381246
clip_sample_003,10,1535489299762404,traffic light,0.51425,1093.37,117.39,1129.46,200.41,91.72,d666e627f7ff7de4732bf4544c520d973d6788b2e3713e9a9cf3f990cb381246
clip_sample_003,10,1535489299762404,traffic light,0.40859,1440.79,2.56,1502.85,202.89,91.72,d666e627f7ff7de4732bf4544c520d973d6788b2e3713e9a9cf3f990cb381246
clip_sample_003,10,1535489299762404,traffic light,0.36401,1171.22,51.68,1220.36,162.25,91.72,d666e627f7ff7de4732bf4544c520d973d6788b2e3713e9a9cf3f990cb381246
clip_sample_003,10,1535489299762404,traffic light,0.21491,727.2,320.98,745.31,353.17,91.72,d666e627f7ff7de4732bf4544c520d973d6788b2e3713e9a9cf3f990cb381246
clip_sample_003,10,1535489299762404,car,0.15815,0.0,454.95,260.78,589.19,91.72,d666e627f7ff7de4732bf4544c520d973d6788b2e3713e9a9cf3f990cb381246
clip_sample_003,10,1535489299762404,car,0.14907,301.8,481.44,427.39,549.01,91.72,d666e627f7ff7de4732bf4544c520d973d6788b2e3713e9a9cf3f990cb381246
clip_sample_003,10,1535489299762404,car,0.13448,366.34,471.7,745.86,597.25,91.72,d666e627f7ff7de4732bf4544c520d973d6788b2e3713e9a9cf3f990cb381246
clip_sample_003,10,1535489299762404,traffic light,0.12582,589.22,328.43,607.81,367.12,91.72,d666e627f7ff7de4732bf4544c520d973d6788b2e3713e9a9cf3f990cb381246
clip_sample_003,10,1535489299762404,traffic light,0.08546,591.78,328.11,607.98,366.84,91.72,d666e627f7ff7de4732bf4544c520d973d6788b2e3713e9a9cf3f990cb381246
clip_sample_003,10,1535489299762404,car,0.06342,864.11,490.54,927.68,516.85,91.72,d666e627f7ff7de4732bf4544c520d973d6788b2e3713e9a9cf3f990cb381246
clip_sample_003,10,1535489299762404,traffic light,0.06292,1171.73,48.18,1224.78,162.88,91.72,d666e627f7ff7de4732bf4544c520d973d6788b2e3713e9a9cf3f990cb381246
clip_sample_003,10,1535489299762404,car,0.05979,892.21,492.29,927.42,516.96,91.72,d666e627f7ff7de4732bf4544c520d973d6788b2e3713e9a9cf3f990cb381246
clip_sample_003,10,1535489299762404,traffic light,0.05714,588.52,329.36,607.95,369.97,91.72,d666e627f7ff7de4732bf4544c520d973d6788b2e3713e9a9cf3f990cb381246
clip_sample_003,10,1535489299762404,traffic light,0.05642,1426.67,227.52,1513.08,289.18,91.72,d666e627f7ff7de4732bf4544c520d973d6788b2e3713e9a9cf3f990cb381246
clip_sample_003,11,1535489299862404,car,0.91656,436.4,469.64,813.48,593.1,89.97,8e9ba3915bd4d8f101b64c09b08a41d54f7432858e5e868856f4315b00271cab
clip_sample_003,11,1535489299862404,car,0.80587,0.0,451.55,311.06,591.45,89.97,8e9ba3915bd4d8f101b64c09b08a41d54f7432858e5e868856f4315b00271cab
clip_sample_003,11,1535489299862404,car,0.79084,327.15,480.75,487.06,550.59,89.97,8e9ba3915bd4d8f101b64c09b08a41d54f7432858e5e868856f4315b00271cab
clip_sample_003,11,1535489299862404,traffic light,0.73575,1040.77,187.08,1073.43,253.81,89.97,8e9ba3915bd4d8f101b64c09b08a41d54f7432858e5e868856f4315b00271cab
clip_sample_003,11,1535489299862404,traffic light,0.49304,1438.86,3.71,1502.92,200.78,89.97,8e9ba3915bd4d8f101b64c09b08a41d54f7432858e5e868856f4315b00271cab
clip_sample_003,11,1535489299862404,traffic light,0.34642,1171.52,50.83,1219.87,159.61,89.97,8e9ba3915bd4d8f101b64c09b08a41d54f7432858e5e868856f4315b00271cab
clip_sample_003,11,1535489299862404,traffic light,0.30365,1093.76,116.87,1129.45,200.83,89.97,8e9ba3915bd4d8f101b64c09b08a41d54f7432858e5e868856f4315b00271cab
clip_sample_003,11,1535489299862404,traffic light,0.21128,727.65,321.26,745.31,351.02,89.97,8e9ba3915bd4d8f101b64c09b08a41d54f7432858e5e868856f4315b00271cab
clip_sample_003,11,1535489299862404,traffic light,0.10983,1427.84,227.74,1518.03,289.65,89.97,8e9ba3915bd4d8f101b64c09b08a41d54f7432858e5e868856f4315b00271cab
clip_sample_003,11,1535489299862404,car,0.094,755.92,481.78,815.06,518.74,89.97,8e9ba3915bd4d8f101b64c09b08a41d54f7432858e5e868856f4315b00271cab
clip_sample_003,11,1535489299862404,traffic light,0.08627,589.68,328.65,607.94,367.74,89.97,8e9ba3915bd4d8f101b64c09b08a41d54f7432858e5e868856f4315b00271cab
clip_sample_003,11,1535489299862404,traffic light,0.08106,592.01,328.31,608.06,367.11,89.97,8e9ba3915bd4d8f101b64c09b08a41d54f7432858e5e868856f4315b00271cab
clip_sample_003,11,1535489299862404,traffic light,0.07976,455.81,303.19,511.05,401.51,89.97,8e9ba3915bd4d8f101b64c09b08a41d54f7432858e5e868856f4315b00271cab
clip_sample_003,11,1535489299862404,traffic light,0.06635,1172.15,47.74,1224.46,162.35,89.97,8e9ba3915bd4d8f101b64c09b08a41d54f7432858e5e868856f4315b00271cab
clip_sample_003,11,1535489299862404,traffic light,0.06588,588.88,329.26,608.46,372.23,89.97,8e9ba3915bd4d8f101b64c09b08a41d54f7432858e5e868856f4315b00271cab
clip_sample_003,12,1535489299912404,car,0.91631,471.66,468.52,851.1,591.13,89.87,cbef3ff385b0895a8c2a80e7f3e8626d146a1f1342a1ef1088bed6f9842391d2
clip_sample_003,12,1535489299912404,car,0.84504,337.19,481.8,500.15,548.59,89.87,cbef3ff385b0895a8c2a80e7f3e8626d146a1f1342a1ef1088bed6f9842391d2
clip_sample_003,12,1535489299912404,car,0.78885,0.24,451.54,334.48,588.88,89.87,cbef3ff385b0895a8c2a80e7f3e8626d146a1f1342a1ef1088bed6f9842391d2
clip_sample_003,12,1535489299912404,traffic light,0.7417,1040.72,187.84,1073.37,253.83,89.87,cbef3ff385b0895a8c2a80e7f3e8626d146a1f1342a1ef1088bed6f9842391d2
clip_sample_003,12,1535489299912404,traffic light,0.51474,1093.61,117.23,1129.37,199.21,89.87,cbef3ff385b0895a8c2a80e7f3e8626d146a1f1342a1ef1088bed6f9842391d2
clip_sample_003,12,1535489299912404,traffic light,0.4124,1438.74,3.39,1502.63,202.2,89.87,cbef3ff385b0895a8c2a80e7f3e8626d146a1f1342a1ef1088bed6f9842391d2
clip_sample_003,12,1535489299912404,traffic light,0.32015,1171.42,51.26,1220.5,161.5,89.87,cbef3ff385b0895a8c2a80e7f3e8626d146a1f1342a1ef1088bed6f9842391d2
clip_sample_003,12,1535489299912404,traffic light,0.21517,727.2,319.91,745.8,352.71,89.87,cbef3ff385b0895a8c2a80e7f3e8626d146a1f1342a1ef1088bed6f9842391d2
clip_sample_003,12,1535489299912404,traffic light,0.11017,589.23,328.47,608.04,368.12,89.87,cbef3ff385b0895a8c2a80e7f3e8626d146a1f1342a1ef1088bed6f9842391d2
clip_sample_003,12,1535489299912404,traffic light,0.08297,1426.76,228.33,1517.56,289.64,89.87,cbef3ff385b0895a8c2a80e7f3e8626d146a1f1342a1ef1088bed6f9842391d2
clip_sample_003,12,1535489299912404,traffic light,0.07982,588.23,329.1,608.11,371.13,89.87,cbef3ff385b0895a8c2a80e7f3e8626d146a1f1342a1ef1088bed6f9842391d2
clip_sample_003,12,1535489299912404,traffic light,0.07904,454.57,301.98,511.96,406.03,89.87,cbef3ff385b0895a8c2a80e7f3e8626d146a1f1342a1ef1088bed6f9842391d2
clip_sample_003,12,1535489299912404,traffic light,0.06884,591.96,328.35,608.16,366.81,89.87,cbef3ff385b0895a8c2a80e7f3e8626d146a1f1342a1ef1088bed6f9842391d2
clip_sample_003,13,1535489300012404,car,0.91356,548.45,465.73,924.1,588.81,94.06,d9ed7ed30b024548be84d4726388df013828005449de5d37eb7d0d36c0f10f94
clip_sample_003,13,1535489300012404,car,0.8614,378.58,483.64,555.58,546.98,94.06,d9ed7ed30b024548be84d4726388df013828005449de5d37eb7d0d36c0f10f94
clip_sample_003,13,1535489300012404,car,0.80065,19.3,450.47,383.05,589.7,94.06,d9ed7ed30b024548be84d4726388df013828005449de5d37eb7d0d36c0f10f94
clip_sample_003,13,1535489300012404,traffic light,0.72824,1040.77,187.99,1072.87,253.52,94.06,d9ed7ed30b024548be84d4726388df013828005449de5d37eb7d0d36c0f10f94
clip_sample_003,13,1535489300012404,traffic light,0.46517,1093.63,116.64,1129.85,202.82,94.06,d9ed7ed30b024548be84d4726388df013828005449de5d37eb7d0d36c0f10f94
clip_sample_003,13,1535489300012404,traffic light,0.43578,1440.16,3.25,1502.63,201.66,94.06,d9ed7ed30b024548be84d4726388df013828005449de5d37eb7d0d36c0f10f94
clip_sample_003,13,1535489300012404,traffic light,0.32784,1171.58,53.58,1220.52,162.87,94.06,d9ed7ed30b024548be84d4726388df013828005449de5d37eb7d0d36c0f10f94
clip_sample_003,13,1535489300012404,traffic light,0.23382,727.1,320.26,745.44,353.41,94.06,d9ed7ed30b024548be84d4726388df013828005449de5d37eb7d0d36c0f10f94
clip_sample_003,13,1535489300012404,traffic light,0.11069,591.68,328.21,607.88,364.93,94.06,d9ed7ed30b024548be84d4726388df013828005449de5d37eb7d0d36c0f10f94
clip_sample_003,13,1535489300012404,traffic light,0.10665,589.43,328.68,607.7,365.98,94.06,d9ed7ed30b024548be84d4726388df013828005449de5d37eb7d0d36c0f10f94
clip_sample_003,13,1535489300012404,car,0.07953,1484.04,421.6,1599.56,492.18,94.06,d9ed7ed30b024548be84d4726388df013828005449de5d37eb7d0d36c0f10f94
clip_sample_003,13,1535489300012404,traffic light,0.06239,1426.32,227.68,1518.74,289.11,94.06,d9ed7ed30b024548be84d4726388df013828005449de5d37eb7d0d36c0f10f94
clip_sample_003,13,1535489300012404,truck,0.06164,19.3,450.47,383.05,589.7,94.06,d9ed7ed30b024548be84d4726388df013828005449de5d37eb7d0d36c0f10f94
clip_sample_003,13,1535489300012404,traffic light,0.05013,724.86,316.04,744.15,344.83,94.06,d9ed7ed30b024548be84d4726388df013828005449de5d37eb7d0d36c0f10f94
clip_sample_003,14,1535489300112404,car,0.90739,619.08,463.97,997.44,586.86,89.93,05a11bbcf9071a3ce440c1417962b29e7c7e2f1b88c41e7165cbac0515280119
clip_sample_003,14,1535489300112404,car,0.81327,425.5,482.84,572.3,543.83,89.93,05a11bbcf9071a3ce440c1417962b29e7c7e2f1b88c41e7165cbac0515280119
clip_sample_003,14,1535489300112404,car,0.73634,50.46,447.96,431.3,587.38,89.93,05a11bbcf9071a3ce440c1417962b29e7c7e2f1b88c41e7165cbac0515280119
clip_sample_003,14,1535489300112404,traffic light,0.73055,1040.95,186.46,1072.37,253.38,89.93,05a11bbcf9071a3ce440c1417962b29e7c7e2f1b88c41e7165cbac0515280119
clip_sample_003,14,1535489300112404,traffic light,0.52114,1440.5,4.0,1502.58,200.71,89.93,05a11bbcf9071a3ce440c1417962b29e7c7e2f1b88c41e7165cbac0515280119
clip_sample_003,14,1535489300112404,traffic light,0.4968,1093.62,116.36,1129.8,203.34,89.93,05a11bbcf9071a3ce440c1417962b29e7c7e2f1b88c41e7165cbac0515280119
clip_sample_003,14,1535489300112404,traffic light,0.35789,1171.26,50.03,1220.22,160.95,89.93,05a11bbcf9071a3ce440c1417962b29e7c7e2f1b88c41e7165cbac0515280119
clip_sample_003,14,1535489300112404,traffic light,0.19105,726.52,321.33,745.33,352.2,89.93,05a11bbcf9071a3ce440c1417962b29e7c7e2f1b88c41e7165cbac0515280119
clip_sample_003,14,1535489300112404,traffic light,0.11578,455.69,303.28,510.44,400.07,89.93,05a11bbcf9071a3ce440c1417962b29e7c7e2f1b88c41e7165cbac0515280119
clip_sample_003,14,1535489300112404,traffic light,0.09564,588.97,328.95,607.66,365.48,89.93,05a11bbcf9071a3ce440c1417962b29e7c7e2f1b88c41e7165cbac0515280119
clip_sample_003,14,1535489300112404,truck,0.09281,50.46,447.96,431.3,587.38,89.93,05a11bbcf9071a3ce440c1417962b29e7c7e2f1b88c41e7165cbac0515280119
clip_sample_003,14,1535489300112404,traffic light,0.09093,1425.96,227.85,1515.24,290.31,89.93,05a11bbcf9071a3ce440c1417962b29e7c7e2f1b88c41e7165cbac0515280119
clip_sample_003,14,1535489300112404,traffic light,0.08664,592.74,328.8,608.11,365.36,89.93,05a11bbcf9071a3ce440c1417962b29e7c7e2f1b88c41e7165cbac0515280119
clip_sample_003,14,1535489300112404,traffic light,0.07914,587.94,329.24,608.58,371.04,89.93,05a11bbcf9071a3ce440c1417962b29e7c7e2f1b88c41e7165cbac0515280119
clip_sample_003,14,1535489300112404,traffic light,0.06915,1330.55,267.71,1358.08,327.5,89.93,05a11bbcf9071a3ce440c1417962b29e7c7e2f1b88c41e7165cbac0515280119
clip_sample_003,14,1535489300112404,traffic light,0.05986,1171.63,46.97,1224.72,161.89,89.93,05a11bbcf9071a3ce440c1417962b29e7c7e2f1b88c41e7165cbac0515280119
clip_sample_003,14,1535489300112404,car,0.05277,1479.34,421.63,1599.54,491.69,89.93,05a11bbcf9071a3ce440c1417962b29e7c7e2f1b88c41e7165cbac0515280119
clip_sample_003,15,1535489300162404,car,0.8927,658.95,462.79,1033.41,584.06,110.12,56502091ee77d4a6e45fc860322490a779eec484b60a3e96f23ee1f850fb6222
clip_sample_003,15,1535489300162404,car,0.7674,444.51,481.77,583.06,543.18,110.12,56502091ee77d4a6e45fc860322490a779eec484b60a3e96f23ee1f850fb6222
clip_sample_003,15,1535489300162404,traffic light,0.73193,1040.68,187.49,1072.81,253.27,110.12,56502091ee77d4a6e45fc860322490a779eec484b60a3e96f23ee1f850fb6222
clip_sample_003,15,1535489300162404,car,0.71617,73.15,446.98,445.62,584.01,110.12,56502091ee77d4a6e45fc860322490a779eec484b60a3e96f23ee1f850fb6222
clip_sample_003,15,1535489300162404,traffic light,0.49699,1438.91,2.74,1502.88,200.86,110.12,56502091ee77d4a6e45fc860322490a779eec484b60a3e96f23ee1f850fb6222
clip_sample_003,15,1535489300162404,traffic light,0.42918,1093.48,116.4,1130.25,199.61,110.12,56502091ee77d4a6e45fc860322490a779eec484b60a3e96f23ee1f850fb6222
clip_sample_003,15,1535489300162404,traffic light,0.36094,1171.08,49.87,1220.43,163.31,110.12,56502091ee77d4a6e45fc860322490a779eec484b60a3e96f23ee1f850fb6222
clip_sample_003,15,1535489300162404,traffic light,0.17694,727.53,321.19,745.2,349.98,110.12,56502091ee77d4a6e45fc860322490a779eec484b60a3e96f23ee1f850fb6222
clip_sample_003,15,1535489300162404,traffic light,0.11914,1425.28,227.24,1518.32,289.85,110.12,56502091ee77d4a6e45fc860322490a779eec484b60a3e96f23ee1f850fb6222
clip_sample_003,15,1535489300162404,traffic light,0.11096,455.27,302.42,511.62,406.46,110.12,56502091ee77d4a6e45fc860322490a779eec484b60a3e96f23ee1f850fb6222
clip_sample_003,15,1535489300162404,car,0.09743,382.4,480.09,450.05,570.34,110.12,56502091ee77d4a6e45fc860322490a779eec484b60a3e96f23ee1f850fb6222
clip_sample_003,15,1535489300162404,truck,0.0926,73.15,446.98,445.62,584.01,110.12,56502091ee77d4a6e45fc860322490a779eec484b60a3e96f23ee1f850fb6222
clip_sample_003,15,1535489300162404,traffic light,0.0773,589.29,328.95,607.57,365.94,110.12,56502091ee77d4a6e45fc860322490a779eec484b60a3e96f23ee1f850fb6222
clip_sample_003,15,1535489300162404,traffic light,0.06881,1171.7,46.42,1224.85,163.86,110.12,56502091ee77d4a6e45fc860322490a779eec484b60a3e96f23ee1f850fb6222
clip_sample_003,15,1535489300162404,traffic light,0.06855,592.4,328.67,607.93,365.27,110.12,56502091ee77d4a6e45fc860322490a779eec484b60a3e96f23ee1f850fb6222
clip_sample_003,15,1535489300162404,car,0.06758,1487.11,421.69,1599.63,492.27,110.12,56502091ee77d4a6e45fc860322490a779eec484b60a3e96f23ee1f850fb6222
clip_sample_003,15,1535489300162404,traffic light,0.06551,588.28,328.82,607.91,371.95,110.12,56502091ee77d4a6e45fc860322490a779eec484b60a3e96f23ee1f850fb6222
clip_sample_003,16,1535489300262404,car,0.89776,735.35,460.06,1110.0,581.54,91.04,8845bd7795a26e4690f8e034e3b01091c8d794f862ed72936e3231089628c3fb
clip_sample_003,16,1535489300262404,traffic light,0.70597,1040.62,187.21,1072.88,253.91,91.04,8845bd7795a26e4690f8e034e3b01091c8d794f862ed72936e3231089628c3fb
clip_sample_003,16,1535489300262404,car,0.61893,142.73,446.09,505.61,582.4,91.04,8845bd7795a26e4690f8e034e3b01091c8d794f862ed72936e3231089628c3fb
clip_sample_003,16,1535489300262404,car,0.61704,0.21,504.85,27.03,587.46,91.04,8845bd7795a26e4690f8e034e3b01091c8d794f862ed72936e3231089628c3fb
clip_sample_003,16,1535489300262404,traffic light,0.53054,1093.53,116.59,1129.57,207.59,91.04,8845bd7795a26e4690f8e034e3b01091c8d794f862ed72936e3231089628c3fb
clip_sample_003,16,1535489300262404,traffic light,0.47896,1437.35,3.21,1502.8,201.25,91.04,8845bd7795a26e4690f8e034e3b01091c8d794f862ed72936e3231089628c3fb
clip_sample_003,16,1535489300262404,car,0.36321,469.36,481.03,598.39,539.08,91.04,8845bd7795a26e4690f8e034e3b01091c8d794f862ed72936e3231089628c3fb
clip_sample_003,16,1535489300262404,traffic light,0.32599,1171.29,49.93,1221.09,163.57,91.04,8845bd7795a26e4690f8e034e3b01091c8d794f862ed72936e3231089628c3fb
clip_sample_003,16,1535489300262404,car,0.25039,477.76,481.9,596.8,538.04,91.04,8845bd7795a26e4690f8e034e3b01091c8d794f862ed72936e3231089628c3fb
clip_sample_003,16,1535489300262404,traffic light,0.19874,727.44,321.24,745.55,351.33,91.04,8845bd7795a26e4690f8e034e3b01091c8d794f862ed72936e3231089628c3fb
clip_sample_003,16,1535489300262404,truck,0.18466,142.73,446.09,505.61,582.4,91.04,8845bd7795a26e4690f8e034e3b01091c8d794f862ed72936e3231089628c3fb
clip_sample_003,16,1535489300262404,traffic light,0.14174,591.66,328.19,608.56,365.49,91.04,8845bd7795a26e4690f8e034e3b01091c8d794f862ed72936e3231089628c3fb
clip_sample_003,16,1535489300262404,traffic light,0.13348,588.95,328.38,607.99,365.99,91.04,8845bd7795a26e4690f8e034e3b01091c8d794f862ed72936e3231089628c3fb
clip_sample_003,16,1535489300262404,car,0.09319,659.65,473.35,681.72,491.08,91.04,8845bd7795a26e4690f8e034e3b01091c8d794f862ed72936e3231089628c3fb
clip_sample_003,16,1535489300262404,traffic light,0.077,1425.94,227.0,1509.92,289.69,91.04,8845bd7795a26e4690f8e034e3b01091c8d794f862ed72936e3231089628c3fb
clip_sample_003,16,1535489300262404,truck,0.05742,0.21,504.85,27.03,587.46,91.04,8845bd7795a26e4690f8e034e3b01091c8d794f862ed72936e3231089628c3fb
clip_sample_003,16,1535489300262404,car,0.05508,1483.24,422.09,1599.53,491.82,91.04,8845bd7795a26e4690f8e034e3b01091c8d794f862ed72936e3231089628c3fb
clip_sample_003,16,1535489300262404,traffic light,0.05381,725.46,316.32,744.3,343.97,91.04,8845bd7795a26e4690f8e034e3b01091c8d794f862ed72936e3231089628c3fb
clip_sample_003,16,1535489300262404,traffic light,0.05351,588.46,328.78,608.43,369.85,91.04,8845bd7795a26e4690f8e034e3b01091c8d794f862ed72936e3231089628c3fb
clip_sample_003,17,1535489300362404,car,0.91971,813.3,456.27,1194.3,578.9,96.3,caf8535b0fc3bd7302bc567024c70da9d7ca551d64dd21f61de5d04094104e31
clip_sample_003,17,1535489300362404,car,0.74922,0.39,491.8,84.74,601.55,96.3,caf8535b0fc3bd7302bc567024c70da9d7ca551d64dd21f61de5d04094104e31
clip_sample_003,17,1535489300362404,traffic light,0.72802,1040.95,187.48,1072.44,252.85,96.3,caf8535b0fc3bd7302bc567024c70da9d7ca551d64dd21f61de5d04094104e31
clip_sample_003,17,1535489300362404,car,0.6509,169.57,442.61,561.4,579.6,96.3,caf8535b0fc3bd7302bc567024c70da9d7ca551d64dd21f61de5d04094104e31
clip_sample_003,17,1535489300362404,traffic light,0.52724,1093.2,116.64,1129.58,199.97,96.3,caf8535b0fc3bd7302bc567024c70da9d7ca551d64dd21f61de5d04094104e31
clip_sample_003,17,1535489300362404,traffic light,0.4939,1439.66,3.95,1502.81,202.51,96.3,caf8535b0fc3bd7302bc567024c70da9d7ca551d64dd21f61de5d04094104e31
clip_sample_003,17,1535489300362404,traffic light,0.38892,1171.43,50.84,1220.21,163.33,96.3,caf8535b0fc3bd7302bc567024c70da9d7ca551d64dd21f61de5d04094104e31
clip_sample_003,17,1535489300362404,traffic light,0.20674,726.87,321.85,745.39,351.87,96.3,caf8535b0fc3bd7302bc567024c70da9d7ca551d64dd21f61de5d04094104e31
clip_sample_003,17,1535489300362404,truck,0.19129,169.57,442.61,561.4,579.6,96.3,caf8535b0fc3bd7302bc567024c70da9d7ca551d64dd21f61de5d04094104e31
clip_sample_003,17,1535489300362404,car,0.12568,535.82,476.16,610.76,535.33,96.3,caf8535b0fc3bd7302bc567024c70da9d7ca551d64dd21f61de5d04094104e31
clip_sample_003,17,1535489300362404,traffic light,0.11866,1426.77,227.52,1519.48,289.74,96.3,caf8535b0fc3bd7302bc567024c70da9d7ca551d64dd21f61de5d04094104e31
clip_sample_003,17,1535489300362404,traffic light,0.11682,592.81,328.05,608.2,365.41,96.3,caf8535b0fc3bd7302bc567024c70da9d7ca551d64dd21f61de5d04094104e31
clip_sample_003,17,1535489300362404,traffic light,0.11158,455.32,303.24,510.42,398.3,96.3,caf8535b0fc3bd7302bc567024c70da9d7ca551d64dd21f61de5d04094104e31
clip_sample_003,17,1535489300362404,traffic light,0.10625,589.31,328.4,607.95,366.32,96.3,caf8535b0fc3bd7302bc567024c70da9d7ca551d64dd21f61de5d04094104e31
clip_sample_003,17,1535489300362404,car,0.09856,659.69,472.67,680.75,490.88,96.3,caf8535b0fc3bd7302bc567024c70da9d7ca551d64dd21f61de5d04094104e31
clip_sample_003,17,1535489300362404,truck,0.08274,0.39,491.8,84.74,601.55,96.3,caf8535b0fc3bd7302bc567024c70da9d7ca551d64dd21f61de5d04094104e31
clip_sample_003,17,1535489300362404,traffic light,0.0528,588.47,328.58,608.44,371.39,96.3,caf8535b0fc3bd7302bc567024c70da9d7ca551d64dd21f61de5d04094104e31
clip_sample_003,18,1535489300412404,car,0.78373,197.54,443.45,585.23,579.09,102.3,18fd27ffdb7703c5ff1375928be1cf171b2df5dcc5d598de10db1b4fea3232f9
clip_sample_003,18,1535489300412404,car,0.74289,854.92,455.17,1229.6,578.42,102.3,18fd27ffdb7703c5ff1375928be1cf171b2df5dcc5d598de10db1b4fea3232f9
clip_sample_003,18,1535489300412404,traffic light,0.73448,1040.54,187.81,1072.59,253.28,102.3,18fd27ffdb7703c5ff1375928be1cf171b2df5dcc5d598de10db1b4fea3232f9
clip_sample_003,18,1535489300412404,car,0.70061,0.07,455.87,117.7,605.7,102.3,18fd27ffdb7703c5ff1375928be1cf171b2df5dcc5d598de10db1b4fea3232f9
clip_sample_003,18,1535489300412404,traffic light,0.43777,1093.74,116.95,1129.93,202.77,102.3,18fd27ffdb7703c5ff1375928be1cf171b2df5dcc5d598de10db1b4fea3232f9
clip_sample_003,18,1535489300412404,traffic light,0.36416,1171.19,50.05,1220.35,161.89,102.3,18fd27ffdb7703c5ff1375928be1cf171b2df5dcc5d598de10db1b4fea3232f9
clip_sample_003,18,1535489300412404,traffic light,0.34693,1440.98,3.48,1502.56,203.3,102.3,18fd27ffdb7703c5ff1375928be1cf171b2df5dcc5d598de10db1b4fea3232f9
clip_sample_003,18,1535489300412404,car,0.24173,854.27,454.5,1230.29,578.43,102.3,18fd27ffdb7703c5ff1375928be1cf171b2df5dcc5d598de10db1b4fea3232f9
clip_sample_003,18,1535489300412404,traffic light,0.20291,727.2,320.44,745.42,350.54,102.3,18fd27ffdb7703c5ff1375928be1cf171b2df5dcc5d598de10db1b4fea3232f9
clip_sample_003,18,1535489300412404,car,0.17244,561.37,476.95,616.99,534.71,102.3,18fd27ffdb7703c5ff1375928be1cf171b2df5dcc5d598de10db1b4fea3232f9
clip_sample_003,18,1535489300412404,traffic light,0.14683,589.13,328.4,607.95,366.3,102.3,18fd27ffdb7703c5ff1375928be1cf171b2df5dcc5d598de10db1b4fea3232f9
clip_sample_003,18,1535489300412404,traffic light,0.13277,592.12,328.26,608.16,365.88,102.3,18fd27ffdb7703c5ff1375928be1cf171b2df5dcc5d598de10db1b4fea3232f9
clip_sample_003,18,1535489300412404,truck,0.12997,0.07,455.87,117.7,605.7,102.3,18fd27ffdb7703c5ff1375928be1cf171b2df5dcc5d598de10db1b4fea3232f9
clip_sample_003,18,1535489300412404,traffic light,0.08786,588.4,328.57,608.05,371.43,102.3,18fd27ffdb7703c5ff1375928be1cf171b2df5dcc5d598de10db1b4fea3232f9
clip_sample_003,18,1535489300412404,traffic light,0.07596,1171.55,47.35,1224.7,162.59,102.3,18fd27ffdb7703c5ff1375928be1cf171b2df5dcc5d598de10db1b4fea3232f9
clip_sample_003,18,1535489300412404,traffic light,0.06813,1426.14,228.65,1517.31,289.73,102.3,18fd27ffdb7703c5ff1375928be1cf171b2df5dcc5d598de10db1b4fea3232f9
clip_sample_003,18,1535489300412404,car,0.06793,658.29,473.45,680.78,491.48,102.3,18fd27ffdb7703c5ff1375928be1cf171b2df5dcc5d598de10db1b4fea3232f9
clip_sample_003,18,1535489300412404,car,0.06283,1483.37,421.86,1599.63,492.04,102.3,18fd27ffdb7703c5ff1375928be1cf171b2df5dcc5d598de10db1b4fea3232f9
clip_sample_003,18,1535489300412404,traffic light,0.05918,724.82,315.79,744.13,343.83,102.3,18fd27ffdb7703c5ff1375928be1cf171b2df5dcc5d598de10db1b4fea3232f9
clip_sample_003,18,1535489300412404,truck,0.05582,197.54,443.45,585.23,579.09,102.3,18fd27ffdb7703c5ff1375928be1cf171b2df5dcc5d598de10db1b4fea3232f9
clip_sample_003,19,1535489300512404,car,0.90351,934.21,453.22,1310.5,576.68,102.34,feb2baa1d94cc5dd452e218b24364a147c066bffd68c1b548ed4cfca916e5b1e
clip_sample_003,19,1535489300512404,traffic light,0.73914,1041.03,186.78,1072.53,253.89,102.34,feb2baa1d94cc5dd452e218b24364a147c066bffd68c1b548ed4cfca916e5b1e
clip_sample_003,19,1535489300512404,car,0.54284,248.43,436.92,637.06,579.22,102.34,feb2baa1d94cc5dd452e218b24364a147c066bffd68c1b548ed4cfca916e5b1e
clip_sample_003,19,1535489300512404,traffic light,0.52354,1439.2,3.11,1502.75,200.46,102.34,feb2baa1d94cc5dd452e218b24364a147c066bffd68c1b548ed4cfca916e5b1e
clip_sample_003,19,1535489300512404,traffic light,0.47415,1093.86,116.45,1129.7,196.47,102.34,feb2baa1d94cc5dd452e218b24364a147c066bffd68c1b548ed4cfca916e5b1e
clip_sample_003,19,1535489300512404,traffic light,0.39877,1171.54,50.22,1220.13,162.32,102.34,feb2baa1d94cc5dd452e218b24364a147c066bffd68c1b548ed4cfca916e5b1e
clip_sample_003,19,1535489300512404,car,0.32404,1.6,459.04,177.5,604.53,102.34,feb2baa1d94cc5dd452e218b24364a147c066bffd68c1b548ed4cfca916e5b1e
clip_sample_003,19,1535489300512404,truck,0.30733,248.43,436.92,637.06,579.22,102.34,feb2baa1d94cc5dd452e218b24364a147c066bffd68c1b548ed4cfca916e5b1e
clip_sample_003,19,1535489300512404,car,0.28297,0.3,473.34,115.54,605.8,102.34,feb2baa1d94cc5dd452e218b24364a147c066bffd68c1b548ed4cfca916e5b1e
clip_sample_003,19,1535489300512404,traffic light,0.24165,726.92,322.2,745.36,354.44,102.34,feb2baa1d94cc5dd452e218b24364a147c066bffd68c1b548ed4cfca916e5b1e
clip_sample_003,19,1535489300512404,truck,0.15723,0.04,399.7,178.01,603.21,102.34,feb2baa1d94cc5dd452e218b24364a147c066bffd68c1b548ed4cfca916e5b1e
clip_sample_003,19,1535489300512404,traffic light,0.13752,1426.5,227.0,1506.13,290.36,102.34,feb2baa1d94cc5dd452e218b24364a147c066bffd68c1b548ed4cfca916e5b1e
clip_sample_003,19,1535489300512404,traffic light,0.13158,589.13,327.97,608.08,367.61,102.34,feb2baa1d94cc5dd452e218b24364a147c066bffd68c1b548ed4cfca916e5b1e
clip_sample_003,19,1535489300512404,traffic light,0.0954,591.8,327.59,608.3,366.53,102.34,feb2baa1d94cc5dd452e218b24364a147c066bffd68c1b548ed4cfca916e5b1e
clip_sample_003,19,1535489300512404,car,0.09338,0.04,399.7,178.01,603.21,102.34,feb2baa1d94cc5dd452e218b24364a147c066bffd68c1b548ed4cfca916e5b1e
clip_sample_003,19,1535489300512404,traffic light,0.08649,588.35,328.58,608.39,372.35,102.34,feb2baa1d94cc5dd452e218b24364a147c066bffd68c1b548ed4cfca916e5b1e
clip_sample_003,19,1535489300512404,truck,0.07392,0.3,473.34,115.54,605.8,102.34,feb2baa1d94cc5dd452e218b24364a147c066bffd68c1b548ed4cfca916e5b1e
clip_sample_003,19,1535489300512404,truck,0.06958,1.6,459.04,177.5,604.53,102.34,feb2baa1d94cc5dd452e218b24364a147c066bffd68c1b548ed4cfca916e5b1e
clip_sample_003,19,1535489300512404,traffic light,0.06046,1330.57,269.72,1358.42,324.4,102.34,feb2baa1d94cc5dd452e218b24364a147c066bffd68c1b548ed4cfca916e5b1e
clip_sample_003,19,1535489300512404,traffic light,0.05263,724.96,329.64,744.21,366.32,102.34,feb2baa1d94cc5dd452e218b24364a147c066bffd68c1b548ed4cfca916e5b1e
clip_sample_003,19,1535489300512404,traffic light,0.05045,934.46,414.66,956.03,436.6,102.34,feb2baa1d94cc5dd452e218b24364a147c066bffd68c1b548ed4cfca916e5b1e
clip_sample_003,20,1535489300612404,car,0.89971,1012.44,449.64,1391.44,573.95,101.03,a6d81dfc2975da6a1dee57f31481c0ae1b0847935a4d2fbd5561189c6cfc7b0d
clip_sample_003,20,1535489300612404,truck,0.75584,0.41,390.19,245.06,607.93,101.03,a6d81dfc2975da6a1dee57f31481c0ae1b0847935a4d2fbd5561189c6cfc7b0d
clip_sample_003,20,1535489300612404,traffic light,0.74244,1040.87,186.67,1072.62,253.43,101.03,a6d81dfc2975da6a1dee57f31481c0ae1b0847935a4d2fbd5561189c6cfc7b0d
clip_sample_003,20,1535489300612404,traffic light,0.51789,1093.8,117.25,1129.98,198.67,101.03,a6d81dfc2975da6a1dee57f31481c0ae1b0847935a4d2fbd5561189c6cfc7b0d
clip_sample_003,20,1535489300612404,truck,0.47721,300.67,438.37,687.46,575.71,101.03,a6d81dfc2975da6a1dee57f31481c0ae1b0847935a4d2fbd5561189c6cfc7b0d
clip_sample_003,20,1535489300612404,traffic light,0.47694,1440.78,3.38,1502.9,201.78,101.03,a6d81dfc2975da6a1dee57f31481c0ae1b0847935a4d2fbd5561189c6cfc7b0d
clip_sample_003,20,1535489300612404,car,0.42338,300.67,438.37,687.46,575.71,101.03,a6d81dfc2975da6a1dee57f31481c0ae1b0847935a4d2fbd5561189c6cfc7b0d
clip_sample_003,20,1535489300612404,traffic light,0.34411,1171.19,51.57,1221.1,163.53,101.03,a6d81dfc2975da6a1dee57f31481c0ae1b0847935a4d2fbd5561189c6cfc7b0d
clip_sample_003,20,1535489300612404,traffic light,0.22485,727.91,322.2,745.26,350.65,101.03,a6d81dfc2975da6a1dee57f31481c0ae1b0847935a4d2fbd5561189c6cfc7b0d
clip_sample_003,20,1535489300612404,traffic light,0.12933,592.23,328.07,608.58,365.09,101.03,a6d81dfc2975da6a1dee57f31481c0ae1b0847935a4d2fbd5561189c6cfc7b0d
clip_sample_003,20,1535489300612404,traffic light,0.10075,589.2,328.5,608.06,365.62,101.03,a6d81dfc2975da6a1dee57f31481c0ae1b0847935a4d2fbd5561189c6cfc7b0d
clip_sample_003,20,1535489300612404,person,0.07552,812.37,480.73,834.39,521.23,101.03,a6d81dfc2975da6a1dee57f31481c0ae1b0847935a4d2fbd5561189c6cfc7b0d
clip_sample_003,20,1535489300612404,traffic light,0.06338,1426.7,228.95,1514.65,289.42,101.03,a6d81dfc2975da6a1dee57f31481c0ae1b0847935a4d2fbd5561189c6cfc7b0d
clip_sample_003,20,1535489300612404,traffic light,0.05998,1363.22,229.45,1521.59,288.1,101.03,a6d81dfc2975da6a1dee57f31481c0ae1b0847935a4d2fbd5561189c6cfc7b0d
clip_sample_003,20,1535489300612404,traffic light,0.05417,456.36,303.4,510.41,398.82,101.03,a6d81dfc2975da6a1dee57f31481c0ae1b0847935a4d2fbd5561189c6cfc7b0d
clip_sample_003,21,1535489300662404,car,0.88523,1046.45,447.05,1428.61,574.08,100.71,f775eb8c4b79059549b9a610137fe2f7e6429a90ae52c1887cd4aa6204ca2962
clip_sample_003,21,1535489300662404,car,0.72486,328.2,439.3,713.88,575.19,100.71,f775eb8c4b79059549b9a610137fe2f7e6429a90ae52c1887cd4aa6204ca2962
clip_sample_003,21,1535489300662404,traffic light,0.70833,1041.02,187.52,1072.71,253.85,100.71,f775eb8c4b79059549b9a610137fe2f7e6429a90ae52c1887cd4aa6204ca2962
clip_sample_003,21,1535489300662404,truck,0.67858,0.41,387.74,271.61,605.44,100.71,f775eb8c4b79059549b9a610137fe2f7e6429a90ae52c1887cd4aa6204ca2962
clip_sample_003,21,1535489300662404,traffic light,0.54552,1093.83,117.3,1130.1,206.2,100.71,f775eb8c4b79059549b9a610137fe2f7e6429a90ae52c1887cd4aa6204ca2962
clip_sample_003,21,1535489300662404,traffic light,0.43641,1439.04,4.37,1502.57,200.0,100.71,f775eb8c4b79059549b9a610137fe2f7e6429a90ae52c1887cd4aa6204ca2962
clip_sample_003,21,1535489300662404,traffic light,0.3962,1171.09,51.07,1219.97,161.32,100.71,f775eb8c4b79059549b9a610137fe2f7e6429a90ae52c1887cd4aa6204ca2962
clip_sample_003,21,1535489300662404,traffic light,0.25266,727.41,320.53,745.36,351.71,100.71,f775eb8c4b79059549b9a610137fe2f7e6429a90ae52c1887cd4aa6204ca2962
clip_sample_003,21,1535489300662404,traffic light,0.15264,1426.43,226.89,1503.91,289.56,100.71,f775eb8c4b79059549b9a610137fe2f7e6429a90ae52c1887cd4aa6204ca2962
clip_sample_003,21,1535489300662404,traffic light,0.13739,589.18,329.05,607.32,365.9,100.71,f775eb8c4b79059549b9a610137fe2f7e6429a90ae52c1887cd4aa6204ca2962
clip_sample_003,21,1535489300662404,truck,0.12801,328.2,439.3,713.88,575.19,100.71,f775eb8c4b79059549b9a610137fe2f7e6429a90ae52c1887cd4aa6204ca2962
clip_sample_003,21,1535489300662404,traffic light,0.12492,455.76,303.06,510.16,400.71,100.71,f775eb8c4b79059549b9a610137fe2f7e6429a90ae52c1887cd4aa6204ca2962
clip_sample_003,21,1535489300662404,traffic light,0.09653,592.14,329.07,607.85,365.15,100.71,f775eb8c4b79059549b9a610137fe2f7e6429a90ae52c1887cd4aa6204ca2962
clip_sample_003,21,1535489300662404,traffic light,0.09074,1171.4,47.98,1224.33,161.87,100.71,f775eb8c4b79059549b9a610137fe2f7e6429a90ae52c1887cd4aa6204ca2962
clip_sample_003,21,1535489300662404,traffic light,0.06107,588.46,329.95,607.91,370.16,100.71,f775eb8c4b79059549b9a610137fe2f7e6429a90ae52c1887cd4aa6204ca2962
clip_sample_003,21,1535489300662404,traffic light,0.05495,724.81,316.01,743.97,344.54,100.71,f775eb8c4b79059549b9a610137fe2f7e6429a90ae52c1887cd4aa6204ca2962
clip_sample_003,22,1535489300762404,car,0.82903,1118.97,443.17,1432.06,571.67,89.46,00665884ee69184eda4748ece4025c0d637f5ae4ddd5a4bda9cd1795397cb4a3
clip_sample_003,22,1535489300762404,traffic light,0.725,1040.89,187.8,1072.58,253.67,89.46,00665884ee69184eda4748ece4025c0d637f5ae4ddd5a4bda9cd1795397cb4a3
clip_sample_003,22,1535489300762404,truck,0.58696,383.17,435.08,765.12,573.13,89.46,00665884ee69184eda4748ece4025c0d637f5ae4ddd5a4bda9cd1795397cb4a3
clip_sample_003,22,1535489300762404,truck,0.48979,0.82,385.12,334.89,605.62,89.46,00665884ee69184eda4748ece4025c0d637f5ae4ddd5a4bda9cd1795397cb4a3
clip_sample_003,22,1535489300762404,traffic light,0.45328,1093.52,117.46,1130.01,199.89,89.46,00665884ee69184eda4748ece4025c0d637f5ae4ddd5a4bda9cd1795397cb4a3
clip_sample_003,22,1535489300762404,traffic light,0.44604,1438.69,3.11,1502.9,200.83,89.46,00665884ee69184eda4748ece4025c0d637f5ae4ddd5a4bda9cd1795397cb4a3
clip_sample_003,22,1535489300762404,traffic light,0.35955,1171.28,52.21,1220.75,162.66,89.46,00665884ee69184eda4748ece4025c0d637f5ae4ddd5a4bda9cd1795397cb4a3
clip_sample_003,22,1535489300762404,truck,0.30403,1.1,385.64,335.59,606.22,89.46,00665884ee69184eda4748ece4025c0d637f5ae4ddd5a4bda9cd1795397cb4a3
clip_sample_003,22,1535489300762404,car,0.21709,383.17,435.08,765.12,573.13,89.46,00665884ee69184eda4748ece4025c0d637f5ae4ddd5a4bda9cd1795397cb4a3
clip_sample_003,22,1535489300762404,traffic light,0.21091,727.1,319.6,745.02,349.97,89.46,00665884ee69184eda4748ece4025c0d637f5ae4ddd5a4bda9cd1795397cb4a3
clip_sample_003,22,1535489300762404,traffic light,0.18304,1427.42,228.35,1519.51,289.93,89.46,00665884ee69184eda4748ece4025c0d637f5ae4ddd5a4bda9cd1795397cb4a3
clip_sample_003,22,1535489300762404,traffic light,0.15765,588.82,328.05,607.79,365.37,89.46,00665884ee69184eda4748ece4025c0d637f5ae4ddd5a4bda9cd1795397cb4a3
clip_sample_003,22,1535489300762404,traffic light,0.11634,591.38,327.81,608.55,364.32,89.46,00665884ee69184eda4748ece4025c0d637f5ae4ddd5a4bda9cd1795397cb4a3
clip_sample_003,22,1535489300762404,car,0.0753,1479.37,421.42,1599.88,492.64,89.46,00665884ee69184eda4748ece4025c0d637f5ae4ddd5a4bda9cd1795397cb4a3
clip_sample_003,22,1535489300762404,car,0.06894,1119.79,443.54,1431.06,571.73,89.46,00665884ee69184eda4748ece4025c0d637f5ae4ddd5a4bda9cd1795397cb4a3
clip_sample_003,22,1535489300762404,traffic light,0.06436,588.57,329.64,608.51,369.09,89.46,00665884ee69184eda4748ece4025c0d637f5ae4ddd5a4bda9cd1795397cb4a3
clip_sample_003,22,1535489300762404,bus,0.05963,0.82,385.12,334.89,605.62,89.46,00665884ee69184eda4748ece4025c0d637f5ae4ddd5a4bda9cd1795397cb4a3
clip_sample_003,22,1535489300762404,person,0.05823,807.17,484.59,826.09,521.68,89.46,00665884ee69184eda4748ece4025c0d637f5ae4ddd5a4bda9cd1795397cb4a3
clip_sample_003,22,1535489300762404,person,0.05263,811.29,483.22,831.11,520.98,89.46,00665884ee69184eda4748ece4025c0d637f5ae4ddd5a4bda9cd1795397cb4a3
clip_sample_003,22,1535489300762404,traffic light,0.0514,1171.72,48.21,1225.02,163.59,89.46,00665884ee69184eda4748ece4025c0d637f5ae4ddd5a4bda9cd1795397cb4a3
clip_sample_003,22,1535489300762404,traffic light,0.05045,1329.58,267.74,1357.85,326.78,89.46,00665884ee69184eda4748ece4025c0d637f5ae4ddd5a4bda9cd1795397cb4a3
clip_sample_003,23,1535489300862404,car,0.8034,1191.05,440.17,1594.83,565.43,105.83,cff2b246a0f9cddcab099c4850fb129a5a2ff78c2d28c9040797c9cfabd5752c
clip_sample_003,23,1535489300862404,truck,0.73349,1.05,383.47,404.47,605.9,105.83,cff2b246a0f9cddcab099c4850fb129a5a2ff78c2d28c9040797c9cfabd5752c
clip_sample_003,23,1535489300862404,traffic light,0.71718,1041.08,187.88,1072.02,253.13,105.83,cff2b246a0f9cddcab099c4850fb129a5a2ff78c2d28c9040797c9cfabd5752c
clip_sample_003,23,1535489300862404,traffic light,0.4282,1440.53,3.55,1502.9,202.01,105.83,cff2b246a0f9cddcab099c4850fb129a5a2ff78c2d28c9040797c9cfabd5752c
clip_sample_003,23,1535489300862404,traffic light,0.41221,1093.57,117.1,1129.85,200.44,105.83,cff2b246a0f9cddcab099c4850fb129a5a2ff78c2d28c9040797c9cfabd5752c
clip_sample_003,23,1535489300862404,traffic light,0.39636,1171.53,51.86,1220.61,162.85,105.83,cff2b246a0f9cddcab099c4850fb129a5a2ff78c2d28c9040797c9cfabd5752c
clip_sample_003,23,1535489300862404,traffic light,0.22693,727.05,319.87,745.56,352.04,105.83,cff2b246a0f9cddcab099c4850fb129a5a2ff78c2d28c9040797c9cfabd5752c
clip_sample_003,23,1535489300862404,car,0.12632,439.69,432.3,824.79,573.21,105.83,cff2b246a0f9cddcab099c4850fb129a5a2ff78c2d28c9040797c9cfabd5752c
clip_sample_003,23,1535489300862404,traffic light,0.10822,589.54,328.06,607.59,365.93,105.83,cff2b246a0f9cddcab099c4850fb129a5a2ff78c2d28c9040797c9cfabd5752c
clip_sample_003,23,1535489300862404,traffic light,0.1038,1425.28,227.18,1507.6,289.54,105.83,cff2b246a0f9cddcab099c4850fb129a5a2ff78c2d28c9040797c9cfabd5752c
clip_sample_003,23,1535489300862404,bus,0.09816,1.05,383.47,404.47,605.9,105.83,cff2b246a0f9cddcab099c4850fb129a5a2ff78c2d28c9040797c9cfabd5752c
clip_sample_003,23,1535489300862404,truck,0.09576,439.26,432.24,823.67,572.83,105.83,cff2b246a0f9cddcab099c4850fb129a5a2ff78c2d28c9040797c9cfabd5752c
clip_sample_003,23,1535489300862404,truck,0.07999,439.69,432.3,824.79,573.21,105.83,cff2b246a0f9cddcab099c4850fb129a5a2ff78c2d28c9040797c9cfabd5752c
clip_sample_003,23,1535489300862404,traffic light,0.07568,592.21,327.85,607.99,364.26,105.83,cff2b246a0f9cddcab099c4850fb129a5a2ff78c2d28c9040797c9cfabd5752c
clip_sample_003,23,1535489300862404,car,0.06359,1484.74,420.35,1597.67,490.65,105.83,cff2b246a0f9cddcab099c4850fb129a5a2ff78c2d28c9040797c9cfabd5752c
clip_sample_003,23,1535489300862404,traffic light,0.0612,588.9,329.49,607.99,369.54,105.83,cff2b246a0f9cddcab099c4850fb129a5a2ff78c2d28c9040797c9cfabd5752c
clip_sample_003,23,1535489300862404,car,0.06058,439.26,432.24,823.67,572.83,105.83,cff2b246a0f9cddcab099c4850fb129a5a2ff78c2d28c9040797c9cfabd5752c
clip_sample_003,23,1535489300862404,truck,0.05921,1471.14,419.15,1599.37,484.73,105.83,cff2b246a0f9cddcab099c4850fb129a5a2ff78c2d28c9040797c9cfabd5752c
clip_sample_003,23,1535489300862404,traffic light,0.05077,724.76,316.36,744.63,345.1,105.83,cff2b246a0f9cddcab099c4850fb129a5a2ff78c2d28c9040797c9cfabd5752c
clip_sample_003,23,1535489300862404,car,0.05005,404.67,472.44,450.68,504.62,105.83,cff2b246a0f9cddcab099c4850fb129a5a2ff78c2d28c9040797c9cfabd5752c
clip_sample_003,24,1535489300912404,car,0.79878,1249.63,434.88,1596.59,562.24,94.29,53ed481338a9913caa7c8afa32b146d2fbaf90840a068c5de45e51d65c5e1510
clip_sample_003,24,1535489300912404,traffic light,0.74668,1040.88,186.86,1072.8,253.86,94.29,53ed481338a9913caa7c8afa32b146d2fbaf90840a068c5de45e51d65c5e1510
clip_sample_003,24,1535489300912404,truck,0.57494,470.08,430.14,842.73,571.95,94.29,53ed481338a9913caa7c8afa32b146d2fbaf90840a068c5de45e51d65c5e1510
clip_sample_003,24,1535489300912404,traffic light,0.53914,1093.68,116.38,1130.09,206.35,94.29,53ed481338a9913caa7c8afa32b146d2fbaf90840a068c5de45e51d65c5e1510
clip_sample_003,24,1535489300912404,bus,0.47212,0.52,382.27,435.46,608.89,94.29,53ed481338a9913caa7c8afa32b146d2fbaf90840a068c5de45e51d65c5e1510
clip_sample_003,24,1535489300912404,traffic light,0.41673,1439.27,2.99,1502.92,202.9,94.29,53ed481338a9913caa7c8afa32b146d2fbaf90840a068c5de45e51d65c5e1510
clip_sample_003,24,1535489300912404,traffic light,0.37782,1171.55,53.08,1221.14,162.17,94.29,53ed481338a9913caa7c8afa32b146d2fbaf90840a068c5de45e51d65c5e1510
clip_sample_003,24,1535489300912404,truck,0.28663,0.52,382.27,435.46,608.89,94.29,53ed481338a9913caa7c8afa32b146d2fbaf90840a068c5de45e51d65c5e1510
clip_sample_003,24,1535489300912404,car,0.28637,470.08,430.14,842.73,571.95,94.29,53ed481338a9913caa7c8afa32b146d2fbaf90840a068c5de45e51d65c5e1510
clip_sample_003,24,1535489300912404,traffic light,0.22283,727.72,320.86,745.2,351.56,94.29,53ed481338a9913caa7c8afa32b146d2fbaf90840a068c5de45e51d65c5e1510
clip_sample_003,24,1535489300912404,traffic light,0.12829,588.77,328.19,607.58,366.04,94.29,53ed481338a9913caa7c8afa32b146d2fbaf90840a068c5de45e51d65c5e1510
clip_sample_003,24,1535489300912404,traffic light,0.1011,1427.48,228.24,1519.13,288.63,94.29,53ed481338a9913caa7c8afa32b146d2fbaf90840a068c5de45e51d65c5e1510
clip_sample_003,24,1535489300912404,traffic light,0.09604,592.31,328.43,608.16,365.31,94.29,53ed481338a9913caa7c8afa32b146d2fbaf90840a068c5de45e51d65c5e1510
clip_sample_003,24,1535489300912404,car,0.09076,1551.56,490.29,1599.44,553.82,94.29,53ed481338a9913caa7c8afa32b146d2fbaf90840a068c5de45e51d65c5e1510
clip_sample_003,24,1535489300912404,car,0.06585,1229.37,474.58,1281.41,521.66,94.29,53ed481338a9913caa7c8afa32b146d2fbaf90840a068c5de45e51d65c5e1510
clip_sample_003,24,1535489300912404,car,0.0548,1486.66,421.71,1599.13,471.02,94.29,53ed481338a9913caa7c8afa32b146d2fbaf90840a068c5de45e51d65c5e1510
clip_sample_003,25,1535489301012404,car,0.77995,1349.84,428.55,1598.7,555.37,92.68,5b8889de165e251b270ad897a7beba7ae16da08bb7dddc7a2111cf03db6125f5
clip_sample_003,25,1535489301012404,traffic light,0.73561,1040.89,187.87,1071.97,252.73,92.68,5b8889de165e251b270ad897a7beba7ae16da08bb7dddc7a2111cf03db6125f5
clip_sample_003,25,1535489301012404,truck,0.58487,0.0,379.89,499.76,608.73,92.68,5b8889de165e251b270ad897a7beba7ae16da08bb7dddc7a2111cf03db6125f5
clip_sample_003,25,1535489301012404,truck,0.5771,524.92,429.18,899.44,570.89,92.68,5b8889de165e251b270ad897a7beba7ae16da08bb7dddc7a2111cf03db6125f5
clip_sample_003,25,1535489301012404,traffic light,0.51929,1093.28,116.85,1129.91,202.47,92.68,5b8889de165e251b270ad897a7beba7ae16da08bb7dddc7a2111cf03db6125f5
clip_sample_003,25,1535489301012404,traffic light,0.38047,1439.42,4.12,1502.78,203.15,92.68,5b8889de165e251b270ad897a7beba7ae16da08bb7dddc7a2111cf03db6125f5
clip_sample_003,25,1535489301012404,traffic light,0.32643,1171.44,51.78,1220.36,162.47,92.68,5b8889de165e251b270ad897a7beba7ae16da08bb7dddc7a2111cf03db6125f5
clip_sample_003,25,1535489301012404,car,0.2803,524.92,429.18,899.44,570.89,92.68,5b8889de165e251b270ad897a7beba7ae16da08bb7dddc7a2111cf03db6125f5
clip_sample_003,25,1535489301012404,bus,0.25322,0.0,379.89,499.76,608.73,92.68,5b8889de165e251b270ad897a7beba7ae16da08bb7dddc7a2111cf03db6125f5
clip_sample_003,25,1535489301012404,traffic light,0.22176,727.27,319.85,745.74,350.71,92.68,5b8889de165e251b270ad897a7beba7ae16da08bb7dddc7a2111cf03db6125f5
clip_sample_003,25,1535489301012404,traffic light,0.12072,588.86,328.33,607.7,366.01,92.68,5b8889de165e251b270ad897a7beba7ae16da08bb7dddc7a2111cf03db6125f5
clip_sample_003,25,1535489301012404,car,0.10473,1305.78,470.17,1361.71,514.38,92.68,5b8889de165e251b270ad897a7beba7ae16da08bb7dddc7a2111cf03db6125f5
clip_sample_003,25,1535489301012404,traffic light,0.08192,1425.79,227.77,1514.57,289.14,92.68,5b8889de165e251b270ad897a7beba7ae16da08bb7dddc7a2111cf03db6125f5
clip_sample_003,25,1535489301012404,car,0.07657,1304.86,442.65,1435.54,548.78,92.68,5b8889de165e251b270ad897a7beba7ae16da08bb7dddc7a2111cf03db6125f5
clip_sample_003,25,1535489301012404,traffic light,0.06694,591.87,328.14,607.93,365.83,92.68,5b8889de165e251b270ad897a7beba7ae16da08bb7dddc7a2111cf03db6125f5
clip_sample_003,25,1535489301012404,traffic light,0.06119,588.39,328.83,608.03,371.2,92.68,5b8889de165e251b270ad897a7beba7ae16da08bb7dddc7a2111cf03db6125f5
clip_sample_003,26,1535489301112404,traffic light,0.72282,1040.92,187.66,1071.91,252.94,87.39,17f033b7ac4fdcbfdea0ccdc02abc4ef3bf106120903f4ddae4c3cea972e27f6
clip_sample_003,26,1535489301112404,car,0.66803,1383.71,422.28,1599.14,554.71,87.39,17f033b7ac4fdcbfdea0ccdc02abc4ef3bf106120903f4ddae4c3cea972e27f6
clip_sample_003,26,1535489301112404,truck,0.59831,566.4,425.98,958.67,569.37,87.39,17f033b7ac4fdcbfdea0ccdc02abc4ef3bf106120903f4ddae4c3cea972e27f6
clip_sample_003,26,1535489301112404,traffic light,0.53759,1093.41,116.65,1129.47,202.04,87.39,17f033b7ac4fdcbfdea0ccdc02abc4ef3bf106120903f4ddae4c3cea972e27f6
clip_sample_003,26,1535489301112404,bus,0.45397,0.0,376.44,565.56,606.44,87.39,17f033b7ac4fdcbfdea0ccdc02abc4ef3bf106120903f4ddae4c3cea972e27f6
clip_sample_003,26,1535489301112404,traffic light,0.40986,1439.74,4.41,1502.61,201.82,87.39,17f033b7ac4fdcbfdea0ccdc02abc4ef3bf106120903f4ddae4c3cea972e27f6
clip_sample_003,26,1535489301112404,traffic light,0.40148,1171.28,52.23,1220.84,163.15,87.39,17f033b7ac4fdcbfdea0ccdc02abc4ef3bf106120903f4ddae4c3cea972e27f6
clip_sample_003,26,1535489301112404,truck,0.35685,0.0,376.44,565.56,606.44,87.39,17f033b7ac4fdcbfdea0ccdc02abc4ef3bf106120903f4ddae4c3cea972e27f6
clip_sample_003,26,1535489301112404,traffic light,0.23669,727.43,321.02,745.54,353.25,87.39,17f033b7ac4fdcbfdea0ccdc02abc4ef3bf106120903f4ddae4c3cea972e27f6
clip_sample_003,26,1535489301112404,car,0.21479,566.4,425.98,958.67,569.37,87.39,17f033b7ac4fdcbfdea0ccdc02abc4ef3bf106120903f4ddae4c3cea972e27f6
clip_sample_003,26,1535489301112404,car,0.1484,1382.24,466.54,1435.32,516.64,87.39,17f033b7ac4fdcbfdea0ccdc02abc4ef3bf106120903f4ddae4c3cea972e27f6
clip_sample_003,26,1535489301112404,traffic light,0.14452,454.48,303.55,510.57,403.69,87.39,17f033b7ac4fdcbfdea0ccdc02abc4ef3bf106120903f4ddae4c3cea972e27f6
clip_sample_003,26,1535489301112404,traffic light,0.1365,589.0,328.75,607.97,367.22,87.39,17f033b7ac4fdcbfdea0ccdc02abc4ef3bf106120903f4ddae4c3cea972e27f6
clip_sample_003,26,1535489301112404,traffic light,0.11899,1426.92,228.6,1504.64,289.28,87.39,17f033b7ac4fdcbfdea0ccdc02abc4ef3bf106120903f4ddae4c3cea972e27f6
clip_sample_003,26,1535489301112404,traffic light,0.10499,588.48,329.35,608.53,371.56,87.39,17f033b7ac4fdcbfdea0ccdc02abc4ef3bf106120903f4ddae4c3cea972e27f6
clip_sample_003,26,1535489301112404,traffic light,0.09236,591.73,328.62,608.5,366.02,87.39,17f033b7ac4fdcbfdea0ccdc02abc4ef3bf106120903f4ddae4c3cea972e27f6
clip_sample_003,26,1535489301112404,truck,0.06396,1383.71,422.28,1599.14,554.71,87.39,17f033b7ac4fdcbfdea0ccdc02abc4ef3bf106120903f4ddae4c3cea972e27f6
clip_sample_003,26,1535489301112404,traffic light,0.05931,1329.51,268.65,1358.27,327.67,87.39,17f033b7ac4fdcbfdea0ccdc02abc4ef3bf106120903f4ddae4c3cea972e27f6
clip_sample_003,27,1535489301162404,traffic light,0.73408,1040.81,186.83,1072.63,253.0,92.63,e62f4b1cc397c7c44800f9d04786c4a53f7e156aa6a0933015dadf41f00dbad1
clip_sample_003,27,1535489301162404,car,0.67231,1474.77,424.13,1599.65,555.91,92.63,e62f4b1cc397c7c44800f9d04786c4a53f7e156aa6a0933015dadf41f00dbad1
clip_sample_003,27,1535489301162404,truck,0.62182,603.57,424.2,984.24,567.66,92.63,e62f4b1cc397c7c44800f9d04786c4a53f7e156aa6a0933015dadf41f00dbad1
clip_sample_003,27,1535489301162404,bus,0.54776,0.98,374.44,604.91,606.5,92.63,e62f4b1cc397c7c44800f9d04786c4a53f7e156aa6a0933015dadf41f00dbad1
clip_sample_003,27,1535489301162404,traffic light,0.52605,1093.57,117.07,1129.58,199.64,92.63,e62f4b1cc397c7c44800f9d04786c4a53f7e156aa6a0933015dadf41f00dbad1
clip_sample_003,27,1535489301162404,traffic light,0.50057,1440.55,3.3,1503.06,201.97,92.63,e62f4b1cc397c7c44800f9d04786c4a53f7e156aa6a0933015dadf41f00dbad1
clip_sample_003,27,1535489301162404,traffic light,0.32644,1171.5,52.96,1219.99,161.43,92.63,e62f4b1cc397c7c44800f9d04786c4a53f7e156aa6a0933015dadf41f00dbad1
clip_sample_003,27,1535489301162404,truck,0.24535,0.98,374.44,604.91,606.5,92.63,e62f4b1cc397c7c44800f9d04786c4a53f7e156aa6a0933015dadf41f00dbad1
clip_sample_003,27,1535489301162404,traffic light,0.22656,727.5,319.94,745.26,351.34,92.63,e62f4b1cc397c7c44800f9d04786c4a53f7e156aa6a0933015dadf41f00dbad1
clip_sample_003,27,1535489301162404,car,0.16526,603.57,424.2,984.24,567.66,92.63,e62f4b1cc397c7c44800f9d04786c4a53f7e156aa6a0933015dadf41f00dbad1
clip_sample_003,27,1535489301162404,traffic light,0.14468,589.08,328.53,607.71,367.58,92.63,e62f4b1cc397c7c44800f9d04786c4a53f7e156aa6a0933015dadf41f00dbad1
clip_sample_003,27,1535489301162404,traffic light,0.09784,1427.3,227.89,1506.45,289.15,92.63,e62f4b1cc397c7c44800f9d04786c4a53f7e156aa6a0933015dadf41f00dbad1
clip_sample_003,27,1535489301162404,traffic light,0.09133,588.82,329.59,608.26,370.2,92.63,e62f4b1cc397c7c44800f9d04786c4a53f7e156aa6a0933015dadf41f00dbad1
clip_sample_003,27,1535489301162404,traffic light,0.08188,591.85,328.3,608.05,367.87,92.63,e62f4b1cc397c7c44800f9d04786c4a53f7e156aa6a0933015dadf41f00dbad1
clip_sample_003,27,1535489301162404,truck,0.07638,1474.77,424.13,1599.65,555.91,92.63,e62f4b1cc397c7c44800f9d04786c4a53f7e156aa6a0933015dadf41f00dbad1
clip_sample_003,27,1535489301162404,traffic light,0.05066,725.22,315.68,744.54,344.66,92.63,e62f4b1cc397c7c44800f9d04786c4a53f7e156aa6a0933015dadf41f00dbad1
clip_sample_003,28,1535489301262404,traffic light,0.72993,1040.92,186.5,1072.55,253.41,88.48,a7b5259c65695ece07b638132b1fc80ddf17bbcea7505609a15d2ca7e85eb844
clip_sample_003,28,1535489301262404,truck,0.67034,660.8,420.35,1040.32,564.42,88.48,a7b5259c65695ece07b638132b1fc80ddf17bbcea7505609a15d2ca7e85eb844
clip_sample_003,28,1535489301262404,car,0.66611,1494.86,425.31,1599.36,544.72,88.48,a7b5259c65695ece07b638132b1fc80ddf17bbcea7505609a15d2ca7e85eb844
clip_sample_003,28,1535489301262404,traffic light,0.49736,1093.55,117.33,1129.21,199.25,88.48,a7b5259c65695ece07b638132b1fc80ddf17bbcea7505609a15d2ca7e85eb844
clip_sample_003,28,1535489301262404,truck,0.48772,51.17,371.66,670.66,606.12,88.48,a7b5259c65695ece07b638132b1fc80ddf17bbcea7505609a15d2ca7e85eb844
clip_sample_003,28,1535489301262404,traffic light,0.38951,1439.94,4.25,1502.67,204.18,88.48,a7b5259c65695ece07b638132b1fc80ddf17bbcea7505609a15d2ca7e85eb844
clip_sample_003,28,1535489301262404,bus,0.30891,51.17,371.66,670.66,606.12,88.48,a7b5259c65695ece07b638132b1fc80ddf17bbcea7505609a15d2ca7e85eb844
clip_sample_003,28,1535489301262404,car,0.27326,660.8,420.35,1040.32,564.42,88.48,a7b5259c65695ece07b638132b1fc80ddf17bbcea7505609a15d2ca7e85eb844
clip_sample_003,28,1535489301262404,traffic light,0.26766,1171.5,50.27,1221.3,162.2,88.48,a7b5259c65695ece07b638132b1fc80ddf17bbcea7505609a15d2ca7e85eb844
clip_sample_003,28,1535489301262404,traffic light,0.23531,727.2,319.75,745.08,352.2,88.48,a7b5259c65695ece07b638132b1fc80ddf17bbcea7505609a15d2ca7e85eb844
clip_sample_003,28,1535489301262404,traffic light,0.16784,588.72,328.15,608.19,366.62,88.48,a7b5259c65695ece07b638132b1fc80ddf17bbcea7505609a15d2ca7e85eb844
clip_sample_003,28,1535489301262404,car,0.14682,0.0,495.56,62.2,570.75,88.48,a7b5259c65695ece07b638132b1fc80ddf17bbcea7505609a15d2ca7e85eb844
clip_sample_003,28,1535489301262404,car,0.13363,0.88,495.25,63.48,570.82,88.48,a7b5259c65695ece07b638132b1fc80ddf17bbcea7505609a15d2ca7e85eb844
clip_sample_003,28,1535489301262404,car,0.13168,5.97,495.92,64.07,570.33,88.48,a7b5259c65695ece07b638132b1fc80ddf17bbcea7505609a15d2ca7e85eb844
clip_sample_003,28,1535489301262404,traffic light,0.09376,591.05,328.18,608.29,366.23,88.48,a7b5259c65695ece07b638132b1fc80ddf17bbcea7505609a15d2ca7e85eb844
clip_sample_003,28,1535489301262404,car,0.07717,1499.04,424.55,1595.47,504.87,88.48,a7b5259c65695ece07b638132b1fc80ddf17bbcea7505609a15d2ca7e85eb844
clip_sample_003,28,1535489301262404,traffic light,0.07647,1171.97,43.57,1227.82,163.79,88.48,a7b5259c65695ece07b638132b1fc80ddf17bbcea7505609a15d2ca7e85eb844
clip_sample_003,28,1535489301262404,traffic light,0.07198,587.86,328.96,608.93,370.36,88.48,a7b5259c65695ece07b638132b1fc80ddf17bbcea7505609a15d2ca7e85eb844
clip_sample_003,28,1535489301262404,car,0.07024,1549.27,452.04,1599.46,544.68,88.48,a7b5259c65695ece07b638132b1fc80ddf17bbcea7505609a15d2ca7e85eb844
clip_sample_003,28,1535489301262404,traffic light,0.05968,1425.22,228.41,1505.71,288.92,88.48,a7b5259c65695ece07b638132b1fc80ddf17bbcea7505609a15d2ca7e85eb844
clip_sample_003,28,1535489301262404,traffic light,0.05618,724.61,315.72,743.72,344.53,88.48,a7b5259c65695ece07b638132b1fc80ddf17bbcea7505609a15d2ca7e85eb844
clip_sample_003,28,1535489301262404,car,0.054,0.27,495.69,34.98,566.98,88.48,a7b5259c65695ece07b638132b1fc80ddf17bbcea7505609a15d2ca7e85eb844
clip_sample_003,29,1535489301362404,traffic light,0.74154,1040.78,186.69,1073.16,253.3,129.76,a383bae0da8e729cf975f75ac210adc179ac5c757ee627c990fa0d36838596e9
clip_sample_003,29,1535489301362404,truck,0.60427,679.06,412.35,1101.26,563.45,129.76,a383bae0da8e729cf975f75ac210adc179ac5c757ee627c990fa0d36838596e9
clip_sample_003,29,1535489301362404,traffic light,0.51666,1440.05,2.5,1502.72,204.28,129.76,a383bae0da8e729cf975f75ac210adc179ac5c757ee627c990fa0d36838596e9
clip_sample_003,29,1535489301362404,traffic light,0.51355,1093.3,117.13,1130.02,202.83,129.76,a383bae0da8e729cf975f75ac210adc179ac5c757ee627c990fa0d36838596e9
clip_sample_003,29,1535489301362404,truck,0.39227,122.41,369.11,742.73,604.11,129.76,a383bae0da8e729cf975f75ac210adc179ac5c757ee627c990fa0d36838596e9
clip_sample_003,29,1535489301362404,truck,0.39099,691.78,417.38,1098.77,562.21,129.76,a383bae0da8e729cf975f75ac210adc179ac5c757ee627c990fa0d36838596e9
clip_sample_003,29,1535489301362404,bus,0.37033,122.41,369.11,742.73,604.11,129.76,a383bae0da8e729cf975f75ac210adc179ac5c757ee627c990fa0d36838596e9
clip_sample_003,29,1535489301362404,traffic light,0.34785,1171.28,51.4,1220.71,161.89,129.76,a383bae0da8e729cf975f75ac210adc179ac5c757ee627c990fa0d36838596e9
clip_sample_003,29,1535489301362404,car,0.22738,0.05,476.56,114.78,569.19,129.76,a383bae0da8e729cf975f75ac210adc179ac5c757ee627c990fa0d36838596e9
clip_sample_003,29,1535489301362404,traffic light,0.20792,727.26,320.39,745.39,352.23,129.76,a383bae0da8e729cf975f75ac210adc179ac5c757ee627c990fa0d36838596e9
clip_sample_003,29,1535489301362404,car,0.17376,691.78,417.38,1098.77,562.21,129.76,a383bae0da8e729cf975f75ac210adc179ac5c757ee627c990fa0d36838596e9
clip_sample_003,29,1535489301362404,traffic light,0.16174,589.71,327.7,607.71,365.29,129.76,a383bae0da8e729cf975f75ac210adc179ac5c757ee627c990fa0d36838596e9
clip_sample_003,29,1535489301362404,car,0.11988,679.06,412.35,1101.26,563.45,129.76,a383bae0da8e729cf975f75ac210adc179ac5c757ee627c990fa0d36838596e9
clip_sample_003,29,1535489301362404,car,0.11116,0.59,486.27,114.01,567.39,129.76,a383bae0da8e729cf975f75ac210adc179ac5c757ee627c990fa0d36838596e9
clip_sample_003,29,1535489301362404,traffic light,0.10316,591.57,328.1,607.58,363.8,129.76,a383bae0da8e729cf975f75ac210adc179ac5c757ee627c990fa0d36838596e9
clip_sample_003,29,1535489301362404,car,0.09602,0.23,429.45,27.29,484.2,129.76,a383bae0da8e729cf975f75ac210adc179ac5c757ee627c990fa0d36838596e9
clip_sample_003,29,1535489301362404,car,0.09475,0.25,497.12,83.41,568.56,129.76,a383bae0da8e729cf975f75ac210adc179ac5c757ee627c990fa0d36838596e9
clip_sample_003,29,1535489301362404,truck,0.05283,0.2,426.73,113.98,570.65,129.76,a383bae0da8e729cf975f75ac210adc179ac5c757ee627c990fa0d36838596e9
clip_sample_003,30,1535489301412404,traffic light,0.73035,1041.02,187.71,1073.12,253.57,135.89,de2353cb09b3e76f0003075cfa47047f98d22a22f5c225e111d744764f71e6d0
clip_sample_003,30,1535489301412404,truck,0.61906,158.14,368.49,773.19,602.52,135.89,de2353cb09b3e76f0003075cfa47047f98d22a22f5c225e111d744764f71e6d0
clip_sample_003,30,1535489301412404,truck,0.48281,756.09,422.43,1126.37,562.14,135.89,de2353cb09b3e76f0003075cfa47047f98d22a22f5c225e111d744764f71e6d0
clip_sample_003,30,1535489301412404,traffic light,0.47532,1438.93,3.2,1503.1,202.83,135.89,de2353cb09b3e76f0003075cfa47047f98d22a22f5c225e111d744764f71e6d0
clip_sample_003,30,1535489301412404,car,0.45096,0.65,477.51,129.75,568.39,135.89,de2353cb09b3e76f0003075cfa47047f98d22a22f5c225e111d744764f71e6d0
clip_sample_003,30,1535489301412404,traffic light,0.43211,1093.81,116.79,1129.9,200.05,135.89,de2353cb09b3e76f0003075cfa47047f98d22a22f5c225e111d744764f71e6d0
clip_sample_003,30,1535489301412404,traffic light,0.32335,1171.5,50.63,1219.87,157.73,135.89,de2353cb09b3e76f0003075cfa47047f98d22a22f5c225e111d744764f71e6d0
clip_sample_003,30,1535489301412404,car,0.3098,756.09,422.43,1126.37,562.14,135.89,de2353cb09b3e76f0003075cfa47047f98d22a22f5c225e111d744764f71e6d0
clip_sample_003,30,1535489301412404,traffic light,0.22759,727.65,320.36,745.66,352.18,135.89,de2353cb09b3e76f0003075cfa47047f98d22a22f5c225e111d744764f71e6d0
clip_sample_003,30,1535489301412404,bus,0.1928,158.14,368.49,773.19,602.52,135.89,de2353cb09b3e76f0003075cfa47047f98d22a22f5c225e111d744764f71e6d0
clip_sample_003,30,1535489301412404,traffic light,0.14779,1426.08,227.64,1516.96,290.92,135.89,de2353cb09b3e76f0003075cfa47047f98d22a22f5c225e111d744764f71e6d0
clip_sample_003,30,1535489301412404,truck,0.11666,0.71,423.02,130.39,571.86,135.89,de2353cb09b3e76f0003075cfa47047f98d22a22f5c225e111d744764f71e6d0
clip_sample_003,30,1535489301412404,traffic light,0.11488,589.64,327.53,608.4,368.42,135.89,de2353cb09b3e76f0003075cfa47047f98d22a22f5c225e111d744764f71e6d0
clip_sample_003,30,1535489301412404,car,0.09305,1482.63,421.44,1599.66,491.84,135.89,de2353cb09b3e76f0003075cfa47047f98d22a22f5c225e111d744764f71e6d0
clip_sample_003,30,1535489301412404,truck,0.08545,0.65,477.51,129.75,568.39,135.89,de2353cb09b3e76f0003075cfa47047f98d22a22f5c225e111d744764f71e6d0
clip_sample_003,30,1535489301412404,traffic light,0.08312,591.08,327.74,608.3,365.93,135.89,de2353cb09b3e76f0003075cfa47047f98d22a22f5c225e111d744764f71e6d0
clip_sample_003,30,1535489301412404,car,0.05699,0.54,423.02,38.4,471.81,135.89,de2353cb09b3e76f0003075cfa47047f98d22a22f5c225e111d744764f71e6d0
clip_sample_003,30,1535489301412404,traffic light,0.05356,1172.32,44.61,1227.26,163.68,135.89,de2353cb09b3e76f0003075cfa47047f98d22a22f5c225e111d744764f71e6d0
clip_sample_003,31,1535489301512404,traffic light,0.71877,1040.91,187.51,1072.86,253.12,109.27,cde9134d520a31465c054351f48ca7727b577b96734501ee6a060eb60745c17a
clip_sample_003,31,1535489301512404,truck,0.61954,236.67,365.44,853.32,599.09,109.27,cde9134d520a31465c054351f48ca7727b577b96734501ee6a060eb60745c17a
clip_sample_003,31,1535489301512404,traffic light,0.57142,1093.48,117.06,1129.48,207.42,109.27,cde9134d520a31465c054351f48ca7727b577b96734501ee6a060eb60745c17a
clip_sample_003,31,1535489301512404,truck,0.53722,0.68,421.23,146.78,567.34,109.27,cde9134d520a31465c054351f48ca7727b577b96734501ee6a060eb60745c17a
clip_sample_003,31,1535489301512404,truck,0.47032,802.77,414.46,1183.45,561.74,109.27,cde9134d520a31465c054351f48ca7727b577b96734501ee6a060eb60745c17a
clip_sample_003,31,1535489301512404,traffic light,0.4531,1439.3,2.84,1502.77,202.88,109.27,cde9134d520a31465c054351f48ca7727b577b96734501ee6a060eb60745c17a
clip_sample_003,31,1535489301512404,truck,0.45112,799.93,410.06,1189.08,563.31,109.27,cde9134d520a31465c054351f48ca7727b577b96734501ee6a060eb60745c17a
clip_sample_003,31,1535489301512404,traffic light,0.35277,1171.37,51.51,1219.22,162.5,109.27,cde9134d520a31465c054351f48ca7727b577b96734501ee6a060eb60745c17a
clip_sample_003,31,1535489301512404,traffic light,0.21274,726.64,319.67,745.21,351.51,109.27,cde9134d520a31465c054351f48ca7727b577b96734501ee6a060eb60745c17a
clip_sample_003,31,1535489301512404,bus,0.19221,236.67,365.44,853.32,599.09,109.27,cde9134d520a31465c054351f48ca7727b577b96734501ee6a060eb60745c17a
clip_sample_003,31,1535489301512404,car,0.17108,802.77,414.46,1183.45,561.74,109.27,cde9134d520a31465c054351f48ca7727b577b96734501ee6a060eb60745c17a
clip_sample_003,31,1535489301512404,car,0.15414,0.68,421.23,146.78,567.34,109.27,cde9134d520a31465c054351f48ca7727b577b96734501ee6a060eb60745c17a
clip_sample_003,31,1535489301512404,traffic light,0.12775,1426.13,227.64,1518.88,290.15,109.27,cde9134d520a31465c054351f48ca7727b577b96734501ee6a060eb60745c17a
clip_sample_003,31,1535489301512404,traffic light,0.08103,1171.56,48.41,1224.47,164.59,109.27,cde9134d520a31465c054351f48ca7727b577b96734501ee6a060eb60745c17a
clip_sample_003,31,1535489301512404,car,0.07036,799.93,410.06,1189.08,563.31,109.27,cde9134d520a31465c054351f48ca7727b577b96734501ee6a060eb60745c17a
clip_sample_003,31,1535489301512404,traffic light,0.06931,721.77,321.7,745.76,387.21,109.27,cde9134d520a31465c054351f48ca7727b577b96734501ee6a060eb60745c17a
clip_sample_003,31,1535489301512404,traffic light,0.0584,589.55,327.41,608.16,367.0,109.27,cde9134d520a31465c054351f48ca7727b577b96734501ee6a060eb60745c17a
clip_sample_003,31,1535489301512404,car,0.05484,1479.0,421.71,1599.53,491.82,109.27,cde9134d520a31465c054351f48ca7727b577b96734501ee6a060eb60745c17a
clip_sample_003,32,1535489301612404,traffic light,0.73302,1041.1,187.08,1072.7,253.23,114.04,ffca861f702e49ae83a6f6f43387111079891397fdc975298f24d5c3c2c2ef26
clip_sample_003,32,1535489301612404,traffic light,0.57967,1093.65,116.6,1130.32,211.85,114.04,ffca861f702e49ae83a6f6f43387111079891397fdc975298f24d5c3c2c2ef26
clip_sample_003,32,1535489301612404,bus,0.54519,315.18,361.68,914.32,596.55,114.04,ffca861f702e49ae83a6f6f43387111079891397fdc975298f24d5c3c2c2ef26
clip_sample_003,32,1535489301612404,truck,0.42152,903.97,416.89,1237.45,558.11,114.04,ffca861f702e49ae83a6f6f43387111079891397fdc975298f24d5c3c2c2ef26
clip_sample_003,32,1535489301612404,traffic light,0.37124,1440.29,3.45,1503.18,202.14,114.04,ffca861f702e49ae83a6f6f43387111079891397fdc975298f24d5c3c2c2ef26
clip_sample_003,32,1535489301612404,car,0.32648,903.97,416.89,1237.45,558.11,114.04,ffca861f702e49ae83a6f6f43387111079891397fdc975298f24d5c3c2c2ef26
clip_sample_003,32,1535489301612404,traffic light,0.30143,1171.43,49.41,1220.95,162.36,114.04,ffca861f702e49ae83a6f6f43387111079891397fdc975298f24d5c3c2c2ef26
clip_sample_003,32,1535489301612404,truck,0.29443,0.1,418.53,178.57,574.03,114.04,ffca861f702e49ae83a6f6f43387111079891397fdc975298f24d5c3c2c2ef26
clip_sample_003,32,1535489301612404,truck,0.24108,315.18,361.68,914.32,596.55,114.04,ffca861f702e49ae83a6f6f43387111079891397fdc975298f24d5c3c2c2ef26
clip_sample_003,32,1535489301612404,car,0.23302,0.0,529.44,26.12,581.34,114.04,ffca861f702e49ae83a6f6f43387111079891397fdc975298f24d5c3c2c2ef26
clip_sample_003,32,1535489301612404,traffic light,0.17578,727.65,319.09,746.4,350.0,114.04,ffca861f702e49ae83a6f6f43387111079891397fdc975298f24d5c3c2c2ef26
clip_sample_003,32,1535489301612404,truck,0.16873,811.98,408.09,1242.52,560.77,114.04,ffca861f702e49ae83a6f6f43387111079891397fdc975298f24d5c3c2c2ef26
clip_sample_003,32,1535489301612404,traffic light,0.08924,1425.52,226.66,1517.53,289.21,114.04,ffca861f702e49ae83a6f6f43387111079891397fdc975298f24d5c3c2c2ef26
clip_sample_003,32,1535489301612404,car,0.07334,125.66,492.47,194.64,540.53,114.04,ffca861f702e49ae83a6f6f43387111079891397fdc975298f24d5c3c2c2ef26
clip_sample_003,33,1535489301662404,traffic light,0.73767,1040.98,186.76,1072.92,253.68,96.15,0f92edf98396476eafbe35c53c92417fbe76dce3c914c25994fa5b91b71a00d5
clip_sample_003,33,1535489301662404,bus,0.63888,352.89,355.96,967.44,592.2,96.15,0f92edf98396476eafbe35c53c92417fbe76dce3c914c25994fa5b91b71a00d5
clip_sample_003,33,1535489301662404,traffic light,0.53771,1093.7,117.2,1129.42,201.17,96.15,0f92edf98396476eafbe35c53c92417fbe76dce3c914c25994fa5b91b71a00d5
clip_sample_003,33,1535489301662404,truck,0.47376,0.57,418.31,203.09,571.35,96.15,0f92edf98396476eafbe35c53c92417fbe76dce3c914c25994fa5b91b71a00d5
clip_sample_003,33,1535489301662404,traffic light,0.40605,1437.89,2.8,1502.9,200.79,96.15,0f92edf98396476eafbe35c53c92417fbe76dce3c914c25994fa5b91b71a00d5
clip_sample_003,33,1535489301662404,traffic light,0.39596,1171.03,53.1,1220.24,161.69,96.15,0f92edf98396476eafbe35c53c92417fbe76dce3c914c25994fa5b91b71a00d5
clip_sample_003,33,1535489301662404,car,0.39104,911.43,418.97,1273.07,554.32,96.15,0f92edf98396476eafbe35c53c92417fbe76dce3c914c25994fa5b91b71a00d5
clip_sample_003,33,1535489301662404,truck,0.27041,911.43,418.97,1273.07,554.32,96.15,0f92edf98396476eafbe35c53c92417fbe76dce3c914c25994fa5b91b71a00d5
clip_sample_003,33,1535489301662404,car,0.11418,0.34,527.2,54.76,584.77,96.15,0f92edf98396476eafbe35c53c92417fbe76dce3c914c25994fa5b91b71a00d5
clip_sample_003,33,1535489301662404,traffic light,0.10384,1425.04,227.32,1511.77,289.82,96.15,0f92edf98396476eafbe35c53c92417fbe76dce3c914c25994fa5b91b71a00d5
clip_sample_003,33,1535489301662404,traffic light,0.10082,727.2,319.01,746.48,352.1,96.15,0f92edf98396476eafbe35c53c92417fbe76dce3c914c25994fa5b91b71a00d5
clip_sample_003,33,1535489301662404,car,0.09498,0.57,418.31,203.09,571.35,96.15,0f92edf98396476eafbe35c53c92417fbe76dce3c914c25994fa5b91b71a00d5
clip_sample_003,33,1535489301662404,truck,0.0926,352.89,355.96,967.44,592.2,96.15,0f92edf98396476eafbe35c53c92417fbe76dce3c914c25994fa5b91b71a00d5
clip_sample_003,33,1535489301662404,car,0.05734,1477.6,421.45,1599.67,491.95,96.15,0f92edf98396476eafbe35c53c92417fbe76dce3c914c25994fa5b91b71a00d5
clip_sample_003,33,1535489301662404,car,0.05589,909.1,465.96,1007.08,552.7,96.15,0f92edf98396476eafbe35c53c92417fbe76dce3c914c25994fa5b91b71a00d5
clip_sample_003,34,1535489301762404,traffic light,0.73538,1041.15,187.73,1071.37,253.75,90.11,d5ae937797536191f6df7c99d168f6614c3eaca5d37b110fa489b31035282050
clip_sample_003,34,1535489301762404,traffic light,0.51575,1093.6,116.92,1129.55,198.15,90.11,d5ae937797536191f6df7c99d168f6614c3eaca5d37b110fa489b31035282050
clip_sample_003,34,1535489301762404,bus,0.48306,430.11,357.61,1067.83,591.24,90.11,d5ae937797536191f6df7c99d168f6614c3eaca5d37b110fa489b31035282050
clip_sample_003,34,1535489301762404,truck,0.43697,0.36,417.66,210.35,580.59,90.11,d5ae937797536191f6df7c99d168f6614c3eaca5d37b110fa489b31035282050
clip_sample_003,34,1535489301762404,car,0.37923,0.17,504.7,106.07,588.61,90.11,d5ae937797536191f6df7c99d168f6614c3eaca5d37b110fa489b31035282050
clip_sample_003,34,1535489301762404,traffic light,0.3376,1170.94,51.61,1220.37,162.75,90.11,d5ae937797536191f6df7c99d168f6614c3eaca5d37b110fa489b31035282050
clip_sample_003,34,1535489301762404,traffic light,0.33251,1438.52,3.54,1503.0,201.32,90.11,d5ae937797536191f6df7c99d168f6614c3eaca5d37b110fa489b31035282050
clip_sample_003,34,1535489301762404,car,0.29097,171.04,487.52,233.97,543.2,90.11,d5ae937797536191f6df7c99d168f6614c3eaca5d37b110fa489b31035282050
clip_sample_003,34,1535489301762404,truck,0.26184,430.11,357.61,1067.83,591.24,90.11,d5ae937797536191f6df7c99d168f6614c3eaca5d37b110fa489b31035282050
clip_sample_003,34,1535489301762404,car,0.22787,930.45,406.0,1338.34,551.41,90.11,d5ae937797536191f6df7c99d168f6614c3eaca5d37b110fa489b31035282050
clip_sample_003,34,1535489301762404,car,0.12636,0.36,417.66,210.35,580.59,90.11,d5ae937797536191f6df7c99d168f6614c3eaca5d37b110fa489b31035282050
clip_sample_003,34,1535489301762404,truck,0.12274,930.45,406.0,1338.34,551.41,90.11,d5ae937797536191f6df7c99d168f6614c3eaca5d37b110fa489b31035282050
clip_sample_003,34,1535489301762404,traffic light,0.11319,1426.5,228.15,1517.13,290.05,90.11,d5ae937797536191f6df7c99d168f6614c3eaca5d37b110fa489b31035282050
clip_sample_003,34,1535489301762404,car,0.08673,1483.75,421.59,1599.46,492.46,90.11,d5ae937797536191f6df7c99d168f6614c3eaca5d37b110fa489b31035282050
clip_sample_003,34,1535489301762404,traffic light,0.07946,727.44,317.26,745.73,355.86,90.11,d5ae937797536191f6df7c99d168f6614c3eaca5d37b110fa489b31035282050
clip_sample_003,34,1535489301762404,traffic light,0.07386,1171.27,47.7,1224.65,163.61,90.11,d5ae937797536191f6df7c99d168f6614c3eaca5d37b110fa489b31035282050
clip_sample_003,34,1535489301762404,car,0.0614,105.53,472.81,210.75,563.18,90.11,d5ae937797536191f6df7c99d168f6614c3eaca5d37b110fa489b31035282050
clip_sample_003,34,1535489301762404,bus,0.05397,0.36,417.66,210.35,580.59,90.11,d5ae937797536191f6df7c99d168f6614c3eaca5d37b110fa489b31035282050
clip_sample_003,35,1535489301862404,traffic light,0.73777,1040.89,187.49,1072.52,254.35,91.59,fd7ac8d45b9ee67b906222115d60bb15e0d9db8a34c51112415627f1acc87cdd
clip_sample_003,35,1535489301862404,car,0.60973,0.36,493.26,164.78,587.52,91.59,fd7ac8d45b9ee67b906222115d60bb15e0d9db8a34c51112415627f1acc87cdd
clip_sample_003,35,1535489301862404,traffic light,0.53796,1093.73,117.1,1129.77,197.07,91.59,fd7ac8d45b9ee67b906222115d60bb15e0d9db8a34c51112415627f1acc87cdd
clip_sample_003,35,1535489301862404,bus,0.52032,507.23,355.97,1123.56,590.48,91.59,fd7ac8d45b9ee67b906222115d60bb15e0d9db8a34c51112415627f1acc87cdd
clip_sample_003,35,1535489301862404,traffic light,0.39555,1171.4,52.97,1219.97,160.44,91.59,fd7ac8d45b9ee67b906222115d60bb15e0d9db8a34c51112415627f1acc87cdd
clip_sample_003,35,1535489301862404,traffic light,0.38917,1441.97,3.65,1502.71,199.14,91.59,fd7ac8d45b9ee67b906222115d60bb15e0d9db8a34c51112415627f1acc87cdd
clip_sample_003,35,1535489301862404,truck,0.25586,507.23,355.97,1123.56,590.48,91.59,fd7ac8d45b9ee67b906222115d60bb15e0d9db8a34c51112415627f1acc87cdd
clip_sample_003,35,1535489301862404,traffic light,0.18001,726.68,316.86,745.86,359.6,91.59,fd7ac8d45b9ee67b906222115d60bb15e0d9db8a34c51112415627f1acc87cdd
clip_sample_003,35,1535489301862404,bus,0.13854,0.57,417.88,258.31,569.97,91.59,fd7ac8d45b9ee67b906222115d60bb15e0d9db8a34c51112415627f1acc87cdd
clip_sample_003,35,1535489301862404,car,0.13755,1008.62,405.68,1386.93,548.72,91.59,fd7ac8d45b9ee67b906222115d60bb15e0d9db8a34c51112415627f1acc87cdd
clip_sample_003,35,1535489301862404,bus,0.09169,0.0,412.91,260.78,574.9,91.59,fd7ac8d45b9ee67b906222115d60bb15e0d9db8a34c51112415627f1acc87cdd
clip_sample_003,35,1535489301862404,car,0.0903,0.0,494.41,98.6,584.75,91.59,fd7ac8d45b9ee67b906222115d60bb15e0d9db8a34c51112415627f1acc87cdd
clip_sample_003,35,1535489301862404,car,0.0869,140.58,477.84,262.58,562.75,91.59,fd7ac8d45b9ee67b906222115d60bb15e0d9db8a34c51112415627f1acc87cdd
clip_sample_003,35,1535489301862404,car,0.08057,231.66,487.4,269.42,520.8,91.59,fd7ac8d45b9ee67b906222115d60bb15e0d9db8a34c51112415627f1acc87cdd
clip_sample_003,35,1535489301862404,car,0.07324,206.75,485.96,265.93,520.69,91.59,fd7ac8d45b9ee67b906222115d60bb15e0d9db8a34c51112415627f1acc87cdd
clip_sample_003,35,1535489301862404,car,0.07204,1473.28,421.34,1599.4,490.95,91.59,fd7ac8d45b9ee67b906222115d60bb15e0d9db8a34c51112415627f1acc87cdd
clip_sample_003,35,1535489301862404,traffic light,0.07038,1431.84,228.94,1516.43,288.95,91.59,fd7ac8d45b9ee67b906222115d60bb15e0d9db8a34c51112415627f1acc87cdd
clip_sample_003,35,1535489301862404,truck,0.06669,0.57,417.88,258.31,569.97,91.59,fd7ac8d45b9ee67b906222115d60bb15e0d9db8a34c51112415627f1acc87cdd
clip_sample_003,35,1535489301862404,car,0.05763,163.03,498.7,253.0,561.43,91.59,fd7ac8d45b9ee67b906222115d60bb15e0d9db8a34c51112415627f1acc87cdd
clip_sample_003,35,1535489301862404,car,0.05261,137.24,474.26,264.23,561.49,91.59,fd7ac8d45b9ee67b906222115d60bb15e0d9db8a34c51112415627f1acc87cdd
clip_sample_003,36,1535489301912404,traffic light,0.72948,1040.31,188.15,1071.59,252.86,88.32,f0fade58c76d82f5fdc97dea15722147779649f5dbf9b6b1e4bbd8cba8476768
clip_sample_003,36,1535489301912404,bus,0.64461,547.67,353.9,1165.38,585.75,88.32,f0fade58c76d82f5fdc97dea15722147779649f5dbf9b6b1e4bbd8cba8476768
clip_sample_003,36,1535489301912404,traffic light,0.51838,1093.42,116.65,1130.08,204.66,88.32,f0fade58c76d82f5fdc97dea15722147779649f5dbf9b6b1e4bbd8cba8476768
clip_sample_003,36,1535489301912404,car,0.50452,0.44,490.28,179.38,585.56,88.32,f0fade58c76d82f5fdc97dea15722147779649f5dbf9b6b1e4bbd8cba8476768
clip_sample_003,36,1535489301912404,traffic light,0.38396,1441.04,3.33,1502.96,201.78,88.32,f0fade58c76d82f5fdc97dea15722147779649f5dbf9b6b1e4bbd8cba8476768
clip_sample_003,36,1535489301912404,traffic light,0.3493,1171.21,50.67,1220.49,161.06,88.32,f0fade58c76d82f5fdc97dea15722147779649f5dbf9b6b1e4bbd8cba8476768
clip_sample_003,36,1535489301912404,bus,0.33492,1.13,416.69,253.27,567.67,88.32,f0fade58c76d82f5fdc97dea15722147779649f5dbf9b6b1e4bbd8cba8476768
clip_sample_003,36,1535489301912404,traffic light,0.16866,727.02,315.3,746.2,357.25,88.32,f0fade58c76d82f5fdc97dea15722147779649f5dbf9b6b1e4bbd8cba8476768
clip_sample_003,36,1535489301912404,truck,0.16326,1.13,416.69,253.27,567.67,88.32,f0fade58c76d82f5fdc97dea15722147779649f5dbf9b6b1e4bbd8cba8476768
clip_sample_003,36,1535489301912404,truck,0.15414,547.67,353.9,1165.38,585.75,88.32,f0fade58c76d82f5fdc97dea15722147779649f5dbf9b6b1e4bbd8cba8476768
clip_sample_003,36,1535489301912404,truck,0.13921,1046.3,396.83,1427.44,548.93,88.32,f0fade58c76d82f5fdc97dea15722147779649f5dbf9b6b1e4bbd8cba8476768
clip_sample_003,36,1535489301912404,car,0.12206,225.96,485.93,276.7,545.61,88.32,f0fade58c76d82f5fdc97dea15722147779649f5dbf9b6b1e4bbd8cba8476768
clip_sample_003,36,1535489301912404,traffic light,0.09915,589.41,327.1,608.32,364.2,88.32,f0fade58c76d82f5fdc97dea15722147779649f5dbf9b6b1e4bbd8cba8476768
clip_sample_003,36,1535489301912404,car,0.09574,232.12,485.36,277.16,542.74,88.32,f0fade58c76d82f5fdc97dea15722147779649f5dbf9b6b1e4bbd8cba8476768
clip_sample_003,36,1535489301912404,car,0.09312,226.36,484.74,275.3,532.21,88.32,f0fade58c76d82f5fdc97dea15722147779649f5dbf9b6b1e4bbd8cba8476768
clip_sample_003,36,1535489301912404,traffic light,0.07698,1426.2,228.37,1520.36,289.88,88.32,f0fade58c76d82f5fdc97dea15722147779649f5dbf9b6b1e4bbd8cba8476768
clip_sample_006,1,1535657122612404,car,0.92413,816.63,445.88,1121.64,543.97,91.91,29244eddecd6827f3e453d94fc9eb668716dd2a95c9505b2ba37d83c5aa19141
clip_sample_006,1,1535657122612404,car,0.91669,1165.86,440.94,1580.17,571.86,91.91,29244eddecd6827f3e453d94fc9eb668716dd2a95c9505b2ba37d83c5aa19141
clip_sample_006,1,1535657122612404,car,0.90668,0.0,453.94,351.11,587.77,91.91,29244eddecd6827f3e453d94fc9eb668716dd2a95c9505b2ba37d83c5aa19141
clip_sample_006,1,1535657122612404,car,0.33944,646.47,413.2,700.31,468.59,91.91,29244eddecd6827f3e453d94fc9eb668716dd2a95c9505b2ba37d83c5aa19141
clip_sample_006,1,1535657122612404,traffic light,0.31137,1062.79,270.44,1093.76,334.45,91.91,29244eddecd6827f3e453d94fc9eb668716dd2a95c9505b2ba37d83c5aa19141
clip_sample_006,1,1535657122612404,traffic light,0.3085,1063.38,269.8,1096.03,367.63,91.91,29244eddecd6827f3e453d94fc9eb668716dd2a95c9505b2ba37d83c5aa19141
clip_sample_006,1,1535657122612404,traffic light,0.28168,1031.91,270.8,1064.52,334.1,91.91,29244eddecd6827f3e453d94fc9eb668716dd2a95c9505b2ba37d83c5aa19141
clip_sample_006,1,1535657122612404,traffic light,0.25944,860.01,310.67,881.71,381.29,91.91,29244eddecd6827f3e453d94fc9eb668716dd2a95c9505b2ba37d83c5aa19141
clip_sample_006,1,1535657122612404,traffic light,0.25667,1061.97,268.34,1091.05,334.48,91.91,29244eddecd6827f3e453d94fc9eb668716dd2a95c9505b2ba37d83c5aa19141
clip_sample_006,1,1535657122612404,truck,0.23467,646.47,413.2,700.31,468.59,91.91,29244eddecd6827f3e453d94fc9eb668716dd2a95c9505b2ba37d83c5aa19141
clip_sample_006,1,1535657122612404,car,0.21266,503.01,441.1,562.88,490.79,91.91,29244eddecd6827f3e453d94fc9eb668716dd2a95c9505b2ba37d83c5aa19141
clip_sample_006,1,1535657122612404,traffic light,0.20262,372.54,352.93,390.67,374.15,91.91,29244eddecd6827f3e453d94fc9eb668716dd2a95c9505b2ba37d83c5aa19141
clip_sample_006,1,1535657122612404,person,0.14973,725.91,439.29,769.66,517.52,91.91,29244eddecd6827f3e453d94fc9eb668716dd2a95c9505b2ba37d83c5aa19141
clip_sample_006,1,1535657122612404,traffic light,0.11695,1076.59,338.33,1097.13,367.81,91.91,29244eddecd6827f3e453d94fc9eb668716dd2a95c9505b2ba37d83c5aa19141
clip_sample_006,1,1535657122612404,traffic light,0.11497,369.5,351.52,389.68,375.11,91.91,29244eddecd6827f3e453d94fc9eb668716dd2a95c9505b2ba37d83c5aa19141
clip_sample_006,1,1535657122612404,car,0.09621,266.86,452.0,351.34,511.75,91.91,29244eddecd6827f3e453d94fc9eb668716dd2a95c9505b2ba37d83c5aa19141
clip_sample_006,1,1535657122612404,car,0.09182,574.85,442.32,605.62,468.84,91.91,29244eddecd6827f3e453d94fc9eb668716dd2a95c9505b2ba37d83c5aa19141
clip_sample_006,1,1535657122612404,bicycle,0.08994,696.24,438.82,776.48,525.37,91.91,29244eddecd6827f3e453d94fc9eb668716dd2a95c9505b2ba37d83c5aa19141
clip_sample_006,1,1535657122612404,person,0.08819,696.24,438.82,776.48,525.37,91.91,29244eddecd6827f3e453d94fc9eb668716dd2a95c9505b2ba37d83c5aa19141
clip_sample_006,1,1535657122612404,car,0.08596,146.85,446.35,354.62,515.01,91.91,29244eddecd6827f3e453d94fc9eb668716dd2a95c9505b2ba37d83c5aa19141
clip_sample_006,1,1535657122612404,traffic light,0.08327,872.2,314.31,895.62,375.02,91.91,29244eddecd6827f3e453d94fc9eb668716dd2a95c9505b2ba37d83c5aa19141
clip_sample_006,1,1535657122612404,person,0.08312,732.4,436.53,769.22,505.16,91.91,29244eddecd6827f3e453d94fc9eb668716dd2a95c9505b2ba37d83c5aa19141
clip_sample_006,1,1535657122612404,motorcycle,0.06775,696.24,438.82,776.48,525.37,91.91,29244eddecd6827f3e453d94fc9eb668716dd2a95c9505b2ba37d83c5aa19141
clip_sample_006,1,1535657122612404,traffic light,0.06146,858.3,315.14,877.47,383.5,91.91,29244eddecd6827f3e453d94fc9eb668716dd2a95c9505b2ba37d83c5aa19141
clip_sample_006,1,1535657122612404,person,0.06118,866.73,440.27,885.94,482.05,91.91,29244eddecd6827f3e453d94fc9eb668716dd2a95c9505b2ba37d83c5aa19141
clip_sample_006,1,1535657122612404,car,0.05939,599.86,448.0,625.27,468.23,91.91,29244eddecd6827f3e453d94fc9eb668716dd2a95c9505b2ba37d83c5aa19141
clip_sample_006,1,1535657122612404,person,0.0566,359.94,449.9,392.2,509.26,91.91,29244eddecd6827f3e453d94fc9eb668716dd2a95c9505b2ba37d83c5aa19141
clip_sample_006,2,1535657122662404,car,0.92697,18.93,447.12,380.04,585.46,91.16,8d43e97068b36618ade4f46a9fceac279e13d398d695d5f4f25bf6be5ef3a8d4
clip_sample_006,2,1535657122662404,car,0.91499,1198.0,440.58,1600.0,571.86,91.16,8d43e97068b36618ade4f46a9fceac279e13d398d695d5f4f25bf6be5ef3a8d4
clip_sample_006,2,1535657122662404,car,0.90407,795.58,445.21,1092.92,544.59,91.16,8d43e97068b36618ade4f46a9fceac279e13d398d695d5f4f25bf6be5ef3a8d4
clip_sample_006,2,1535657122662404,car,0.44235,646.15,413.46,699.22,468.04,91.16,8d43e97068b36618ade4f46a9fceac279e13d398d695d5f4f25bf6be5ef3a8d4
clip_sample_006,2,1535657122662404,traffic light,0.35979,1061.48,269.22,1090.62,335.34,91.16,8d43e97068b36618ade4f46a9fceac279e13d398d695d5f4f25bf6be5ef3a8d4
clip_sample_006,2,1535657122662404,traffic light,0.31302,1032.11,271.2,1064.4,333.51,91.16,8d43e97068b36618ade4f46a9fceac279e13d398d695d5f4f25bf6be5ef3a8d4
clip_sample_006,2,1535657122662404,traffic light,0.28895,1062.36,271.59,1092.93,332.12,91.16,8d43e97068b36618ade4f46a9fceac279e13d398d695d5f4f25bf6be5ef3a8d4
clip_sample_006,2,1535657122662404,person,0.25737,688.35,436.6,760.32,525.02,91.16,8d43e97068b36618ade4f46a9fceac279e13d398d695d5f4f25bf6be5ef3a8d4
clip_sample_006,2,1535657122662404,person,0.25649,701.14,436.2,759.27,524.13,91.16,8d43e97068b36618ade4f46a9fceac279e13d398d695d5f4f25bf6be5ef3a8d4
clip_sample_006,2,1535657122662404,traffic light,0.24328,860.57,311.19,881.39,379.8,91.16,8d43e97068b36618ade4f46a9fceac279e13d398d695d5f4f25bf6be5ef3a8d4
clip_sample_006,2,1535657122662404,truck,0.23889,646.15,413.46,699.22,468.04,91.16,8d43e97068b36618ade4f46a9fceac279e13d398d695d5f4f25bf6be5ef3a8d4
clip_sample_006,2,1535657122662404,traffic light,0.16525,372.34,353.13,390.22,373.75,91.16,8d43e97068b36618ade4f46a9fceac279e13d398d695d5f4f25bf6be5ef3a8d4
clip_sample_006,2,1535657122662404,car,0.15391,504.01,442.22,562.96,490.97,91.16,8d43e97068b36618ade4f46a9fceac279e13d398d695d5f4f25bf6be5ef3a8d4
clip_sample_006,2,1535657122662404,traffic light,0.1429,1075.32,339.0,1096.28,368.43,91.16,8d43e97068b36618ade4f46a9fceac279e13d398d695d5f4f25bf6be5ef3a8d4
clip_sample_006,2,1535657122662404,traffic light,0.10789,368.99,352.17,388.91,374.71,91.16,8d43e97068b36618ade4f46a9fceac279e13d398d695d5f4f25bf6be5ef3a8d4
clip_sample_006,2,1535657122662404,car,0.09137,576.62,442.63,610.2,468.59,91.16,8d43e97068b36618ade4f46a9fceac279e13d398d695d5f4f25bf6be5ef3a8d4
clip_sample_006,2,1535657122662404,traffic light,0.07432,1063.72,269.99,1095.35,369.3,91.16,8d43e97068b36618ade4f46a9fceac279e13d398d695d5f4f25bf6be5ef3a8d4
clip_sample_006,2,1535657122662404,car,0.07052,595.99,447.9,626.81,468.21,91.16,8d43e97068b36618ade4f46a9fceac279e13d398d695d5f4f25bf6be5ef3a8d4
clip_sample_006,2,1535657122662404,traffic light,0.06419,870.62,314.33,894.82,373.51,91.16,8d43e97068b36618ade4f46a9fceac279e13d398d695d5f4f25bf6be5ef3a8d4
clip_sample_006,2,1535657122662404,bus,0.06336,646.15,413.46,699.22,468.04,91.16,8d43e97068b36618ade4f46a9fceac279e13d398d695d5f4f25bf6be5ef3a8d4
clip_sample_006,2,1535657122662404,traffic light,0.06123,857.75,316.97,876.13,382.99,91.16,8d43e97068b36618ade4f46a9fceac279e13d398d695d5f4f25bf6be5ef3a8d4
clip_sample_006,3,1535657122762404,car,0.92125,742.64,447.02,1040.96,544.42,110.67,5245220752b3b39db29e7530ff33bd427896e9197206e3191c1b2f2aed82a511
clip_sample_006,3,1535657122762404,car,0.89946,84.36,469.22,440.28,586.74,110.67,5245220752b3b39db29e7530ff33bd427896e9197206e3191c1b2f2aed82a511
clip_sample_006,3,1535657122762404,car,0.77497,1265.02,437.27,1600.0,572.04,110.67,5245220752b3b39db29e7530ff33bd427896e9197206e3191c1b2f2aed82a511
clip_sample_006,3,1535657122762404,car,0.68469,19.94,448.54,234.53,550.86,110.67,5245220752b3b39db29e7530ff33bd427896e9197206e3191c1b2f2aed82a511
clip_sample_006,3,1535657122762404,traffic light,0.4084,1063.0,271.27,1093.02,331.65,110.67,5245220752b3b39db29e7530ff33bd427896e9197206e3191c1b2f2aed82a511
clip_sample_006,3,1535657122762404,traffic light,0.36912,1032.53,271.63,1064.87,334.12,110.67,5245220752b3b39db29e7530ff33bd427896e9197206e3191c1b2f2aed82a511
clip_sample_006,3,1535657122762404,traffic light,0.3665,1062.39,269.05,1090.6,334.57,110.67,5245220752b3b39db29e7530ff33bd427896e9197206e3191c1b2f2aed82a511
clip_sample_006,3,1535657122762404,person,0.3124,688.28,442.66,734.81,520.7,110.67,5245220752b3b39db29e7530ff33bd427896e9197206e3191c1b2f2aed82a511
clip_sample_006,3,1535657122762404,car,0.2469,1263.24,436.77,1599.58,571.45,110.67,5245220752b3b39db29e7530ff33bd427896e9197206e3191c1b2f2aed82a511
clip_sample_006,3,1535657122762404,traffic light,0.24034,860.43,311.33,882.46,377.44,110.67,5245220752b3b39db29e7530ff33bd427896e9197206e3191c1b2f2aed82a511
clip_sample_006,3,1535657122762404,truck,0.16974,645.99,414.13,701.32,467.28,110.67,5245220752b3b39db29e7530ff33bd427896e9197206e3191c1b2f2aed82a511
clip_sample_006,3,1535657122762404,car,0.15131,645.99,414.13,701.32,467.28,110.67,5245220752b3b39db29e7530ff33bd427896e9197206e3191c1b2f2aed82a511
clip_sample_006,3,1535657122762404,traffic light,0.14652,372.43,353.57,392.13,374.29,110.67,5245220752b3b39db29e7530ff33bd427896e9197206e3191c1b2f2aed82a511
clip_sample_006,3,1535657122762404,traffic light,0.12023,1076.66,338.12,1097.28,367.82,110.67,5245220752b3b39db29e7530ff33bd427896e9197206e3191c1b2f2aed82a511
clip_sample_006,3,1535657122762404,car,0.09848,595.58,452.31,625.42,469.79,110.67,5245220752b3b39db29e7530ff33bd427896e9197206e3191c1b2f2aed82a511
clip_sample_006,3,1535657122762404,car,0.09499,577.23,446.6,613.52,469.5,110.67,5245220752b3b39db29e7530ff33bd427896e9197206e3191c1b2f2aed82a511
clip_sample_006,3,1535657122762404,traffic light,0.0772,368.95,352.64,389.61,375.65,110.67,5245220752b3b39db29e7530ff33bd427896e9197206e3191c1b2f2aed82a511
clip_sample_006,3,1535657122762404,person,0.06077,683.87,444.44,717.41,513.39,110.67,5245220752b3b39db29e7530ff33bd427896e9197206e3191c1b2f2aed82a511
clip_sample_006,3,1535657122762404,person,0.05968,358.28,433.5,391.85,500.41,110.67,5245220752b3b39db29e7530ff33bd427896e9197206e3191c1b2f2aed82a511
clip_sample_006,3,1535657122762404,car,0.05933,503.18,441.55,562.89,491.46,110.67,5245220752b3b39db29e7530ff33bd427896e9197206e3191c1b2f2aed82a511
clip_sample_006,3,1535657122762404,traffic light,0.05789,1068.62,368.25,1081.48,396.51,110.67,5245220752b3b39db29e7530ff33bd427896e9197206e3191c1b2f2aed82a511
clip_sample_006,3,1535657122762404,bus,0.0565,645.99,414.13,701.32,467.28,110.67,5245220752b3b39db29e7530ff33bd427896e9197206e3191c1b2f2aed82a511
clip_sample_006,3,1535657122762404,person,0.05479,357.8,448.99,392.27,502.3,110.67,5245220752b3b39db29e7530ff33bd427896e9197206e3191c1b2f2aed82a511
clip_sample_006,3,1535657122762404,traffic light,0.05138,871.3,313.83,895.28,374.41,110.67,5245220752b3b39db29e7530ff33bd427896e9197206e3191c1b2f2aed82a511
clip_sample_006,4,1535657122862404,car,0.91679,693.95,448.18,988.79,545.02,96.75,45572c2dd9eb24ab78352f9b20377f25394c495b2879a49d7c19826593931a96
clip_sample_006,4,1535657122862404,car,0.91053,1332.98,435.37,1599.37,571.31,96.75,45572c2dd9eb24ab78352f9b20377f25394c495b2879a49d7c19826593931a96
clip_sample_006,4,1535657122862404,car,0.90339,132.73,469.06,500.17,586.62,96.75,45572c2dd9eb24ab78352f9b20377f25394c495b2879a49d7c19826593931a96
clip_sample_006,4,1535657122862404,car,0.84112,0.0,449.6,223.94,549.31,96.75,45572c2dd9eb24ab78352f9b20377f25394c495b2879a49d7c19826593931a96
clip_sample_006,4,1535657122862404,traffic light,0.45158,1061.71,269.13,1091.17,334.81,96.75,45572c2dd9eb24ab78352f9b20377f25394c495b2879a49d7c19826593931a96
clip_sample_006,4,1535657122862404,traffic light,0.28567,1032.24,271.42,1064.98,333.89,96.75,45572c2dd9eb24ab78352f9b20377f25394c495b2879a49d7c19826593931a96
clip_sample_006,4,1535657122862404,traffic light,0.26924,859.58,311.1,882.67,379.48,96.75,45572c2dd9eb24ab78352f9b20377f25394c495b2879a49d7c19826593931a96
clip_sample_006,4,1535657122862404,traffic light,0.26179,1062.28,271.54,1092.92,331.82,96.75,45572c2dd9eb24ab78352f9b20377f25394c495b2879a49d7c19826593931a96
clip_sample_006,4,1535657122862404,person,0.16494,670.23,441.72,711.06,509.07,96.75,45572c2dd9eb24ab78352f9b20377f25394c495b2879a49d7c19826593931a96
clip_sample_006,4,1535657122862404,traffic light,0.134,1077.93,338.4,1098.22,367.98,96.75,45572c2dd9eb24ab78352f9b20377f25394c495b2879a49d7c19826593931a96
clip_sample_006,4,1535657122862404,traffic light,0.12762,372.25,353.4,390.75,374.29,96.75,45572c2dd9eb24ab78352f9b20377f25394c495b2879a49d7c19826593931a96
clip_sample_006,4,1535657122862404,car,0.09621,591.98,464.2,674.7,521.16,96.75,45572c2dd9eb24ab78352f9b20377f25394c495b2879a49d7c19826593931a96
clip_sample_006,4,1535657122862404,traffic light,0.08279,369.19,352.43,389.14,375.26,96.75,45572c2dd9eb24ab78352f9b20377f25394c495b2879a49d7c19826593931a96
clip_sample_006,4,1535657122862404,traffic light,0.06381,865.7,312.7,896.09,375.71,96.75,45572c2dd9eb24ab78352f9b20377f25394c495b2879a49d7c19826593931a96
clip_sample_006,4,1535657122862404,bicycle,0.0637,640.24,467.15,707.14,524.24,96.75,45572c2dd9eb24ab78352f9b20377f25394c495b2879a49d7c19826593931a96
clip_sample_006,4,1535657122862404,traffic light,0.05952,1068.41,368.8,1081.26,397.07,96.75,45572c2dd9eb24ab78352f9b20377f25394c495b2879a49d7c19826593931a96
clip_sample_006,4,1535657122862404,car,0.05865,503.09,442.05,563.4,491.26,96.75,45572c2dd9eb24ab78352f9b20377f25394c495b2879a49d7c19826593931a96
clip_sample_006,4,1535657122862404,car,0.05317,573.02,441.46,624.3,469.65,96.75,45572c2dd9eb24ab78352f9b20377f25394c495b2879a49d7c19826593931a96
clip_sample_006,4,1535657122862404,car,0.05039,643.25,414.7,696.84,471.81,96.75,45572c2dd9eb24ab78352f9b20377f25394c495b2879a49d7c19826593931a96
clip_sample_006,5,1535657122912404,car,0.93053,162.18,466.79,529.63,585.53,91.07,a3b3c453813b5527d7052282c2af91f9004c821b574eef3d83eab2f89011f2ff
clip_sample_006,5,1535657122912404,car,0.91942,1363.43,435.11,1598.53,571.56,91.07,a3b3c453813b5527d7052282c2af91f9004c821b574eef3d83eab2f89011f2ff
clip_sample_006,5,1535657122912404,car,0.91191,673.99,447.44,961.92,544.34,91.07,a3b3c453813b5527d7052282c2af91f9004c821b574eef3d83eab2f89011f2ff
clip_sample_006,5,1535657122912404,car,0.83903,0.0,449.76,221.2,550.51,91.07,a3b3c453813b5527d7052282c2af91f9004c821b574eef3d83eab2f89011f2ff
clip_sample_006,5,1535657122912404,traffic light,0.40268,1031.67,272.03,1064.98,334.45,91.07,a3b3c453813b5527d7052282c2af91f9004c821b574eef3d83eab2f89011f2ff
clip_sample_006,5,1535657122912404,traffic light,0.35638,1062.6,270.81,1093.16,331.82,91.07,a3b3c453813b5527d7052282c2af91f9004c821b574eef3d83eab2f89011f2ff
clip_sample_006,5,1535657122912404,traffic light,0.30742,1061.71,268.82,1090.6,335.66,91.07,a3b3c453813b5527d7052282c2af91f9004c821b574eef3d83eab2f89011f2ff
clip_sample_006,5,1535657122912404,traffic light,0.27894,859.73,310.08,882.73,381.1,91.07,a3b3c453813b5527d7052282c2af91f9004c821b574eef3d83eab2f89011f2ff
clip_sample_006,5,1535657122912404,traffic light,0.13769,372.23,352.51,391.21,374.38,91.07,a3b3c453813b5527d7052282c2af91f9004c821b574eef3d83eab2f89011f2ff
clip_sample_006,5,1535657122912404,person,0.12624,643.89,440.98,674.87,510.94,91.07,a3b3c453813b5527d7052282c2af91f9004c821b574eef3d83eab2f89011f2ff
clip_sample_006,5,1535657122912404,traffic light,0.11579,1077.12,338.7,1095.8,367.55,91.07,a3b3c453813b5527d7052282c2af91f9004c821b574eef3d83eab2f89011f2ff
clip_sample_006,5,1535657122912404,traffic light,0.1048,369.47,350.79,389.74,375.94,91.07,a3b3c453813b5527d7052282c2af91f9004c821b574eef3d83eab2f89011f2ff
clip_sample_006,5,1535657122912404,person,0.07537,645.95,438.61,671.59,480.57,91.07,a3b3c453813b5527d7052282c2af91f9004c821b574eef3d83eab2f89011f2ff
clip_sample_006,5,1535657122912404,car,0.06839,142.76,451.94,219.45,508.63,91.07,a3b3c453813b5527d7052282c2af91f9004c821b574eef3d83eab2f89011f2ff
clip_sample_006,5,1535657122912404,person,0.06504,646.36,440.0,700.67,514.28,91.07,a3b3c453813b5527d7052282c2af91f9004c821b574eef3d83eab2f89011f2ff
clip_sample_006,5,1535657122912404,traffic light,0.05943,869.01,312.72,895.16,376.13,91.07,a3b3c453813b5527d7052282c2af91f9004c821b574eef3d83eab2f89011f2ff
clip_sample_006,5,1535657122912404,traffic light,0.05684,1069.1,367.65,1082.13,397.85,91.07,a3b3c453813b5527d7052282c2af91f9004c821b574eef3d83eab2f89011f2ff
clip_sample_006,5,1535657122912404,car,0.05185,573.75,442.52,622.4,469.64,91.07,a3b3c453813b5527d7052282c2af91f9004c821b574eef3d83eab2f89011f2ff
clip_sample_006,6,1535657123012404,car,0.93052,221.25,463.74,591.39,586.52,139.24,37a2b54686a96af1ec3488379ae0288eab5f8607626a9059775022785ffcfe42
clip_sample_006,6,1535657123012404,car,0.90076,624.09,448.88,914.94,544.21,139.24,37a2b54686a96af1ec3488379ae0288eab5f8607626a9059775022785ffcfe42
clip_sample_006,6,1535657123012404,car,0.89984,0.0,449.44,202.48,549.84,139.24,37a2b54686a96af1ec3488379ae0288eab5f8607626a9059775022785ffcfe42
clip_sample_006,6,1535657123012404,car,0.8949,1434.29,436.53,1599.2,570.46,139.24,37a2b54686a96af1ec3488379ae0288eab5f8607626a9059775022785ffcfe42
clip_sample_006,6,1535657123012404,traffic light,0.39204,1031.94,271.36,1065.62,333.84,139.24,37a2b54686a96af1ec3488379ae0288eab5f8607626a9059775022785ffcfe42
clip_sample_006,6,1535657123012404,traffic light,0.37239,1062.47,271.13,1093.34,332.46,139.24,37a2b54686a96af1ec3488379ae0288eab5f8607626a9059775022785ffcfe42
clip_sample_006,6,1535657123012404,traffic light,0.32683,1061.5,268.82,1090.88,335.32,139.24,37a2b54686a96af1ec3488379ae0288eab5f8607626a9059775022785ffcfe42
clip_sample_006,6,1535657123012404,traffic light,0.17973,859.47,310.84,883.89,380.79,139.24,37a2b54686a96af1ec3488379ae0288eab5f8607626a9059775022785ffcfe42
clip_sample_006,6,1535657123012404,person,0.17034,614.52,413.28,690.61,503.57,139.24,37a2b54686a96af1ec3488379ae0288eab5f8607626a9059775022785ffcfe42
clip_sample_006,6,1535657123012404,traffic light,0.1504,372.34,353.26,390.21,375.33,139.24,37a2b54686a96af1ec3488379ae0288eab5f8607626a9059775022785ffcfe42
clip_sample_006,6,1535657123012404,traffic light,0.14188,1076.21,338.34,1097.84,367.77,139.24,37a2b54686a96af1ec3488379ae0288eab5f8607626a9059775022785ffcfe42
clip_sample_006,6,1535657123012404,traffic light,0.0994,369.31,350.24,389.61,375.99,139.24,37a2b54686a96af1ec3488379ae0288eab5f8607626a9059775022785ffcfe42
clip_sample_006,6,1535657123012404,person,0.08537,638.74,414.97,695.42,499.21,139.24,37a2b54686a96af1ec3488379ae0288eab5f8607626a9059775022785ffcfe42
clip_sample_006,6,1535657123012404,car,0.06674,569.92,441.68,626.63,471.33,139.24,37a2b54686a96af1ec3488379ae0288eab5f8607626a9059775022785ffcfe42
clip_sample_006,6,1535657123012404,car,0.06075,501.55,440.8,563.52,491.04,139.24,37a2b54686a96af1ec3488379ae0288eab5f8607626a9059775022785ffcfe42
clip_sample_006,6,1535657123012404,person,0.05742,610.21,446.71,689.74,510.64,139.24,37a2b54686a96af1ec3488379ae0288eab5f8607626a9059775022785ffcfe42
clip_sample_006,6,1535657123012404,traffic light,0.05286,1035.15,267.44,1090.34,339.6,139.24,37a2b54686a96af1ec3488379ae0288eab5f8607626a9059775022785ffcfe42
clip_sample_006,7,1535657123112404,car,0.92896,277.92,462.56,651.56,585.84,102.9,2898b09f5820174d84ac65b5b937d3397699d83b0367f98426a4d68f00fb9765
clip_sample_006,7,1535657123112404,car,0.87497,578.25,450.56,866.12,544.25,102.9,2898b09f5820174d84ac65b5b937d3397699d83b0367f98426a4d68f00fb9765
clip_sample_006,7,1535657123112404,car,0.8071,1503.81,445.03,1599.32,557.77,102.9,2898b09f5820174d84ac65b5b937d3397699d83b0367f98426a4d68f00fb9765
clip_sample_006,7,1535657123112404,car,0.61959,0.0,452.05,132.82,549.87,102.9,2898b09f5820174d84ac65b5b937d3397699d83b0367f98426a4d68f00fb9765
clip_sample_006,7,1535657123112404,car,0.48946,0.0,449.28,166.2,549.65,102.9,2898b09f5820174d84ac65b5b937d3397699d83b0367f98426a4d68f00fb9765
clip_sample_006,7,1535657123112404,traffic light,0.37996,1061.97,268.7,1091.25,334.74,102.9,2898b09f5820174d84ac65b5b937d3397699d83b0367f98426a4d68f00fb9765
clip_sample_006,7,1535657123112404,traffic light,0.32235,1062.77,271.17,1093.34,331.66,102.9,2898b09f5820174d84ac65b5b937d3397699d83b0367f98426a4d68f00fb9765
clip_sample_006,7,1535657123112404,traffic light,0.27471,1031.52,271.64,1065.13,333.09,102.9,2898b09f5820174d84ac65b5b937d3397699d83b0367f98426a4d68f00fb9765
clip_sample_006,7,1535657123112404,traffic light,0.20301,860.33,311.47,881.73,380.6,102.9,2898b09f5820174d84ac65b5b937d3397699d83b0367f98426a4d68f00fb9765
clip_sample_006,7,1535657123112404,traffic light,0.14979,371.85,353.09,390.8,374.76,102.9,2898b09f5820174d84ac65b5b937d3397699d83b0367f98426a4d68f00fb9765
clip_sample_006,7,1535657123112404,traffic light,0.14078,1077.45,337.91,1098.6,369.0,102.9,2898b09f5820174d84ac65b5b937d3397699d83b0367f98426a4d68f00fb9765
clip_sample_006,7,1535657123112404,car,0.12804,561.54,438.66,629.16,492.39,102.9,2898b09f5820174d84ac65b5b937d3397699d83b0367f98426a4d68f00fb9765
clip_sample_006,7,1535657123112404,car,0.12271,490.26,440.44,635.56,491.33,102.9,2898b09f5820174d84ac65b5b937d3397699d83b0367f98426a4d68f00fb9765
clip_sample_006,7,1535657123112404,traffic light,0.11952,369.3,351.27,389.28,375.75,102.9,2898b09f5820174d84ac65b5b937d3397699d83b0367f98426a4d68f00fb9765
clip_sample_006,7,1535657123112404,car,0.09547,75.17,450.48,163.59,544.73,102.9,2898b09f5820174d84ac65b5b937d3397699d83b0367f98426a4d68f00fb9765
clip_sample_006,7,1535657123112404,traffic light,0.05491,495.68,361.26,514.65,390.88,102.9,2898b09f5820174d84ac65b5b937d3397699d83b0367f98426a4d68f00fb9765
clip_sample_006,7,1535657123112404,car,0.0508,497.1,442.94,561.83,486.28,102.9,2898b09f5820174d84ac65b5b937d3397699d83b0367f98426a4d68f00fb9765
clip_sample_006,8,1535657123162404,car,0.93021,309.37,461.56,678.68,585.61,98.71,497fb930c6fca2ecf11cdc177d34aec7c163c99a86ce2aed6a39a86ae81c83fb
clip_sample_006,8,1535657123162404,car,0.86568,625.48,451.42,837.84,546.07,98.71,497fb930c6fca2ecf11cdc177d34aec7c163c99a86ce2aed6a39a86ae81c83fb
clip_sample_006,8,1535657123162404,car,0.82699,0.02,451.46,148.22,549.45,98.71,497fb930c6fca2ecf11cdc177d34aec7c163c99a86ce2aed6a39a86ae81c83fb
clip_sample_006,8,1535657123162404,car,0.81813,1536.68,460.75,1599.36,549.56,98.71,497fb930c6fca2ecf11cdc177d34aec7c163c99a86ce2aed6a39a86ae81c83fb
clip_sample_006,8,1535657123162404,traffic light,0.38772,1061.53,269.17,1090.99,334.54,98.71,497fb930c6fca2ecf11cdc177d34aec7c163c99a86ce2aed6a39a86ae81c83fb
clip_sample_006,8,1535657123162404,traffic light,0.32589,1031.99,271.46,1065.07,333.15,98.71,497fb930c6fca2ecf11cdc177d34aec7c163c99a86ce2aed6a39a86ae81c83fb
clip_sample_006,8,1535657123162404,traffic light,0.31395,1062.53,271.73,1093.0,331.49,98.71,497fb930c6fca2ecf11cdc177d34aec7c163c99a86ce2aed6a39a86ae81c83fb
clip_sample_006,8,1535657123162404,traffic light,0.20886,859.88,310.82,882.81,378.03,98.71,497fb930c6fca2ecf11cdc177d34aec7c163c99a86ce2aed6a39a86ae81c83fb
clip_sample_006,8,1535657123162404,person,0.15865,597.26,440.24,632.8,488.99,98.71,497fb930c6fca2ecf11cdc177d34aec7c163c99a86ce2aed6a39a86ae81c83fb
clip_sample_006,8,1535657123162404,traffic light,0.13884,371.9,353.53,390.01,374.11,98.71,497fb930c6fca2ecf11cdc177d34aec7c163c99a86ce2aed6a39a86ae81c83fb
clip_sample_006,8,1535657123162404,traffic light,0.12755,1078.66,338.18,1096.67,368.25,98.71,497fb930c6fca2ecf11cdc177d34aec7c163c99a86ce2aed6a39a86ae81c83fb
clip_sample_006,8,1535657123162404,person,0.09171,864.72,422.05,887.81,496.81,98.71,497fb930c6fca2ecf11cdc177d34aec7c163c99a86ce2aed6a39a86ae81c83fb
clip_sample_006,8,1535657123162404,traffic light,0.09085,369.33,352.05,388.35,374.5,98.71,497fb930c6fca2ecf11cdc177d34aec7c163c99a86ce2aed6a39a86ae81c83fb
clip_sample_006,8,1535657123162404,traffic light,0.07561,1068.57,369.17,1082.23,396.45,98.71,497fb930c6fca2ecf11cdc177d34aec7c163c99a86ce2aed6a39a86ae81c83fb
clip_sample_006,8,1535657123162404,traffic light,0.05785,858.43,317.63,876.04,382.25,98.71,497fb930c6fca2ecf11cdc177d34aec7c163c99a86ce2aed6a39a86ae81c83fb
clip_sample_006,8,1535657123162404,person,0.05476,602.63,443.85,639.87,488.79,98.71,497fb930c6fca2ecf11cdc177d34aec7c163c99a86ce2aed6a39a86ae81c83fb
clip_sample_006,8,1535657123162404,traffic light,0.05082,865.51,312.69,895.57,372.83,98.71,497fb930c6fca2ecf11cdc177d34aec7c163c99a86ce2aed6a39a86ae81c83fb
clip_sample_006,8,1535657123162404,traffic light,0.05018,826.35,405.64,834.41,425.16,98.71,497fb930c6fca2ecf11cdc177d34aec7c163c99a86ce2aed6a39a86ae81c83fb
clip_sample_006,9,1535657123262404,car,0.91997,369.33,460.19,747.22,585.94,87.83,0384cf49260f0c6f28cdf772d50812be5c33221a98c1467f5f3a7cf64e3cefe5
clip_sample_006,9,1535657123262404,car,0.84998,1468.54,455.31,1599.75,538.04,87.83,0384cf49260f0c6f28cdf772d50812be5c33221a98c1467f5f3a7cf64e3cefe5
clip_sample_006,9,1535657123262404,car,0.72115,608.87,452.05,787.4,536.61,87.83,0384cf49260f0c6f28cdf772d50812be5c33221a98c1467f5f3a7cf64e3cefe5
clip_sample_006,9,1535657123262404,car,0.68686,0.47,454.6,111.55,549.74,87.83,0384cf49260f0c6f28cdf772d50812be5c33221a98c1467f5f3a7cf64e3cefe5
clip_sample_006,9,1535657123262404,traffic light,0.3218,1031.89,272.26,1064.71,333.37,87.83,0384cf49260f0c6f28cdf772d50812be5c33221a98c1467f5f3a7cf64e3cefe5
clip_sample_006,9,1535657123262404,car,0.30462,610.57,452.83,787.1,536.48,87.83,0384cf49260f0c6f28cdf772d50812be5c33221a98c1467f5f3a7cf64e3cefe5
clip_sample_006,9,1535657123262404,traffic light,0.2983,1062.51,271.01,1093.56,332.07,87.83,0384cf49260f0c6f28cdf772d50812be5c33221a98c1467f5f3a7cf64e3cefe5
clip_sample_006,9,1535657123262404,traffic light,0.28798,1062.89,270.84,1096.06,367.09,87.83,0384cf49260f0c6f28cdf772d50812be5c33221a98c1467f5f3a7cf64e3cefe5
clip_sample_006,9,1535657123262404,traffic light,0.24859,860.45,310.83,883.07,381.07,87.83,0384cf49260f0c6f28cdf772d50812be5c33221a98c1467f5f3a7cf64e3cefe5
clip_sample_006,9,1535657123262404,traffic light,0.21448,1061.84,269.51,1090.85,332.89,87.83,0384cf49260f0c6f28cdf772d50812be5c33221a98c1467f5f3a7cf64e3cefe5
clip_sample_006,9,1535657123262404,car,0.14701,0.0,470.75,63.41,546.93,87.83,0384cf49260f0c6f28cdf772d50812be5c33221a98c1467f5f3a7cf64e3cefe5
clip_sample_006,9,1535657123262404,person,0.13016,865.53,424.13,888.57,497.6,87.83,0384cf49260f0c6f28cdf772d50812be5c33221a98c1467f5f3a7cf64e3cefe5
clip_sample_006,9,1535657123262404,traffic light,0.12565,372.74,353.36,390.87,374.05,87.83,0384cf49260f0c6f28cdf772d50812be5c33221a98c1467f5f3a7cf64e3cefe5
clip_sample_006,9,1535657123262404,traffic light,0.1049,1077.81,338.84,1097.69,368.0,87.83,0384cf49260f0c6f28cdf772d50812be5c33221a98c1467f5f3a7cf64e3cefe5
clip_sample_006,9,1535657123262404,car,0.08998,0.0,458.34,74.06,547.29,87.83,0384cf49260f0c6f28cdf772d50812be5c33221a98c1467f5f3a7cf64e3cefe5
clip_sample_006,9,1535657123262404,traffic light,0.07108,858.47,316.13,877.72,383.24,87.83,0384cf49260f0c6f28cdf772d50812be5c33221a98c1467f5f3a7cf64e3cefe5
clip_sample_006,9,1535657123262404,traffic light,0.07009,868.17,312.97,895.85,373.99,87.83,0384cf49260f0c6f28cdf772d50812be5c33221a98c1467f5f3a7cf64e3cefe5
clip_sample_006,9,1535657123262404,traffic light,0.06711,722.33,284.19,750.15,355.64,87.83,0384cf49260f0c6f28cdf772d50812be5c33221a98c1467f5f3a7cf64e3cefe5
clip_sample_006,9,1535657123262404,traffic light,0.05759,369.76,352.16,389.34,374.93,87.83,0384cf49260f0c6f28cdf772d50812be5c33221a98c1467f5f3a7cf64e3cefe5
clip_sample_006,10,1535657123362404,car,0.91943,432.67,453.64,812.83,584.82,91.91,c1cd8bb9fe706b2cdd1cc9c9ad1f410f45ad317cddc3247f0376dec31c4eec1e
clip_sample_006,10,1535657123362404,car,0.88046,1408.58,434.39,1599.32,540.08,91.91,c1cd8bb9fe706b2cdd1cc9c9ad1f410f45ad317cddc3247f0376dec31c4eec1e
clip_sample_006,10,1535657123362404,traffic light,0.4022,1062.78,271.73,1092.93,332.39,91.91,c1cd8bb9fe706b2cdd1cc9c9ad1f410f45ad317cddc3247f0376dec31c4eec1e
clip_sample_006,10,1535657123362404,traffic light,0.38994,1032.4,271.99,1065.23,334.28,91.91,c1cd8bb9fe706b2cdd1cc9c9ad1f410f45ad317cddc3247f0376dec31c4eec1e
clip_sample_006,10,1535657123362404,car,0.35455,0.0,455.88,74.72,548.37,91.91,c1cd8bb9fe706b2cdd1cc9c9ad1f410f45ad317cddc3247f0376dec31c4eec1e
clip_sample_006,10,1535657123362404,traffic light,0.33923,1062.14,269.64,1090.88,335.67,91.91,c1cd8bb9fe706b2cdd1cc9c9ad1f410f45ad317cddc3247f0376dec31c4eec1e
clip_sample_006,10,1535657123362404,traffic light,0.19506,860.58,312.64,881.93,378.79,91.91,c1cd8bb9fe706b2cdd1cc9c9ad1f410f45ad317cddc3247f0376dec31c4eec1e
clip_sample_006,10,1535657123362404,traffic light,0.12582,372.24,353.33,390.71,373.52,91.91,c1cd8bb9fe706b2cdd1cc9c9ad1f410f45ad317cddc3247f0376dec31c4eec1e
clip_sample_006,10,1535657123362404,traffic light,0.11545,1074.1,336.79,1097.25,368.09,91.91,c1cd8bb9fe706b2cdd1cc9c9ad1f410f45ad317cddc3247f0376dec31c4eec1e
clip_sample_006,10,1535657123362404,traffic light,0.10689,858.62,318.14,876.56,382.36,91.91,c1cd8bb9fe706b2cdd1cc9c9ad1f410f45ad317cddc3247f0376dec31c4eec1e
clip_sample_006,10,1535657123362404,traffic light,0.08013,867.03,314.61,895.52,373.58,91.91,c1cd8bb9fe706b2cdd1cc9c9ad1f410f45ad317cddc3247f0376dec31c4eec1e
clip_sample_006,10,1535657123362404,person,0.07646,865.3,424.43,887.88,496.67,91.91,c1cd8bb9fe706b2cdd1cc9c9ad1f410f45ad317cddc3247f0376dec31c4eec1e
clip_sample_006,10,1535657123362404,truck,0.07629,0.0,455.88,74.72,548.37,91.91,c1cd8bb9fe706b2cdd1cc9c9ad1f410f45ad317cddc3247f0376dec31c4eec1e
clip_sample_006,10,1535657123362404,traffic light,0.06869,369.19,352.39,389.13,374.78,91.91,c1cd8bb9fe706b2cdd1cc9c9ad1f410f45ad317cddc3247f0376dec31c4eec1e
clip_sample_006,11,1535657123412404,car,0.91751,457.38,454.08,845.72,583.88,105.21,431ea0c1e72f3a69248ce116912185ce41e8cbefe010c927d61f126e49b135fe
clip_sample_006,11,1535657123412404,car,0.90513,1379.65,430.28,1598.95,540.2,105.21,431ea0c1e72f3a69248ce116912185ce41e8cbefe010c927d61f126e49b135fe
clip_sample_006,11,1535657123412404,traffic light,0.42752,1061.48,268.99,1091.18,333.99,105.21,431ea0c1e72f3a69248ce116912185ce41e8cbefe010c927d61f126e49b135fe
clip_sample_006,11,1535657123412404,traffic light,0.25718,1032.03,271.66,1065.01,333.95,105.21,431ea0c1e72f3a69248ce116912185ce41e8cbefe010c927d61f126e49b135fe
clip_sample_006,11,1535657123412404,traffic light,0.23984,859.66,311.94,880.77,379.47,105.21,431ea0c1e72f3a69248ce116912185ce41e8cbefe010c927d61f126e49b135fe
clip_sample_006,11,1535657123412404,car,0.22825,0.25,483.23,53.09,545.99,105.21,431ea0c1e72f3a69248ce116912185ce41e8cbefe010c927d61f126e49b135fe
clip_sample_006,11,1535657123412404,traffic light,0.22727,1062.12,271.51,1093.02,331.07,105.21,431ea0c1e72f3a69248ce116912185ce41e8cbefe010c927d61f126e49b135fe
clip_sample_006,11,1535657123412404,car,0.19095,0.45,478.23,69.9,547.79,105.21,431ea0c1e72f3a69248ce116912185ce41e8cbefe010c927d61f126e49b135fe
clip_sample_006,11,1535657123412404,person,0.17298,864.96,423.03,888.54,497.24,105.21,431ea0c1e72f3a69248ce116912185ce41e8cbefe010c927d61f126e49b135fe
clip_sample_006,11,1535657123412404,traffic light,0.13222,1073.64,336.45,1098.6,369.77,105.21,431ea0c1e72f3a69248ce116912185ce41e8cbefe010c927d61f126e49b135fe
clip_sample_006,11,1535657123412404,car,0.11611,438.65,493.56,481.86,541.09,105.21,431ea0c1e72f3a69248ce116912185ce41e8cbefe010c927d61f126e49b135fe
clip_sample_006,11,1535657123412404,traffic light,0.10918,372.52,353.83,390.43,373.2,105.21,431ea0c1e72f3a69248ce116912185ce41e8cbefe010c927d61f126e49b135fe
clip_sample_006,11,1535657123412404,traffic light,0.07361,857.65,317.62,877.01,382.63,105.21,431ea0c1e72f3a69248ce116912185ce41e8cbefe010c927d61f126e49b135fe
clip_sample_006,11,1535657123412404,traffic light,0.06928,369.16,351.76,388.9,374.19,105.21,431ea0c1e72f3a69248ce116912185ce41e8cbefe010c927d61f126e49b135fe
clip_sample_006,12,1535657123512404,car,0.91145,1313.39,431.33,1600.0,539.91,97.89,c5bf69191d5be209edba891598df6cb840e90b7f8d25a7fce42e7ce533d6be42
clip_sample_006,12,1535657123512404,car,0.87512,397.78,455.79,610.28,547.14,97.89,c5bf69191d5be209edba891598df6cb840e90b7f8d25a7fce42e7ce533d6be42
clip_sample_006,12,1535657123512404,car,0.80104,527.8,454.88,912.13,584.64,97.89,c5bf69191d5be209edba891598df6cb840e90b7f8d25a7fce42e7ce533d6be42
clip_sample_006,12,1535657123512404,car,0.39524,529.47,454.54,913.58,584.78,97.89,c5bf69191d5be209edba891598df6cb840e90b7f8d25a7fce42e7ce533d6be42
clip_sample_006,12,1535657123512404,traffic light,0.39496,1032.57,271.54,1064.62,333.7,97.89,c5bf69191d5be209edba891598df6cb840e90b7f8d25a7fce42e7ce533d6be42
clip_sample_006,12,1535657123512404,traffic light,0.38596,1062.39,271.32,1093.47,331.85,97.89,c5bf69191d5be209edba891598df6cb840e90b7f8d25a7fce42e7ce533d6be42
clip_sample_006,12,1535657123512404,traffic light,0.3173,1061.58,268.86,1090.74,335.08,97.89,c5bf69191d5be209edba891598df6cb840e90b7f8d25a7fce42e7ce533d6be42
clip_sample_006,12,1535657123512404,traffic light,0.22986,859.74,310.76,882.18,382.24,97.89,c5bf69191d5be209edba891598df6cb840e90b7f8d25a7fce42e7ce533d6be42
clip_sample_006,12,1535657123512404,person,0.15835,864.46,422.07,888.4,495.26,97.89,c5bf69191d5be209edba891598df6cb840e90b7f8d25a7fce42e7ce533d6be42
clip_sample_006,12,1535657123512404,traffic light,0.12623,1077.17,338.36,1097.67,368.39,97.89,c5bf69191d5be209edba891598df6cb840e90b7f8d25a7fce42e7ce533d6be42
clip_sample_006,12,1535657123512404,traffic light,0.11134,373.1,354.1,390.73,374.81,97.89,c5bf69191d5be209edba891598df6cb840e90b7f8d25a7fce42e7ce533d6be42
clip_sample_006,12,1535657123512404,traffic light,0.07517,370.2,353.15,388.68,376.39,97.89,c5bf69191d5be209edba891598df6cb840e90b7f8d25a7fce42e7ce533d6be42
clip_sample_006,12,1535657123512404,traffic light,0.05109,1035.75,267.47,1089.71,338.65,97.89,c5bf69191d5be209edba891598df6cb840e90b7f8d25a7fce42e7ce533d6be42
clip_sample_006,13,1535657123612404,car,0.92965,1253.1,432.41,1599.87,541.65,95.56,8abd252f761ba14dc4343332037febab185ddf96ff8f1236ecb16addc792d333
clip_sample_006,13,1535657123612404,car,0.91487,590.48,453.63,981.76,584.56,95.56,8abd252f761ba14dc4343332037febab185ddf96ff8f1236ecb16addc792d333
clip_sample_006,13,1535657123612404,car,0.89782,355.76,456.11,611.03,547.43,95.56,8abd252f761ba14dc4343332037febab185ddf96ff8f1236ecb16addc792d333
clip_sample_006,13,1535657123612404,traffic light,0.37927,1062.6,271.65,1093.5,332.01,95.56,8abd252f761ba14dc4343332037febab185ddf96ff8f1236ecb16addc792d333
clip_sample_006,13,1535657123612404,traffic light,0.3504,1061.74,269.37,1091.27,335.84,95.56,8abd252f761ba14dc4343332037febab185ddf96ff8f1236ecb16addc792d333
clip_sample_006,13,1535657123612404,traffic light,0.30017,1031.67,271.99,1064.79,333.92,95.56,8abd252f761ba14dc4343332037febab185ddf96ff8f1236ecb16addc792d333
clip_sample_006,13,1535657123612404,traffic light,0.14567,859.89,311.27,882.29,381.82,95.56,8abd252f761ba14dc4343332037febab185ddf96ff8f1236ecb16addc792d333
clip_sample_006,13,1535657123612404,traffic light,0.13208,1075.91,336.59,1098.51,368.56,95.56,8abd252f761ba14dc4343332037febab185ddf96ff8f1236ecb16addc792d333
clip_sample_006,13,1535657123612404,traffic light,0.12709,372.49,353.46,390.83,373.83,95.56,8abd252f761ba14dc4343332037febab185ddf96ff8f1236ecb16addc792d333
clip_sample_006,13,1535657123612404,traffic light,0.07879,369.09,351.9,389.78,374.78,95.56,8abd252f761ba14dc4343332037febab185ddf96ff8f1236ecb16addc792d333
clip_sample_006,13,1535657123612404,traffic light,0.07871,722.78,282.22,749.82,354.08,95.56,8abd252f761ba14dc4343332037febab185ddf96ff8f1236ecb16addc792d333
clip_sample_006,13,1535657123612404,traffic light,0.07523,1063.73,270.03,1095.72,368.58,95.56,8abd252f761ba14dc4343332037febab185ddf96ff8f1236ecb16addc792d333
clip_sample_006,13,1535657123612404,person,0.06659,865.12,420.03,887.55,489.4,95.56,8abd252f761ba14dc4343332037febab185ddf96ff8f1236ecb16addc792d333
clip_sample_006,13,1535657123612404,traffic light,0.05085,857.78,316.41,877.28,383.97,95.56,8abd252f761ba14dc4343332037febab185ddf96ff8f1236ecb16addc792d333
clip_sample_006,14,1535657123662404,car,0.94272,1224.46,433.98,1599.52,541.51,157.81,e9da10623307ebb4abc155a843ef343a26cc7ed3a0125343076458f01582dfa7
clip_sample_006,14,1535657123662404,car,0.93076,623.77,454.4,1017.84,583.86,157.81,e9da10623307ebb4abc155a843ef343a26cc7ed3a0125343076458f01582dfa7
clip_sample_006,14,1535657123662404,car,0.88421,336.03,458.04,615.37,547.64,157.81,e9da10623307ebb4abc155a843ef343a26cc7ed3a0125343076458f01582dfa7
clip_sample_006,14,1535657123662404,traffic light,0.32159,858.94,309.57,883.05,381.02,157.81,e9da10623307ebb4abc155a843ef343a26cc7ed3a0125343076458f01582dfa7
clip_sample_006,14,1535657123662404,traffic light,0.29737,1060.77,269.54,1090.34,333.57,157.81,e9da10623307ebb4abc155a843ef343a26cc7ed3a0125343076458f01582dfa7
clip_sample_006,14,1535657123662404,traffic light,0.28534,1031.84,271.68,1064.93,333.43,157.81,e9da10623307ebb4abc155a843ef343a26cc7ed3a0125343076458f01582dfa7
clip_sample_006,14,1535657123662404,traffic light,0.25973,1062.23,271.86,1093.05,331.99,157.81,e9da10623307ebb4abc155a843ef343a26cc7ed3a0125343076458f01582dfa7
clip_sample_006,14,1535657123662404,car,0.22269,606.8,453.07,686.88,517.29,157.81,e9da10623307ebb4abc155a843ef343a26cc7ed3a0125343076458f01582dfa7
clip_sample_006,14,1535657123662404,traffic light,0.19051,1063.59,270.73,1095.39,367.3,157.81,e9da10623307ebb4abc155a843ef343a26cc7ed3a0125343076458f01582dfa7
clip_sample_006,14,1535657123662404,traffic light,0.1406,371.59,353.05,390.77,373.74,157.81,e9da10623307ebb4abc155a843ef343a26cc7ed3a0125343076458f01582dfa7
clip_sample_006,14,1535657123662404,traffic light,0.11556,1077.72,338.44,1098.51,368.22,157.81,e9da10623307ebb4abc155a843ef343a26cc7ed3a0125343076458f01582dfa7
clip_sample_006,14,1535657123662404,car,0.08434,608.56,450.44,695.01,516.0,157.81,e9da10623307ebb4abc155a843ef343a26cc7ed3a0125343076458f01582dfa7
clip_sample_006,14,1535657123662404,traffic light,0.06706,865.35,312.31,895.04,375.67,157.81,e9da10623307ebb4abc155a843ef343a26cc7ed3a0125343076458f01582dfa7
clip_sample_006,14,1535657123662404,traffic light,0.06273,368.91,352.17,389.7,374.24,157.81,e9da10623307ebb4abc155a843ef343a26cc7ed3a0125343076458f01582dfa7
clip_sample_006,14,1535657123662404,car,0.05945,565.26,441.34,624.12,471.85,157.81,e9da10623307ebb4abc155a843ef343a26cc7ed3a0125343076458f01582dfa7
clip_sample_006,15,1535657123762404,car,0.91861,690.14,453.66,1090.14,584.78,105.02,0927912b5b90f26e36cd1177ab5936eee9df5ff6df127ab8b17a400ce0708b48
clip_sample_006,15,1535657123762404,car,0.90471,294.79,459.53,570.77,548.11,105.02,0927912b5b90f26e36cd1177ab5936eee9df5ff6df127ab8b17a400ce0708b48
clip_sample_006,15,1535657123762404,car,0.90046,1161.1,434.15,1538.13,542.63,105.02,0927912b5b90f26e36cd1177ab5936eee9df5ff6df127ab8b17a400ce0708b48
clip_sample_006,15,1535657123762404,car,0.40392,1163.26,434.27,1538.8,542.84,105.02,0927912b5b90f26e36cd1177ab5936eee9df5ff6df127ab8b17a400ce0708b48
clip_sample_006,15,1535657123762404,traffic light,0.31124,1062.6,271.05,1096.26,367.93,105.02,0927912b5b90f26e36cd1177ab5936eee9df5ff6df127ab8b17a400ce0708b48
clip_sample_006,15,1535657123762404,traffic light,0.25398,1062.01,271.0,1093.86,333.89,105.02,0927912b5b90f26e36cd1177ab5936eee9df5ff6df127ab8b17a400ce0708b48
clip_sample_006,15,1535657123762404,traffic light,0.25338,1061.12,269.01,1091.0,333.19,105.02,0927912b5b90f26e36cd1177ab5936eee9df5ff6df127ab8b17a400ce0708b48
clip_sample_006,15,1535657123762404,traffic light,0.22495,1031.4,271.6,1065.05,334.59,105.02,0927912b5b90f26e36cd1177ab5936eee9df5ff6df127ab8b17a400ce0708b48
clip_sample_006,15,1535657123762404,traffic light,0.18519,860.22,310.63,882.96,376.06,105.02,0927912b5b90f26e36cd1177ab5936eee9df5ff6df127ab8b17a400ce0708b48
clip_sample_006,15,1535657123762404,traffic light,0.16925,372.23,353.37,391.02,374.89,105.02,0927912b5b90f26e36cd1177ab5936eee9df5ff6df127ab8b17a400ce0708b48
clip_sample_006,15,1535657123762404,traffic light,0.11598,369.63,351.82,389.46,375.95,105.02,0927912b5b90f26e36cd1177ab5936eee9df5ff6df127ab8b17a400ce0708b48
clip_sample_006,15,1535657123762404,traffic light,0.10601,1077.02,338.25,1099.59,368.29,105.02,0927912b5b90f26e36cd1177ab5936eee9df5ff6df127ab8b17a400ce0708b48
clip_sample_006,15,1535657123762404,car,0.08919,570.67,447.58,615.91,470.4,105.02,0927912b5b90f26e36cd1177ab5936eee9df5ff6df127ab8b17a400ce0708b48
clip_sample_006,15,1535657123762404,car,0.08483,642.02,448.51,685.94,468.2,105.02,0927912b5b90f26e36cd1177ab5936eee9df5ff6df127ab8b17a400ce0708b48
clip_sample_006,15,1535657123762404,car,0.08412,641.62,418.45,687.97,465.64,105.02,0927912b5b90f26e36cd1177ab5936eee9df5ff6df127ab8b17a400ce0708b48
clip_sample_006,15,1535657123762404,traffic light,0.07478,496.0,363.17,513.76,388.45,105.02,0927912b5b90f26e36cd1177ab5936eee9df5ff6df127ab8b17a400ce0708b48
clip_sample_006,15,1535657123762404,truck,0.0677,641.62,418.45,687.97,465.64,105.02,0927912b5b90f26e36cd1177ab5936eee9df5ff6df127ab8b17a400ce0708b48
clip_sample_006,15,1535657123762404,car,0.06099,590.9,456.18,759.39,521.52,105.02,0927912b5b90f26e36cd1177ab5936eee9df5ff6df127ab8b17a400ce0708b48
clip_sample_006,15,1535657123762404,traffic light,0.05236,866.86,312.25,896.12,371.68,105.02,0927912b5b90f26e36cd1177ab5936eee9df5ff6df127ab8b17a400ce0708b48
clip_sample_006,16,1535657123862404,car,0.93081,1101.85,435.62,1468.13,542.77,112.16,f0ce1b2dc375b914107470ed99f37b2b0bed36e36378821deccbdd8288576d15
clip_sample_006,16,1535657123862404,car,0.90539,255.8,460.87,531.34,549.34,112.16,f0ce1b2dc375b914107470ed99f37b2b0bed36e36378821deccbdd8288576d15
clip_sample_006,16,1535657123862404,car,0.88245,755.79,451.92,1159.06,584.85,112.16,f0ce1b2dc375b914107470ed99f37b2b0bed36e36378821deccbdd8288576d15
clip_sample_006,16,1535657123862404,traffic light,0.3753,1061.9,269.15,1090.65,335.97,112.16,f0ce1b2dc375b914107470ed99f37b2b0bed36e36378821deccbdd8288576d15
clip_sample_006,16,1535657123862404,traffic light,0.30752,1032.2,271.43,1065.23,334.35,112.16,f0ce1b2dc375b914107470ed99f37b2b0bed36e36378821deccbdd8288576d15
clip_sample_006,16,1535657123862404,traffic light,0.2905,1062.63,271.6,1092.97,331.93,112.16,f0ce1b2dc375b914107470ed99f37b2b0bed36e36378821deccbdd8288576d15
clip_sample_006,16,1535657123862404,traffic light,0.24786,859.04,310.56,882.36,382.25,112.16,f0ce1b2dc375b914107470ed99f37b2b0bed36e36378821deccbdd8288576d15
clip_sample_006,16,1535657123862404,car,0.19579,494.3,440.81,564.12,488.06,112.16,f0ce1b2dc375b914107470ed99f37b2b0bed36e36378821deccbdd8288576d15
clip_sample_006,16,1535657123862404,traffic light,0.16584,371.91,353.94,390.17,373.75,112.16,f0ce1b2dc375b914107470ed99f37b2b0bed36e36378821deccbdd8288576d15
clip_sample_006,16,1535657123862404,car,0.1542,640.99,418.21,688.41,465.14,112.16,f0ce1b2dc375b914107470ed99f37b2b0bed36e36378821deccbdd8288576d15
clip_sample_006,16,1535657123862404,car,0.12625,589.67,446.6,625.22,469.35,112.16,f0ce1b2dc375b914107470ed99f37b2b0bed36e36378821deccbdd8288576d15
clip_sample_006,16,1535657123862404,traffic light,0.12433,1078.33,338.39,1096.92,367.23,112.16,f0ce1b2dc375b914107470ed99f37b2b0bed36e36378821deccbdd8288576d15
clip_sample_006,16,1535657123862404,traffic light,0.12331,369.0,352.26,388.87,374.51,112.16,f0ce1b2dc375b914107470ed99f37b2b0bed36e36378821deccbdd8288576d15
clip_sample_006,16,1535657123862404,truck,0.11811,640.99,418.21,688.41,465.14,112.16,f0ce1b2dc375b914107470ed99f37b2b0bed36e36378821deccbdd8288576d15
clip_sample_006,16,1535657123862404,car,0.10743,572.86,443.12,622.46,470.72,112.16,f0ce1b2dc375b914107470ed99f37b2b0bed36e36378821deccbdd8288576d15
clip_sample_006,16,1535657123862404,traffic light,0.08102,857.87,319.37,877.72,383.79,112.16,f0ce1b2dc375b914107470ed99f37b2b0bed36e36378821deccbdd8288576d15
clip_sample_006,16,1535657123862404,traffic light,0.07657,1064.08,270.11,1094.86,366.43,112.16,f0ce1b2dc375b914107470ed99f37b2b0bed36e36378821deccbdd8288576d15
clip_sample_006,16,1535657123862404,bus,0.05248,640.99,418.21,688.41,465.14,112.16,f0ce1b2dc375b914107470ed99f37b2b0bed36e36378821deccbdd8288576d15
clip_sample_006,17,1535657123912404,car,0.91095,237.15,459.91,510.96,549.53,99.06,309c1389b2348cab2e6b198f43a87044bc0c5ce4827c7bb4517413ca4d780faa
clip_sample_006,17,1535657123912404,car,0.88731,790.74,449.81,1195.37,584.74,99.06,309c1389b2348cab2e6b198f43a87044bc0c5ce4827c7bb4517413ca4d780faa
clip_sample_006,17,1535657123912404,car,0.78315,1128.38,436.46,1435.09,541.55,99.06,309c1389b2348cab2e6b198f43a87044bc0c5ce4827c7bb4517413ca4d780faa
clip_sample_006,17,1535657123912404,traffic light,0.34926,1062.85,270.73,1095.86,367.86,99.06,309c1389b2348cab2e6b198f43a87044bc0c5ce4827c7bb4517413ca4d780faa
clip_sample_006,17,1535657123912404,traffic light,0.23648,1062.18,270.72,1093.66,334.04,99.06,309c1389b2348cab2e6b198f43a87044bc0c5ce4827c7bb4517413ca4d780faa
clip_sample_006,17,1535657123912404,traffic light,0.20505,1031.69,271.39,1064.97,333.1,99.06,309c1389b2348cab2e6b198f43a87044bc0c5ce4827c7bb4517413ca4d780faa
clip_sample_006,17,1535657123912404,traffic light,0.19986,860.43,311.52,882.72,378.1,99.06,309c1389b2348cab2e6b198f43a87044bc0c5ce4827c7bb4517413ca4d780faa
clip_sample_006,17,1535657123912404,traffic light,0.17904,1061.43,268.75,1090.95,332.8,99.06,309c1389b2348cab2e6b198f43a87044bc0c5ce4827c7bb4517413ca4d780faa
clip_sample_006,17,1535657123912404,car,0.16651,641.34,417.9,687.61,464.75,99.06,309c1389b2348cab2e6b198f43a87044bc0c5ce4827c7bb4517413ca4d780faa
clip_sample_006,17,1535657123912404,traffic light,0.15126,372.5,353.81,390.46,375.09,99.06,309c1389b2348cab2e6b198f43a87044bc0c5ce4827c7bb4517413ca4d780faa
clip_sample_006,17,1535657123912404,car,0.12431,499.44,440.69,563.82,491.07,99.06,309c1389b2348cab2e6b198f43a87044bc0c5ce4827c7bb4517413ca4d780faa
clip_sample_006,17,1535657123912404,truck,0.11402,641.34,417.9,687.61,464.75,99.06,309c1389b2348cab2e6b198f43a87044bc0c5ce4827c7bb4517413ca4d780faa
clip_sample_006,17,1535657123912404,car,0.0989,571.86,441.15,622.42,471.78,99.06,309c1389b2348cab2e6b198f43a87044bc0c5ce4827c7bb4517413ca4d780faa
clip_sample_006,17,1535657123912404,traffic light,0.09489,1079.22,339.48,1097.51,367.99,99.06,309c1389b2348cab2e6b198f43a87044bc0c5ce4827c7bb4517413ca4d780faa
clip_sample_006,17,1535657123912404,traffic light,0.08897,369.62,351.84,388.83,376.1,99.06,309c1389b2348cab2e6b198f43a87044bc0c5ce4827c7bb4517413ca4d780faa
clip_sample_006,17,1535657123912404,car,0.08463,589.36,444.52,625.83,469.54,99.06,309c1389b2348cab2e6b198f43a87044bc0c5ce4827c7bb4517413ca4d780faa
clip_sample_006,17,1535657123912404,traffic light,0.05689,869.79,314.79,895.89,372.62,99.06,309c1389b2348cab2e6b198f43a87044bc0c5ce4827c7bb4517413ca4d780faa
clip_sample_006,17,1535657123912404,traffic light,0.05601,857.96,316.83,875.69,382.97,99.06,309c1389b2348cab2e6b198f43a87044bc0c5ce4827c7bb4517413ca4d780faa
clip_sample_006,17,1535657123912404,traffic light,0.05248,730.3,400.43,743.37,424.47,99.06,309c1389b2348cab2e6b198f43a87044bc0c5ce4827c7bb4517413ca4d780faa
clip_sample_006,18,1535657124012404,car,0.91667,197.85,460.86,483.08,550.2,95.54,8529b6d40bfe0cdfb9d48936646671d83e37cbb27b1bfb9e4190c7f97b62f5aa
clip_sample_006,18,1535657124012404,car,0.88676,1121.99,438.34,1364.53,541.66,95.54,8529b6d40bfe0cdfb9d48936646671d83e37cbb27b1bfb9e4190c7f97b62f5aa
clip_sample_006,18,1535657124012404,car,0.85229,858.94,449.73,1269.4,581.6,95.54,8529b6d40bfe0cdfb9d48936646671d83e37cbb27b1bfb9e4190c7f97b62f5aa
clip_sample_006,18,1535657124012404,traffic light,0.38773,1061.86,268.84,1090.79,335.55,95.54,8529b6d40bfe0cdfb9d48936646671d83e37cbb27b1bfb9e4190c7f97b62f5aa
clip_sample_006,18,1535657124012404,traffic light,0.3362,1062.4,271.01,1093.14,332.71,95.54,8529b6d40bfe0cdfb9d48936646671d83e37cbb27b1bfb9e4190c7f97b62f5aa
clip_sample_006,18,1535657124012404,traffic light,0.29769,1031.65,271.9,1065.07,334.33,95.54,8529b6d40bfe0cdfb9d48936646671d83e37cbb27b1bfb9e4190c7f97b62f5aa
clip_sample_006,18,1535657124012404,car,0.28804,503.2,441.12,563.62,491.8,95.54,8529b6d40bfe0cdfb9d48936646671d83e37cbb27b1bfb9e4190c7f97b62f5aa
clip_sample_006,18,1535657124012404,traffic light,0.26279,372.79,353.44,390.46,374.37,95.54,8529b6d40bfe0cdfb9d48936646671d83e37cbb27b1bfb9e4190c7f97b62f5aa
clip_sample_006,18,1535657124012404,car,0.25731,640.42,418.23,688.41,464.95,95.54,8529b6d40bfe0cdfb9d48936646671d83e37cbb27b1bfb9e4190c7f97b62f5aa
clip_sample_006,18,1535657124012404,traffic light,0.24687,860.05,311.56,881.03,378.42,95.54,8529b6d40bfe0cdfb9d48936646671d83e37cbb27b1bfb9e4190c7f97b62f5aa
clip_sample_006,18,1535657124012404,truck,0.15981,640.42,418.23,688.41,464.95,95.54,8529b6d40bfe0cdfb9d48936646671d83e37cbb27b1bfb9e4190c7f97b62f5aa
clip_sample_006,18,1535657124012404,traffic light,0.1297,1076.03,338.79,1097.46,367.89,95.54,8529b6d40bfe0cdfb9d48936646671d83e37cbb27b1bfb9e4190c7f97b62f5aa
clip_sample_006,18,1535657124012404,traffic light,0.10108,858.48,316.37,876.82,383.74,95.54,8529b6d40bfe0cdfb9d48936646671d83e37cbb27b1bfb9e4190c7f97b62f5aa
clip_sample_006,18,1535657124012404,traffic light,0.10067,370.02,351.99,389.13,375.52,95.54,8529b6d40bfe0cdfb9d48936646671d83e37cbb27b1bfb9e4190c7f97b62f5aa
clip_sample_006,18,1535657124012404,car,0.1004,573.96,445.37,617.67,471.7,95.54,8529b6d40bfe0cdfb9d48936646671d83e37cbb27b1bfb9e4190c7f97b62f5aa
clip_sample_006,18,1535657124012404,car,0.09112,595.77,448.64,629.68,469.59,95.54,8529b6d40bfe0cdfb9d48936646671d83e37cbb27b1bfb9e4190c7f97b62f5aa
clip_sample_006,18,1535657124012404,car,0.08351,860.21,449.69,1267.86,582.78,95.54,8529b6d40bfe0cdfb9d48936646671d83e37cbb27b1bfb9e4190c7f97b62f5aa
clip_sample_006,18,1535657124012404,car,0.05721,613.36,451.8,638.75,469.13,95.54,8529b6d40bfe0cdfb9d48936646671d83e37cbb27b1bfb9e4190c7f97b62f5aa
clip_sample_006,18,1535657124012404,bus,0.05421,640.42,418.23,688.41,464.95,95.54,8529b6d40bfe0cdfb9d48936646671d83e37cbb27b1bfb9e4190c7f97b62f5aa
clip_sample_006,18,1535657124012404,person,0.05315,427.42,444.47,447.88,475.79,95.54,8529b6d40bfe0cdfb9d48936646671d83e37cbb27b1bfb9e4190c7f97b62f5aa
clip_sample_006,18,1535657124012404,traffic light,0.05143,730.74,401.34,742.1,423.81,95.54,8529b6d40bfe0cdfb9d48936646671d83e37cbb27b1bfb9e4190c7f97b62f5aa
clip_sample_006,19,1535657124112404,car,0.91817,160.11,462.26,434.69,551.29,92.16,76f016de859c2b86a6a5624f1d185ae259dd2add8558ef572ac95d7f744e6866
clip_sample_006,19,1535657124112404,car,0.52418,927.41,441.94,1349.79,583.34,92.16,76f016de859c2b86a6a5624f1d185ae259dd2add8558ef572ac95d7f744e6866
clip_sample_006,19,1535657124112404,car,0.39884,925.33,442.44,1349.04,582.09,92.16,76f016de859c2b86a6a5624f1d185ae259dd2add8558ef572ac95d7f744e6866
clip_sample_006,19,1535657124112404,person,0.35541,865.13,422.57,889.52,497.3,92.16,76f016de859c2b86a6a5624f1d185ae259dd2add8558ef572ac95d7f744e6866
clip_sample_006,19,1535657124112404,traffic light,0.3057,1062.7,271.36,1093.3,332.05,92.16,76f016de859c2b86a6a5624f1d185ae259dd2add8558ef572ac95d7f744e6866
clip_sample_006,19,1535657124112404,traffic light,0.30375,1031.79,271.16,1064.95,333.28,92.16,76f016de859c2b86a6a5624f1d185ae259dd2add8558ef572ac95d7f744e6866
clip_sample_006,19,1535657124112404,traffic light,0.27853,1061.71,268.99,1090.89,333.9,92.16,76f016de859c2b86a6a5624f1d185ae259dd2add8558ef572ac95d7f744e6866
clip_sample_006,19,1535657124112404,traffic light,0.24109,1063.39,270.29,1095.42,367.79,92.16,76f016de859c2b86a6a5624f1d185ae259dd2add8558ef572ac95d7f744e6866
clip_sample_006,19,1535657124112404,car,0.19536,585.77,447.68,626.03,470.16,92.16,76f016de859c2b86a6a5624f1d185ae259dd2add8558ef572ac95d7f744e6866
clip_sample_006,19,1535657124112404,traffic light,0.18043,860.42,311.8,881.11,380.34,92.16,76f016de859c2b86a6a5624f1d185ae259dd2add8558ef572ac95d7f744e6866
clip_sample_006,19,1535657124112404,car,0.17564,639.05,418.68,688.42,465.41,92.16,76f016de859c2b86a6a5624f1d185ae259dd2add8558ef572ac95d7f744e6866
clip_sample_006,19,1535657124112404,traffic light,0.17347,372.43,353.8,390.51,375.2,92.16,76f016de859c2b86a6a5624f1d185ae259dd2add8558ef572ac95d7f744e6866
clip_sample_006,19,1535657124112404,truck,0.16641,639.05,418.68,688.42,465.41,92.16,76f016de859c2b86a6a5624f1d185ae259dd2add8558ef572ac95d7f744e6866
clip_sample_006,19,1535657124112404,car,0.16336,505.89,440.88,563.49,490.87,92.16,76f016de859c2b86a6a5624f1d185ae259dd2add8558ef572ac95d7f744e6866
clip_sample_006,19,1535657124112404,car,0.15988,577.98,446.53,618.92,471.16,92.16,76f016de859c2b86a6a5624f1d185ae259dd2add8558ef572ac95d7f744e6866
clip_sample_006,19,1535657124112404,traffic light,0.12376,1075.78,337.1,1099.69,368.81,92.16,76f016de859c2b86a6a5624f1d185ae259dd2add8558ef572ac95d7f744e6866
clip_sample_006,19,1535657124112404,traffic light,0.09272,369.84,352.26,389.61,376.43,92.16,76f016de859c2b86a6a5624f1d185ae259dd2add8558ef572ac95d7f744e6866
clip_sample_006,19,1535657124112404,traffic light,0.07668,858.47,317.15,876.0,383.05,92.16,76f016de859c2b86a6a5624f1d185ae259dd2add8558ef572ac95d7f744e6866
clip_sample_006,19,1535657124112404,bus,0.06292,639.05,418.68,688.42,465.41,92.16,76f016de859c2b86a6a5624f1d185ae259dd2add8558ef572ac95d7f744e6866
clip_sample_006,19,1535657124112404,traffic light,0.05958,868.0,314.76,895.29,373.6,92.16,76f016de859c2b86a6a5624f1d185ae259dd2add8558ef572ac95d7f744e6866
clip_sample_006,20,1535657124162404,car,0.92932,141.28,462.59,425.38,551.41,98.32,262a2c383d3257439f8459be9f5f1a9c4dc8fa1366e1c7a6eaa46c7b8d8bdb88
clip_sample_006,20,1535657124162404,car,0.78423,968.15,441.88,1385.89,582.82,98.32,262a2c383d3257439f8459be9f5f1a9c4dc8fa1366e1c7a6eaa46c7b8d8bdb88
clip_sample_006,20,1535657124162404,traffic light,0.3863,1031.94,271.88,1065.35,334.23,98.32,262a2c383d3257439f8459be9f5f1a9c4dc8fa1366e1c7a6eaa46c7b8d8bdb88
clip_sample_006,20,1535657124162404,traffic light,0.35528,1062.79,271.24,1093.6,331.75,98.32,262a2c383d3257439f8459be9f5f1a9c4dc8fa1366e1c7a6eaa46c7b8d8bdb88
clip_sample_006,20,1535657124162404,car,0.30831,923.75,471.6,1017.34,538.31,98.32,262a2c383d3257439f8459be9f5f1a9c4dc8fa1366e1c7a6eaa46c7b8d8bdb88
clip_sample_006,20,1535657124162404,traffic light,0.2907,1061.95,268.99,1090.97,334.88,98.32,262a2c383d3257439f8459be9f5f1a9c4dc8fa1366e1c7a6eaa46c7b8d8bdb88
clip_sample_006,20,1535657124162404,traffic light,0.28532,860.19,312.14,881.45,375.06,98.32,262a2c383d3257439f8459be9f5f1a9c4dc8fa1366e1c7a6eaa46c7b8d8bdb88
clip_sample_006,20,1535657124162404,car,0.23574,584.34,447.9,625.47,470.82,98.32,262a2c383d3257439f8459be9f5f1a9c4dc8fa1366e1c7a6eaa46c7b8d8bdb88
clip_sample_006,20,1535657124162404,car,0.18819,577.1,447.68,620.9,471.72,98.32,262a2c383d3257439f8459be9f5f1a9c4dc8fa1366e1c7a6eaa46c7b8d8bdb88
clip_sample_006,20,1535657124162404,traffic light,0.15192,371.24,352.85,390.25,374.27,98.32,262a2c383d3257439f8459be9f5f1a9c4dc8fa1366e1c7a6eaa46c7b8d8bdb88
clip_sample_006,20,1535657124162404,truck,0.14894,637.03,419.21,687.61,465.55,98.32,262a2c383d3257439f8459be9f5f1a9c4dc8fa1366e1c7a6eaa46c7b8d8bdb88
clip_sample_006,20,1535657124162404,car,0.14532,637.03,419.21,687.61,465.55,98.32,262a2c383d3257439f8459be9f5f1a9c4dc8fa1366e1c7a6eaa46c7b8d8bdb88
clip_sample_006,20,1535657124162404,car,0.13338,925.69,467.39,1030.5,536.12,98.32,262a2c383d3257439f8459be9f5f1a9c4dc8fa1366e1c7a6eaa46c7b8d8bdb88
clip_sample_006,20,1535657124162404,traffic light,0.13161,1074.95,337.26,1097.94,368.14,98.32,262a2c383d3257439f8459be9f5f1a9c4dc8fa1366e1c7a6eaa46c7b8d8bdb88
clip_sample_006,20,1535657124162404,traffic light,0.12874,1063.4,269.98,1095.87,367.19,98.32,262a2c383d3257439f8459be9f5f1a9c4dc8fa1366e1c7a6eaa46c7b8d8bdb88
clip_sample_006,20,1535657124162404,traffic light,0.10798,858.24,317.4,876.85,383.11,98.32,262a2c383d3257439f8459be9f5f1a9c4dc8fa1366e1c7a6eaa46c7b8d8bdb88
clip_sample_006,20,1535657124162404,person,0.10666,864.99,424.53,888.4,498.1,98.32,262a2c383d3257439f8459be9f5f1a9c4dc8fa1366e1c7a6eaa46c7b8d8bdb88
clip_sample_006,20,1535657124162404,traffic light,0.10553,368.38,351.3,389.53,375.27,98.32,262a2c383d3257439f8459be9f5f1a9c4dc8fa1366e1c7a6eaa46c7b8d8bdb88
clip_sample_006,20,1535657124162404,person,0.10048,384.32,447.12,435.54,517.88,98.32,262a2c383d3257439f8459be9f5f1a9c4dc8fa1366e1c7a6eaa46c7b8d8bdb88
clip_sample_006,20,1535657124162404,car,0.08251,924.64,477.69,977.62,536.68,98.32,262a2c383d3257439f8459be9f5f1a9c4dc8fa1366e1c7a6eaa46c7b8d8bdb88
clip_sample_006,20,1535657124162404,person,0.06931,394.0,449.01,439.07,520.88,98.32,262a2c383d3257439f8459be9f5f1a9c4dc8fa1366e1c7a6eaa46c7b8d8bdb88
clip_sample_006,20,1535657124162404,traffic light,0.05838,865.99,313.44,895.22,372.64,98.32,262a2c383d3257439f8459be9f5f1a9c4dc8fa1366e1c7a6eaa46c7b8d8bdb88
clip_sample_006,20,1535657124162404,traffic light,0.05422,1034.68,267.58,1090.69,340.78,98.32,262a2c383d3257439f8459be9f5f1a9c4dc8fa1366e1c7a6eaa46c7b8d8bdb88
clip_sample_006,20,1535657124162404,bus,0.05381,637.03,419.21,687.61,465.55,98.32,262a2c383d3257439f8459be9f5f1a9c4dc8fa1366e1c7a6eaa46c7b8d8bdb88
clip_sample_006,21,1535657124262404,car,0.92734,104.84,464.65,396.47,552.16,102.68,5e8946b5665c631a0b0096f88ea2a03575b9e3d77d0baa3ce7f3ba303d5462c6
clip_sample_006,21,1535657124262404,car,0.90065,1032.64,445.01,1462.83,581.58,102.68,5e8946b5665c631a0b0096f88ea2a03575b9e3d77d0baa3ce7f3ba303d5462c6
clip_sample_006,21,1535657124262404,car,0.88741,868.67,442.79,1127.75,544.74,102.68,5e8946b5665c631a0b0096f88ea2a03575b9e3d77d0baa3ce7f3ba303d5462c6
clip_sample_006,21,1535657124262404,traffic light,0.36068,1062.68,271.17,1094.06,333.07,102.68,5e8946b5665c631a0b0096f88ea2a03575b9e3d77d0baa3ce7f3ba303d5462c6
clip_sample_006,21,1535657124262404,traffic light,0.32559,1032.14,271.1,1065.26,333.17,102.68,5e8946b5665c631a0b0096f88ea2a03575b9e3d77d0baa3ce7f3ba303d5462c6
clip_sample_006,21,1535657124262404,person,0.28151,359.45,442.82,419.72,520.83,102.68,5e8946b5665c631a0b0096f88ea2a03575b9e3d77d0baa3ce7f3ba303d5462c6
clip_sample_006,21,1535657124262404,car,0.25085,636.75,419.3,686.45,464.57,102.68,5e8946b5665c631a0b0096f88ea2a03575b9e3d77d0baa3ce7f3ba303d5462c6
clip_sample_006,21,1535657124262404,traffic light,0.22544,859.51,311.98,880.41,379.75,102.68,5e8946b5665c631a0b0096f88ea2a03575b9e3d77d0baa3ce7f3ba303d5462c6
clip_sample_006,21,1535657124262404,traffic light,0.21749,1063.53,270.07,1096.45,366.56,102.68,5e8946b5665c631a0b0096f88ea2a03575b9e3d77d0baa3ce7f3ba303d5462c6
clip_sample_006,21,1535657124262404,traffic light,0.19886,1061.63,268.96,1091.18,334.79,102.68,5e8946b5665c631a0b0096f88ea2a03575b9e3d77d0baa3ce7f3ba303d5462c6
clip_sample_006,21,1535657124262404,car,0.18987,572.24,446.12,622.19,472.04,102.68,5e8946b5665c631a0b0096f88ea2a03575b9e3d77d0baa3ce7f3ba303d5462c6
clip_sample_006,21,1535657124262404,car,0.18648,583.54,446.48,626.96,470.57,102.68,5e8946b5665c631a0b0096f88ea2a03575b9e3d77d0baa3ce7f3ba303d5462c6
clip_sample_006,21,1535657124262404,traffic light,0.14241,371.37,353.31,389.65,374.71,102.68,5e8946b5665c631a0b0096f88ea2a03575b9e3d77d0baa3ce7f3ba303d5462c6
clip_sample_006,21,1535657124262404,car,0.1422,505.61,441.1,563.23,491.25,102.68,5e8946b5665c631a0b0096f88ea2a03575b9e3d77d0baa3ce7f3ba303d5462c6
clip_sample_006,21,1535657124262404,traffic light,0.12761,1076.78,338.66,1098.66,367.78,102.68,5e8946b5665c631a0b0096f88ea2a03575b9e3d77d0baa3ce7f3ba303d5462c6
clip_sample_006,21,1535657124262404,truck,0.12464,636.75,419.3,686.45,464.57,102.68,5e8946b5665c631a0b0096f88ea2a03575b9e3d77d0baa3ce7f3ba303d5462c6
clip_sample_006,21,1535657124262404,traffic light,0.1094,368.1,352.03,389.22,375.82,102.68,5e8946b5665c631a0b0096f88ea2a03575b9e3d77d0baa3ce7f3ba303d5462c6
clip_sample_006,21,1535657124262404,traffic light,0.1011,857.7,319.49,876.76,382.73,102.68,5e8946b5665c631a0b0096f88ea2a03575b9e3d77d0baa3ce7f3ba303d5462c6
clip_sample_006,21,1535657124262404,person,0.07254,359.49,439.36,392.14,490.11,102.68,5e8946b5665c631a0b0096f88ea2a03575b9e3d77d0baa3ce7f3ba303d5462c6
clip_sample_006,21,1535657124262404,bus,0.0526,636.75,419.3,686.45,464.57,102.68,5e8946b5665c631a0b0096f88ea2a03575b9e3d77d0baa3ce7f3ba303d5462c6
clip_sample_006,21,1535657124262404,traffic light,0.05228,872.59,315.31,896.11,372.12,102.68,5e8946b5665c631a0b0096f88ea2a03575b9e3d77d0baa3ce7f3ba303d5462c6
clip_sample_006,21,1535657124262404,car,0.0511,585.01,438.61,628.44,466.4,102.68,5e8946b5665c631a0b0096f88ea2a03575b9e3d77d0baa3ce7f3ba303d5462c6
clip_sample_006,22,1535657124362404,car,0.9296,808.78,443.59,1123.51,544.51,91.37,bdbfdebfca1764414421e8b6243f29d5400cf5be3809301725acf0d21a78b20a
clip_sample_006,22,1535657124362404,car,0.92664,67.95,466.26,343.69,552.31,91.37,bdbfdebfca1764414421e8b6243f29d5400cf5be3809301725acf0d21a78b20a
clip_sample_006,22,1535657124362404,car,0.78603,1106.09,442.64,1542.16,580.81,91.37,bdbfdebfca1764414421e8b6243f29d5400cf5be3809301725acf0d21a78b20a
clip_sample_006,22,1535657124362404,traffic light,0.32204,1062.6,271.32,1093.26,331.13,91.37,bdbfdebfca1764414421e8b6243f29d5400cf5be3809301725acf0d21a78b20a
clip_sample_006,22,1535657124362404,traffic light,0.29805,1063.74,270.33,1095.53,367.7,91.37,bdbfdebfca1764414421e8b6243f29d5400cf5be3809301725acf0d21a78b20a
clip_sample_006,22,1535657124362404,traffic light,0.29287,859.9,310.91,882.48,379.81,91.37,bdbfdebfca1764414421e8b6243f29d5400cf5be3809301725acf0d21a78b20a
clip_sample_006,22,1535657124362404,car,0.28967,579.99,442.56,628.19,470.56,91.37,bdbfdebfca1764414421e8b6243f29d5400cf5be3809301725acf0d21a78b20a
clip_sample_006,22,1535657124362404,person,0.28929,339.25,446.02,397.43,515.54,91.37,bdbfdebfca1764414421e8b6243f29d5400cf5be3809301725acf0d21a78b20a
clip_sample_006,22,1535657124362404,car,0.27473,634.98,419.36,686.13,464.96,91.37,bdbfdebfca1764414421e8b6243f29d5400cf5be3809301725acf0d21a78b20a
clip_sample_006,22,1535657124362404,traffic light,0.24853,1032.87,271.97,1065.17,333.41,91.37,bdbfdebfca1764414421e8b6243f29d5400cf5be3809301725acf0d21a78b20a
clip_sample_006,22,1535657124362404,traffic light,0.23641,1061.71,269.13,1090.95,333.0,91.37,bdbfdebfca1764414421e8b6243f29d5400cf5be3809301725acf0d21a78b20a
clip_sample_006,22,1535657124362404,car,0.18297,576.23,442.82,623.75,471.77,91.37,bdbfdebfca1764414421e8b6243f29d5400cf5be3809301725acf0d21a78b20a
clip_sample_006,22,1535657124362404,traffic light,0.17763,372.87,353.66,390.66,374.89,91.37,bdbfdebfca1764414421e8b6243f29d5400cf5be3809301725acf0d21a78b20a
clip_sample_006,22,1535657124362404,car,0.14527,503.31,441.02,563.44,490.83,91.37,bdbfdebfca1764414421e8b6243f29d5400cf5be3809301725acf0d21a78b20a
clip_sample_006,22,1535657124362404,traffic light,0.13578,1076.66,337.68,1097.96,369.02,91.37,bdbfdebfca1764414421e8b6243f29d5400cf5be3809301725acf0d21a78b20a
clip_sample_006,22,1535657124362404,truck,0.13413,634.98,419.36,686.13,464.96,91.37,bdbfdebfca1764414421e8b6243f29d5400cf5be3809301725acf0d21a78b20a
clip_sample_006,22,1535657124362404,traffic light,0.10548,369.93,352.49,389.06,376.02,91.37,bdbfdebfca1764414421e8b6243f29d5400cf5be3809301725acf0d21a78b20a
clip_sample_006,22,1535657124362404,person,0.0643,356.64,447.42,400.09,516.62,91.37,bdbfdebfca1764414421e8b6243f29d5400cf5be3809301725acf0d21a78b20a
clip_sample_006,22,1535657124362404,traffic light,0.05961,858.26,313.45,877.19,383.84,91.37,bdbfdebfca1764414421e8b6243f29d5400cf5be3809301725acf0d21a78b20a
clip_sample_006,22,1535657124362404,traffic light,0.05892,867.6,312.58,895.54,375.07,91.37,bdbfdebfca1764414421e8b6243f29d5400cf5be3809301725acf0d21a78b20a
clip_sample_006,23,1535657124412404,car,0.92572,785.76,442.31,1111.45,544.52,92.56,d74872f0621791a639ce1a553df96ab425aa0f5411c9d2a222489b982234d9db
clip_sample_006,23,1535657124412404,car,0.91476,48.53,467.67,322.71,552.52,92.56,d74872f0621791a639ce1a553df96ab425aa0f5411c9d2a222489b982234d9db
clip_sample_006,23,1535657124412404,car,0.42237,1134.13,441.03,1581.34,580.05,92.56,d74872f0621791a639ce1a553df96ab425aa0f5411c9d2a222489b982234d9db
clip_sample_006,23,1535657124412404,traffic light,0.33902,1062.63,271.39,1093.47,333.16,92.56,d74872f0621791a639ce1a553df96ab425aa0f5411c9d2a222489b982234d9db
clip_sample_006,23,1535657124412404,traffic light,0.29159,1031.56,271.92,1064.87,334.62,92.56,d74872f0621791a639ce1a553df96ab425aa0f5411c9d2a222489b982234d9db
clip_sample_006,23,1535657124412404,traffic light,0.27472,1061.64,269.58,1090.78,335.04,92.56,d74872f0621791a639ce1a553df96ab425aa0f5411c9d2a222489b982234d9db
clip_sample_006,23,1535657124412404,car,0.21927,570.97,441.48,625.48,473.31,92.56,d74872f0621791a639ce1a553df96ab425aa0f5411c9d2a222489b982234d9db
clip_sample_006,23,1535657124412404,car,0.21188,581.53,441.58,626.42,471.42,92.56,d74872f0621791a639ce1a553df96ab425aa0f5411c9d2a222489b982234d9db
clip_sample_006,23,1535657124412404,car,0.20724,634.64,419.6,684.72,464.59,92.56,d74872f0621791a639ce1a553df96ab425aa0f5411c9d2a222489b982234d9db
clip_sample_006,23,1535657124412404,traffic light,0.18865,1063.48,270.49,1096.12,368.94,92.56,d74872f0621791a639ce1a553df96ab425aa0f5411c9d2a222489b982234d9db
clip_sample_006,23,1535657124412404,traffic light,0.1761,859.58,311.35,880.78,377.04,92.56,d74872f0621791a639ce1a553df96ab425aa0f5411c9d2a222489b982234d9db
clip_sample_006,23,1535657124412404,person,0.17047,354.68,445.71,389.05,521.05,92.56,d74872f0621791a639ce1a553df96ab425aa0f5411c9d2a222489b982234d9db
clip_sample_006,23,1535657124412404,person,0.16213,328.55,445.38,383.26,519.45,92.56,d74872f0621791a639ce1a553df96ab425aa0f5411c9d2a222489b982234d9db
clip_sample_006,23,1535657124412404,traffic light,0.14755,372.1,353.16,390.22,373.05,92.56,d74872f0621791a639ce1a553df96ab425aa0f5411c9d2a222489b982234d9db
clip_sample_006,23,1535657124412404,truck,0.14034,634.64,419.6,684.72,464.59,92.56,d74872f0621791a639ce1a553df96ab425aa0f5411c9d2a222489b982234d9db
clip_sample_006,23,1535657124412404,traffic light,0.1341,1078.08,339.34,1098.6,369.76,92.56,d74872f0621791a639ce1a553df96ab425aa0f5411c9d2a222489b982234d9db
clip_sample_006,23,1535657124412404,car,0.13144,504.92,441.37,562.81,490.83,92.56,d74872f0621791a639ce1a553df96ab425aa0f5411c9d2a222489b982234d9db
clip_sample_006,23,1535657124412404,car,0.12947,1136.29,441.48,1582.15,580.4,92.56,d74872f0621791a639ce1a553df96ab425aa0f5411c9d2a222489b982234d9db
clip_sample_006,23,1535657124412404,car,0.09657,49.58,467.43,322.23,552.51,92.56,d74872f0621791a639ce1a553df96ab425aa0f5411c9d2a222489b982234d9db
clip_sample_006,23,1535657124412404,traffic light,0.08099,369.36,352.36,389.52,373.53,92.56,d74872f0621791a639ce1a553df96ab425aa0f5411c9d2a222489b982234d9db
clip_sample_006,23,1535657124412404,traffic light,0.06422,857.92,317.21,876.79,383.65,92.56,d74872f0621791a639ce1a553df96ab425aa0f5411c9d2a222489b982234d9db
clip_sample_006,24,1535657124512404,car,0.92876,729.73,444.63,1052.69,544.97,93.89,5f0717b1378eb0328b69104da708e03c8faf1dcb3f5c12a27f9eb805af501e1c
clip_sample_006,24,1535657124512404,car,0.92503,13.96,467.73,283.68,554.16,93.89,5f0717b1378eb0328b69104da708e03c8faf1dcb3f5c12a27f9eb805af501e1c
clip_sample_006,24,1535657124512404,car,0.88225,1200.79,440.35,1600.0,578.74,93.89,5f0717b1378eb0328b69104da708e03c8faf1dcb3f5c12a27f9eb805af501e1c
clip_sample_006,24,1535657124512404,traffic light,0.36704,1062.5,271.17,1093.38,332.8,93.89,5f0717b1378eb0328b69104da708e03c8faf1dcb3f5c12a27f9eb805af501e1c
clip_sample_006,24,1535657124512404,traffic light,0.3613,1061.6,269.02,1090.93,335.87,93.89,5f0717b1378eb0328b69104da708e03c8faf1dcb3f5c12a27f9eb805af501e1c
clip_sample_006,24,1535657124512404,traffic light,0.3601,1032.01,271.97,1065.06,334.31,93.89,5f0717b1378eb0328b69104da708e03c8faf1dcb3f5c12a27f9eb805af501e1c
clip_sample_006,24,1535657124512404,car,0.26834,504.51,441.3,563.8,491.84,93.89,5f0717b1378eb0328b69104da708e03c8faf1dcb3f5c12a27f9eb805af501e1c
clip_sample_006,24,1535657124512404,car,0.22828,581.48,442.27,627.82,471.38,93.89,5f0717b1378eb0328b69104da708e03c8faf1dcb3f5c12a27f9eb805af501e1c
clip_sample_006,24,1535657124512404,traffic light,0.21311,859.9,310.51,882.2,378.16,93.89,5f0717b1378eb0328b69104da708e03c8faf1dcb3f5c12a27f9eb805af501e1c
clip_sample_006,24,1535657124512404,car,0.21296,634.32,420.15,684.98,463.8,93.89,5f0717b1378eb0328b69104da708e03c8faf1dcb3f5c12a27f9eb805af501e1c
clip_sample_006,24,1535657124512404,car,0.17972,572.45,440.73,626.15,472.85,93.89,5f0717b1378eb0328b69104da708e03c8faf1dcb3f5c12a27f9eb805af501e1c
clip_sample_006,24,1535657124512404,person,0.15597,309.37,449.03,362.1,516.99,93.89,5f0717b1378eb0328b69104da708e03c8faf1dcb3f5c12a27f9eb805af501e1c
clip_sample_006,24,1535657124512404,person,0.13203,335.81,452.51,365.14,515.95,93.89,5f0717b1378eb0328b69104da708e03c8faf1dcb3f5c12a27f9eb805af501e1c
clip_sample_006,24,1535657124512404,traffic light,0.12362,372.08,353.56,390.68,373.67,93.89,5f0717b1378eb0328b69104da708e03c8faf1dcb3f5c12a27f9eb805af501e1c
clip_sample_006,24,1535657124512404,traffic light,0.12072,1077.03,338.21,1098.34,368.46,93.89,5f0717b1378eb0328b69104da708e03c8faf1dcb3f5c12a27f9eb805af501e1c
clip_sample_006,24,1535657124512404,truck,0.10187,634.32,420.15,684.98,463.8,93.89,5f0717b1378eb0328b69104da708e03c8faf1dcb3f5c12a27f9eb805af501e1c
clip_sample_006,24,1535657124512404,traffic light,0.08496,368.89,352.4,389.04,374.44,93.89,5f0717b1378eb0328b69104da708e03c8faf1dcb3f5c12a27f9eb805af501e1c
clip_sample_006,24,1535657124512404,bicycle,0.06795,306.2,476.72,362.62,530.17,93.89,5f0717b1378eb0328b69104da708e03c8faf1dcb3f5c12a27f9eb805af501e1c
clip_sample_006,24,1535657124512404,traffic light,0.05526,857.79,313.93,877.92,383.72,93.89,5f0717b1378eb0328b69104da708e03c8faf1dcb3f5c12a27f9eb805af501e1c
clip_sample_006,25,1535657124612404,car,0.93081,678.96,445.89,996.14,545.15,93.83,785068f87a703fd667c985acbd2e848f0d1f4a136e83ec1a96c4ae2d947f1934
clip_sample_006,25,1535657124612404,car,0.91732,0.0,469.6,247.95,554.18,93.83,785068f87a703fd667c985acbd2e848f0d1f4a136e83ec1a96c4ae2d947f1934
clip_sample_006,25,1535657124612404,car,0.90194,1274.06,437.57,1600.0,578.3,93.83,785068f87a703fd667c985acbd2e848f0d1f4a136e83ec1a96c4ae2d947f1934
clip_sample_006,25,1535657124612404,traffic light,0.37156,1062.39,271.16,1093.65,332.32,93.83,785068f87a703fd667c985acbd2e848f0d1f4a136e83ec1a96c4ae2d947f1934
clip_sample_006,25,1535657124612404,person,0.30878,312.36,455.32,340.79,523.96,93.83,785068f87a703fd667c985acbd2e848f0d1f4a136e83ec1a96c4ae2d947f1934
clip_sample_006,25,1535657124612404,traffic light,0.30692,1031.72,271.71,1065.12,333.21,93.83,785068f87a703fd667c985acbd2e848f0d1f4a136e83ec1a96c4ae2d947f1934
clip_sample_006,25,1535657124612404,traffic light,0.28278,1061.63,269.05,1091.31,335.32,93.83,785068f87a703fd667c985acbd2e848f0d1f4a136e83ec1a96c4ae2d947f1934
clip_sample_006,25,1535657124612404,car,0.25773,634.54,420.38,683.32,463.63,93.83,785068f87a703fd667c985acbd2e848f0d1f4a136e83ec1a96c4ae2d947f1934
clip_sample_006,25,1535657124612404,traffic light,0.20905,860.68,310.44,883.98,380.14,93.83,785068f87a703fd667c985acbd2e848f0d1f4a136e83ec1a96c4ae2d947f1934
clip_sample_006,25,1535657124612404,traffic light,0.20082,1063.7,270.01,1095.75,367.3,93.83,785068f87a703fd667c985acbd2e848f0d1f4a136e83ec1a96c4ae2d947f1934
clip_sample_006,25,1535657124612404,car,0.17369,581.56,442.87,627.05,470.5,93.83,785068f87a703fd667c985acbd2e848f0d1f4a136e83ec1a96c4ae2d947f1934
clip_sample_006,25,1535657124612404,person,0.16697,291.63,448.92,329.15,516.74,93.83,785068f87a703fd667c985acbd2e848f0d1f4a136e83ec1a96c4ae2d947f1934
clip_sample_006,25,1535657124612404,traffic light,0.14339,371.98,353.55,390.27,373.21,93.83,785068f87a703fd667c985acbd2e848f0d1f4a136e83ec1a96c4ae2d947f1934
clip_sample_006,25,1535657124612404,car,0.14172,575.33,441.46,624.49,471.38,93.83,785068f87a703fd667c985acbd2e848f0d1f4a136e83ec1a96c4ae2d947f1934
clip_sample_006,25,1535657124612404,traffic light,0.14117,1077.78,338.8,1098.43,368.4,93.83,785068f87a703fd667c985acbd2e848f0d1f4a136e83ec1a96c4ae2d947f1934
clip_sample_006,25,1535657124612404,car,0.10355,504.61,441.3,563.59,491.64,93.83,785068f87a703fd667c985acbd2e848f0d1f4a136e83ec1a96c4ae2d947f1934
clip_sample_006,25,1535657124612404,person,0.08946,317.72,456.67,344.09,517.23,93.83,785068f87a703fd667c985acbd2e848f0d1f4a136e83ec1a96c4ae2d947f1934
clip_sample_006,25,1535657124612404,traffic light,0.08267,368.8,352.3,389.0,373.19,93.83,785068f87a703fd667c985acbd2e848f0d1f4a136e83ec1a96c4ae2d947f1934
clip_sample_006,25,1535657124612404,person,0.06912,364.9,442.12,395.68,509.03,93.83,785068f87a703fd667c985acbd2e848f0d1f4a136e83ec1a96c4ae2d947f1934
clip_sample_006,25,1535657124612404,person,0.06884,362.92,446.44,390.41,509.92,93.83,785068f87a703fd667c985acbd2e848f0d1f4a136e83ec1a96c4ae2d947f1934
clip_sample_006,25,1535657124612404,car,0.06653,593.44,457.19,764.25,526.54,93.83,785068f87a703fd667c985acbd2e848f0d1f4a136e83ec1a96c4ae2d947f1934
clip_sample_006,25,1535657124612404,truck,0.05661,634.54,420.38,683.32,463.63,93.83,785068f87a703fd667c985acbd2e848f0d1f4a136e83ec1a96c4ae2d947f1934
clip_sample_006,25,1535657124612404,traffic light,0.05585,866.8,313.13,896.19,375.19,93.83,785068f87a703fd667c985acbd2e848f0d1f4a136e83ec1a96c4ae2d947f1934
clip_sample_006,26,1535657124662404,car,0.92728,651.4,446.88,967.02,544.75,98.56,5b6506a766ed7cabe8e2ecf70301dbf6d7ff132609e8db8a253d3ef237ab62e5
clip_sample_006,26,1535657124662404,car,0.92396,0.0,469.2,234.01,553.81,98.56,5b6506a766ed7cabe8e2ecf70301dbf6d7ff132609e8db8a253d3ef237ab62e5
clip_sample_006,26,1535657124662404,car,0.90843,1308.73,436.64,1599.84,578.0,98.56,5b6506a766ed7cabe8e2ecf70301dbf6d7ff132609e8db8a253d3ef237ab62e5
clip_sample_006,26,1535657124662404,traffic light,0.41005,1031.94,271.63,1065.6,335.04,98.56,5b6506a766ed7cabe8e2ecf70301dbf6d7ff132609e8db8a253d3ef237ab62e5
clip_sample_006,26,1535657124662404,traffic light,0.39569,1063.04,270.95,1092.96,332.28,98.56,5b6506a766ed7cabe8e2ecf70301dbf6d7ff132609e8db8a253d3ef237ab62e5
clip_sample_006,26,1535657124662404,traffic light,0.37393,1062.36,268.86,1090.83,335.73,98.56,5b6506a766ed7cabe8e2ecf70301dbf6d7ff132609e8db8a253d3ef237ab62e5
clip_sample_006,26,1535657124662404,car,0.1884,572.92,440.35,625.07,472.29,98.56,5b6506a766ed7cabe8e2ecf70301dbf6d7ff132609e8db8a253d3ef237ab62e5
clip_sample_006,26,1535657124662404,car,0.18064,505.83,440.81,563.82,491.28,98.56,5b6506a766ed7cabe8e2ecf70301dbf6d7ff132609e8db8a253d3ef237ab62e5
clip_sample_006,26,1535657124662404,car,0.16857,633.91,419.83,681.67,464.75,98.56,5b6506a766ed7cabe8e2ecf70301dbf6d7ff132609e8db8a253d3ef237ab62e5
clip_sample_006,26,1535657124662404,traffic light,0.13727,859.7,311.15,881.01,381.41,98.56,5b6506a766ed7cabe8e2ecf70301dbf6d7ff132609e8db8a253d3ef237ab62e5
clip_sample_006,26,1535657124662404,car,0.13525,579.99,442.19,626.36,471.75,98.56,5b6506a766ed7cabe8e2ecf70301dbf6d7ff132609e8db8a253d3ef237ab62e5
clip_sample_006,26,1535657124662404,traffic light,0.12978,1076.18,337.52,1098.23,367.93,98.56,5b6506a766ed7cabe8e2ecf70301dbf6d7ff132609e8db8a253d3ef237ab62e5
clip_sample_006,26,1535657124662404,traffic light,0.11975,371.26,352.78,390.93,373.8,98.56,5b6506a766ed7cabe8e2ecf70301dbf6d7ff132609e8db8a253d3ef237ab62e5
clip_sample_006,26,1535657124662404,person,0.09755,305.79,456.02,338.83,526.76,98.56,5b6506a766ed7cabe8e2ecf70301dbf6d7ff132609e8db8a253d3ef237ab62e5
clip_sample_006,26,1535657124662404,traffic light,0.08596,368.49,351.29,389.68,374.97,98.56,5b6506a766ed7cabe8e2ecf70301dbf6d7ff132609e8db8a253d3ef237ab62e5
clip_sample_006,26,1535657124662404,person,0.07697,280.22,449.22,336.39,527.26,98.56,5b6506a766ed7cabe8e2ecf70301dbf6d7ff132609e8db8a253d3ef237ab62e5
clip_sample_006,26,1535657124662404,bicycle,0.06234,270.35,446.99,333.69,529.84,98.56,5b6506a766ed7cabe8e2ecf70301dbf6d7ff132609e8db8a253d3ef237ab62e5
clip_sample_006,26,1535657124662404,traffic light,0.05916,857.99,319.33,876.99,383.11,98.56,5b6506a766ed7cabe8e2ecf70301dbf6d7ff132609e8db8a253d3ef237ab62e5
clip_sample_006,26,1535657124662404,truck,0.05595,633.91,419.83,681.67,464.75,98.56,5b6506a766ed7cabe8e2ecf70301dbf6d7ff132609e8db8a253d3ef237ab62e5
clip_sample_006,26,1535657124662404,person,0.05259,309.12,457.65,338.36,517.71,98.56,5b6506a766ed7cabe8e2ecf70301dbf6d7ff132609e8db8a253d3ef237ab62e5
clip_sample_006,26,1535657124662404,bicycle,0.05062,285.83,475.03,323.27,530.1,98.56,5b6506a766ed7cabe8e2ecf70301dbf6d7ff132609e8db8a253d3ef237ab62e5
clip_sample_006,27,1535657124762404,car,0.92437,599.81,447.28,914.19,545.22,97.5,60990da097bdb9fd6796361f8414ea15dfe34061b55418337f83e02cff128305
clip_sample_006,27,1535657124762404,car,0.91627,0.0,469.07,192.01,553.07,97.5,60990da097bdb9fd6796361f8414ea15dfe34061b55418337f83e02cff128305
clip_sample_006,27,1535657124762404,car,0.90188,1382.24,435.03,1599.26,576.4,97.5,60990da097bdb9fd6796361f8414ea15dfe34061b55418337f83e02cff128305
clip_sample_006,27,1535657124762404,traffic light,0.32159,1032.19,271.4,1065.3,333.79,97.5,60990da097bdb9fd6796361f8414ea15dfe34061b55418337f83e02cff128305
clip_sample_006,27,1535657124762404,traffic light,0.29408,1062.7,271.14,1093.21,331.35,97.5,60990da097bdb9fd6796361f8414ea15dfe34061b55418337f83e02cff128305
clip_sample_006,27,1535657124762404,traffic light,0.2834,1063.16,270.63,1095.87,367.22,97.5,60990da097bdb9fd6796361f8414ea15dfe34061b55418337f83e02cff128305
clip_sample_006,27,1535657124762404,traffic light,0.27859,1061.56,269.19,1090.7,332.36,97.5,60990da097bdb9fd6796361f8414ea15dfe34061b55418337f83e02cff128305
clip_sample_006,27,1535657124762404,traffic light,0.22046,861.13,311.65,882.87,377.96,97.5,60990da097bdb9fd6796361f8414ea15dfe34061b55418337f83e02cff128305
clip_sample_006,27,1535657124762404,traffic light,0.17917,372.1,353.31,390.76,373.45,97.5,60990da097bdb9fd6796361f8414ea15dfe34061b55418337f83e02cff128305
clip_sample_006,27,1535657124762404,car,0.15872,572.02,440.49,627.65,473.15,97.5,60990da097bdb9fd6796361f8414ea15dfe34061b55418337f83e02cff128305
clip_sample_006,27,1535657124762404,person,0.15284,267.48,449.32,316.54,523.97,97.5,60990da097bdb9fd6796361f8414ea15dfe34061b55418337f83e02cff128305
clip_sample_006,27,1535657124762404,car,0.14847,633.98,420.56,680.65,462.72,97.5,60990da097bdb9fd6796361f8414ea15dfe34061b55418337f83e02cff128305
clip_sample_006,27,1535657124762404,person,0.13633,358.16,440.25,391.29,511.63,97.5,60990da097bdb9fd6796361f8414ea15dfe34061b55418337f83e02cff128305
clip_sample_006,27,1535657124762404,traffic light,0.10438,368.55,351.88,390.21,374.6,97.5,60990da097bdb9fd6796361f8414ea15dfe34061b55418337f83e02cff128305
clip_sample_006,27,1535657124762404,traffic light,0.10191,1078.08,337.68,1098.02,367.77,97.5,60990da097bdb9fd6796361f8414ea15dfe34061b55418337f83e02cff128305
clip_sample_006,27,1535657124762404,car,0.09456,505.48,440.71,563.43,490.64,97.5,60990da097bdb9fd6796361f8414ea15dfe34061b55418337f83e02cff128305
clip_sample_006,27,1535657124762404,person,0.09333,265.72,449.0,316.79,527.08,97.5,60990da097bdb9fd6796361f8414ea15dfe34061b55418337f83e02cff128305
clip_sample_006,27,1535657124762404,car,0.08994,579.66,441.62,627.73,472.31,97.5,60990da097bdb9fd6796361f8414ea15dfe34061b55418337f83e02cff128305
clip_sample_006,27,1535657124762404,traffic light,0.07093,858.52,315.49,877.53,384.16,97.5,60990da097bdb9fd6796361f8414ea15dfe34061b55418337f83e02cff128305
clip_sample_006,27,1535657124762404,truck,0.07068,633.98,420.56,680.65,462.72,97.5,60990da097bdb9fd6796361f8414ea15dfe34061b55418337f83e02cff128305
clip_sample_006,27,1535657124762404,person,0.06675,289.39,457.25,319.2,518.99,97.5,60990da097bdb9fd6796361f8414ea15dfe34061b55418337f83e02cff128305
clip_sample_006,27,1535657124762404,person,0.06627,283.2,457.27,318.72,524.78,97.5,60990da097bdb9fd6796361f8414ea15dfe34061b55418337f83e02cff128305
clip_sample_006,27,1535657124762404,traffic light,0.06129,868.24,314.39,895.59,373.38,97.5,60990da097bdb9fd6796361f8414ea15dfe34061b55418337f83e02cff128305
clip_sample_006,27,1535657124762404,bicycle,0.05939,269.36,477.85,305.12,528.01,97.5,60990da097bdb9fd6796361f8414ea15dfe34061b55418337f83e02cff128305
clip_sample_006,28,1535657124862404,car,0.9194,545.95,448.33,860.14,545.95,109.22,c5639acdaacf7c9ecc7a9914ef2f204c5cf0ba2f1bf6c9b494b94e26616b92c3
clip_sample_006,28,1535657124862404,car,0.91345,0.0,470.92,152.57,553.35,109.22,c5639acdaacf7c9ecc7a9914ef2f204c5cf0ba2f1bf6c9b494b94e26616b92c3
clip_sample_006,28,1535657124862404,car,0.87234,1455.55,436.83,1599.21,573.96,109.22,c5639acdaacf7c9ecc7a9914ef2f204c5cf0ba2f1bf6c9b494b94e26616b92c3
clip_sample_006,28,1535657124862404,traffic light,0.39981,1062.32,271.81,1093.3,331.83,109.22,c5639acdaacf7c9ecc7a9914ef2f204c5cf0ba2f1bf6c9b494b94e26616b92c3
clip_sample_006,28,1535657124862404,traffic light,0.39043,1061.73,269.61,1090.85,334.47,109.22,c5639acdaacf7c9ecc7a9914ef2f204c5cf0ba2f1bf6c9b494b94e26616b92c3
clip_sample_006,28,1535657124862404,traffic light,0.38123,1031.64,271.47,1065.75,333.5,109.22,c5639acdaacf7c9ecc7a9914ef2f204c5cf0ba2f1bf6c9b494b94e26616b92c3
clip_sample_006,28,1535657124862404,traffic light,0.25795,860.33,311.43,881.43,382.08,109.22,c5639acdaacf7c9ecc7a9914ef2f204c5cf0ba2f1bf6c9b494b94e26616b92c3
clip_sample_006,28,1535657124862404,traffic light,0.15465,1074.26,337.88,1097.92,369.59,109.22,c5639acdaacf7c9ecc7a9914ef2f204c5cf0ba2f1bf6c9b494b94e26616b92c3
clip_sample_006,28,1535657124862404,traffic light,0.11651,371.49,352.74,390.77,374.49,109.22,c5639acdaacf7c9ecc7a9914ef2f204c5cf0ba2f1bf6c9b494b94e26616b92c3
clip_sample_006,28,1535657124862404,traffic light,0.11415,368.54,350.68,389.84,375.46,109.22,c5639acdaacf7c9ecc7a9914ef2f204c5cf0ba2f1bf6c9b494b94e26616b92c3
clip_sample_006,28,1535657124862404,traffic light,0.08213,858.03,316.99,876.39,383.45,109.22,c5639acdaacf7c9ecc7a9914ef2f204c5cf0ba2f1bf6c9b494b94e26616b92c3
clip_sample_006,28,1535657124862404,person,0.08176,359.58,441.21,393.23,510.53,109.22,c5639acdaacf7c9ecc7a9914ef2f204c5cf0ba2f1bf6c9b494b94e26616b92c3
clip_sample_006,28,1535657124862404,person,0.07847,258.15,453.19,302.93,527.54,109.22,c5639acdaacf7c9ecc7a9914ef2f204c5cf0ba2f1bf6c9b494b94e26616b92c3
clip_sample_006,28,1535657124862404,car,0.06364,502.69,441.22,561.92,491.96,109.22,c5639acdaacf7c9ecc7a9914ef2f204c5cf0ba2f1bf6c9b494b94e26616b92c3
clip_sample_006,28,1535657124862404,person,0.06146,249.06,450.68,297.66,528.47,109.22,c5639acdaacf7c9ecc7a9914ef2f204c5cf0ba2f1bf6c9b494b94e26616b92c3
clip_sample_006,28,1535657124862404,traffic light,0.06139,868.3,314.05,894.56,375.36,109.22,c5639acdaacf7c9ecc7a9914ef2f204c5cf0ba2f1bf6c9b494b94e26616b92c3
clip_sample_006,28,1535657124862404,bicycle,0.06012,263.07,474.79,305.47,530.76,109.22,c5639acdaacf7c9ecc7a9914ef2f204c5cf0ba2f1bf6c9b494b94e26616b92c3
clip_sample_006,28,1535657124862404,traffic light,0.0555,722.31,284.39,748.61,351.67,109.22,c5639acdaacf7c9ecc7a9914ef2f204c5cf0ba2f1bf6c9b494b94e26616b92c3
clip_sample_006,28,1535657124862404,person,0.05276,863.61,422.34,888.24,498.3,109.22,c5639acdaacf7c9ecc7a9914ef2f204c5cf0ba2f1bf6c9b494b94e26616b92c3
clip_sample_006,28,1535657124862404,car,0.05104,569.74,440.28,626.19,473.83,109.22,c5639acdaacf7c9ecc7a9914ef2f204c5cf0ba2f1bf6c9b494b94e26616b92c3
clip_sample_006,29,1535657124912404,car,0.92238,528.0,448.95,834.67,545.54,90.68,ad6a6bdc71557e78ba79c6136b335c56f7ac7a133fddeebaa64fc84f8a124bf9
clip_sample_006,29,1535657124912404,car,0.89941,0.0,470.45,131.71,552.73,90.68,ad6a6bdc71557e78ba79c6136b335c56f7ac7a133fddeebaa64fc84f8a124bf9
clip_sample_006,29,1535657124912404,car,0.87758,1492.15,439.78,1599.48,564.42,90.68,ad6a6bdc71557e78ba79c6136b335c56f7ac7a133fddeebaa64fc84f8a124bf9
clip_sample_006,29,1535657124912404,traffic light,0.39264,1062.51,271.0,1093.44,331.64,90.68,ad6a6bdc71557e78ba79c6136b335c56f7ac7a133fddeebaa64fc84f8a124bf9
clip_sample_006,29,1535657124912404,person,0.30882,253.54,455.23,290.65,531.4,90.68,ad6a6bdc71557e78ba79c6136b335c56f7ac7a133fddeebaa64fc84f8a124bf9
clip_sample_006,29,1535657124912404,traffic light,0.29514,1032.02,270.77,1064.77,332.99,90.68,ad6a6bdc71557e78ba79c6136b335c56f7ac7a133fddeebaa64fc84f8a124bf9
clip_sample_006,29,1535657124912404,traffic light,0.22636,1061.7,268.77,1091.21,334.35,90.68,ad6a6bdc71557e78ba79c6136b335c56f7ac7a133fddeebaa64fc84f8a124bf9
clip_sample_006,29,1535657124912404,traffic light,0.194,860.77,310.96,883.46,377.64,90.68,ad6a6bdc71557e78ba79c6136b335c56f7ac7a133fddeebaa64fc84f8a124bf9
clip_sample_006,29,1535657124912404,person,0.15776,864.8,422.02,889.48,496.75,90.68,ad6a6bdc71557e78ba79c6136b335c56f7ac7a133fddeebaa64fc84f8a124bf9
clip_sample_006,29,1535657124912404,traffic light,0.1443,372.29,353.22,390.66,373.72,90.68,ad6a6bdc71557e78ba79c6136b335c56f7ac7a133fddeebaa64fc84f8a124bf9
clip_sample_006,29,1535657124912404,bicycle,0.13292,223.73,472.86,291.26,532.25,90.68,ad6a6bdc71557e78ba79c6136b335c56f7ac7a133fddeebaa64fc84f8a124bf9
clip_sample_006,29,1535657124912404,traffic light,0.12474,1076.63,338.69,1098.42,368.59,90.68,ad6a6bdc71557e78ba79c6136b335c56f7ac7a133fddeebaa64fc84f8a124bf9
clip_sample_006,29,1535657124912404,bicycle,0.06717,259.56,483.78,303.22,534.04,90.68,ad6a6bdc71557e78ba79c6136b335c56f7ac7a133fddeebaa64fc84f8a124bf9
clip_sample_006,29,1535657124912404,traffic light,0.06544,369.62,352.59,389.68,374.43,90.68,ad6a6bdc71557e78ba79c6136b335c56f7ac7a133fddeebaa64fc84f8a124bf9
clip_sample_006,29,1535657124912404,traffic light,0.06362,858.97,315.91,877.31,382.91,90.68,ad6a6bdc71557e78ba79c6136b335c56f7ac7a133fddeebaa64fc84f8a124bf9
clip_sample_006,29,1535657124912404,person,0.06292,359.34,442.29,390.78,510.89,90.68,ad6a6bdc71557e78ba79c6136b335c56f7ac7a133fddeebaa64fc84f8a124bf9
clip_sample_006,29,1535657124912404,car,0.05659,503.64,441.54,560.8,491.13,90.68,ad6a6bdc71557e78ba79c6136b335c56f7ac7a133fddeebaa64fc84f8a124bf9
clip_sample_006,29,1535657124912404,bicycle,0.05409,254.65,469.47,288.41,532.69,90.68,ad6a6bdc71557e78ba79c6136b335c56f7ac7a133fddeebaa64fc84f8a124bf9
clip_sample_006,29,1535657124912404,traffic light,0.05093,867.89,314.02,895.24,373.1,90.68,ad6a6bdc71557e78ba79c6136b335c56f7ac7a133fddeebaa64fc84f8a124bf9
clip_sample_006,29,1535657124912404,traffic light,0.05065,721.83,284.55,746.69,352.24,90.68,ad6a6bdc71557e78ba79c6136b335c56f7ac7a133fddeebaa64fc84f8a124bf9
clip_sample_006,30,1535657125012404,car,0.91032,479.59,449.67,783.71,546.11,95.29,088e90aa7e85cbbe8a007492ebe1dc83a13156752536019e3e2adb3e662cf030
clip_sample_006,30,1535657125012404,car,0.84615,0.32,476.19,99.37,550.94,95.29,088e90aa7e85cbbe8a007492ebe1dc83a13156752536019e3e2adb3e662cf030
clip_sample_006,30,1535657125012404,car,0.49684,1566.64,464.61,1599.28,541.38,95.29,088e90aa7e85cbbe8a007492ebe1dc83a13156752536019e3e2adb3e662cf030
clip_sample_006,30,1535657125012404,traffic light,0.3707,1031.59,271.15,1064.98,333.08,95.29,088e90aa7e85cbbe8a007492ebe1dc83a13156752536019e3e2adb3e662cf030
clip_sample_006,30,1535657125012404,traffic light,0.35509,1062.36,271.04,1093.52,331.19,95.29,088e90aa7e85cbbe8a007492ebe1dc83a13156752536019e3e2adb3e662cf030
clip_sample_006,30,1535657125012404,traffic light,0.29212,1061.42,268.8,1091.08,334.43,95.29,088e90aa7e85cbbe8a007492ebe1dc83a13156752536019e3e2adb3e662cf030
clip_sample_006,30,1535657125012404,person,0.25878,865.43,422.5,888.99,497.31,95.29,088e90aa7e85cbbe8a007492ebe1dc83a13156752536019e3e2adb3e662cf030
clip_sample_006,30,1535657125012404,person,0.23118,359.21,439.27,392.27,511.01,95.29,088e90aa7e85cbbe8a007492ebe1dc83a13156752536019e3e2adb3e662cf030
clip_sample_006,30,1535657125012404,traffic light,0.2262,860.15,312.05,882.65,380.1,95.29,088e90aa7e85cbbe8a007492ebe1dc83a13156752536019e3e2adb3e662cf030
clip_sample_006,30,1535657125012404,person,0.17697,220.39,451.07,279.82,533.29,95.29,088e90aa7e85cbbe8a007492ebe1dc83a13156752536019e3e2adb3e662cf030
clip_sample_006,30,1535657125012404,traffic light,0.16462,372.36,352.99,390.39,374.67,95.29,088e90aa7e85cbbe8a007492ebe1dc83a13156752536019e3e2adb3e662cf030
clip_sample_006,30,1535657125012404,traffic light,0.14233,1077.44,337.62,1100.13,368.51,95.29,088e90aa7e85cbbe8a007492ebe1dc83a13156752536019e3e2adb3e662cf030
clip_sample_006,30,1535657125012404,person,0.13052,240.43,456.67,290.5,531.56,95.29,088e90aa7e85cbbe8a007492ebe1dc83a13156752536019e3e2adb3e662cf030
clip_sample_006,30,1535657125012404,bicycle,0.10294,216.11,452.75,290.72,533.73,95.29,088e90aa7e85cbbe8a007492ebe1dc83a13156752536019e3e2adb3e662cf030
clip_sample_006,30,1535657125012404,traffic light,0.10214,858.19,317.67,877.25,382.69,95.29,088e90aa7e85cbbe8a007492ebe1dc83a13156752536019e3e2adb3e662cf030
clip_sample_006,30,1535657125012404,traffic light,0.08793,369.32,352.95,389.75,376.12,95.29,088e90aa7e85cbbe8a007492ebe1dc83a13156752536019e3e2adb3e662cf030
clip_sample_006,30,1535657125012404,bicycle,0.08759,225.09,464.11,277.69,533.29,95.29,088e90aa7e85cbbe8a007492ebe1dc83a13156752536019e3e2adb3e662cf030
clip_sample_006,30,1535657125012404,bicycle,0.08262,240.45,470.7,288.62,533.02,95.29,088e90aa7e85cbbe8a007492ebe1dc83a13156752536019e3e2adb3e662cf030
clip_sample_006,30,1535657125012404,traffic light,0.05042,1035.5,267.2,1091.11,338.31,95.29,088e90aa7e85cbbe8a007492ebe1dc83a13156752536019e3e2adb3e662cf030
clip_sample_006,31,1535657125112404,car,0.91078,429.65,449.57,733.71,546.2,94.11,bce14d1da4dcca2d224678e2acca5d7f6a39bd122ec671a635930351897c9e3d
clip_sample_006,31,1535657125112404,car,0.76351,0.26,472.32,69.49,548.91,94.11,bce14d1da4dcca2d224678e2acca5d7f6a39bd122ec671a635930351897c9e3d
clip_sample_006,31,1535657125112404,traffic light,0.426,1032.01,271.72,1065.09,334.2,94.11,bce14d1da4dcca2d224678e2acca5d7f6a39bd122ec671a635930351897c9e3d
clip_sample_006,31,1535657125112404,traffic light,0.30232,1062.67,271.74,1093.72,331.77,94.11,bce14d1da4dcca2d224678e2acca5d7f6a39bd122ec671a635930351897c9e3d
clip_sample_006,31,1535657125112404,traffic light,0.25494,1063.71,270.93,1095.8,367.19,94.11,bce14d1da4dcca2d224678e2acca5d7f6a39bd122ec671a635930351897c9e3d
clip_sample_006,31,1535657125112404,traffic light,0.24901,1061.66,269.52,1090.99,333.81,94.11,bce14d1da4dcca2d224678e2acca5d7f6a39bd122ec671a635930351897c9e3d
clip_sample_006,31,1535657125112404,person,0.23043,864.92,423.98,888.65,497.08,94.11,bce14d1da4dcca2d224678e2acca5d7f6a39bd122ec671a635930351897c9e3d
clip_sample_006,31,1535657125112404,traffic light,0.18103,860.87,310.79,883.17,373.54,94.11,bce14d1da4dcca2d224678e2acca5d7f6a39bd122ec671a635930351897c9e3d
clip_sample_006,31,1535657125112404,person,0.18101,214.51,453.1,250.16,534.29,94.11,bce14d1da4dcca2d224678e2acca5d7f6a39bd122ec671a635930351897c9e3d
clip_sample_006,31,1535657125112404,traffic light,0.14344,372.01,352.42,391.11,374.35,94.11,bce14d1da4dcca2d224678e2acca5d7f6a39bd122ec671a635930351897c9e3d
clip_sample_006,31,1535657125112404,person,0.13522,357.85,440.01,390.94,510.75,94.11,bce14d1da4dcca2d224678e2acca5d7f6a39bd122ec671a635930351897c9e3d
clip_sample_006,31,1535657125112404,bicycle,0.12613,187.22,466.66,240.98,534.11,94.11,bce14d1da4dcca2d224678e2acca5d7f6a39bd122ec671a635930351897c9e3d
clip_sample_006,31,1535657125112404,person,0.11927,217.64,453.43,249.84,521.45,94.11,bce14d1da4dcca2d224678e2acca5d7f6a39bd122ec671a635930351897c9e3d
clip_sample_006,31,1535657125112404,traffic light,0.11839,1078.78,338.12,1097.65,368.08,94.11,bce14d1da4dcca2d224678e2acca5d7f6a39bd122ec671a635930351897c9e3d
clip_sample_006,31,1535657125112404,person,0.10794,238.51,453.72,289.03,523.44,94.11,bce14d1da4dcca2d224678e2acca5d7f6a39bd122ec671a635930351897c9e3d
clip_sample_006,31,1535657125112404,person,0.10294,189.6,449.12,244.8,534.37,94.11,bce14d1da4dcca2d224678e2acca5d7f6a39bd122ec671a635930351897c9e3d
clip_sample_006,31,1535657125112404,traffic light,0.08626,369.27,350.93,389.54,375.13,94.11,bce14d1da4dcca2d224678e2acca5d7f6a39bd122ec671a635930351897c9e3d
clip_sample_006,31,1535657125112404,traffic light,0.07947,866.35,314.15,896.19,372.47,94.11,bce14d1da4dcca2d224678e2acca5d7f6a39bd122ec671a635930351897c9e3d
clip_sample_006,31,1535657125112404,bicycle,0.06679,226.62,454.1,289.67,530.52,94.11,bce14d1da4dcca2d224678e2acca5d7f6a39bd122ec671a635930351897c9e3d
clip_sample_006,31,1535657125112404,bicycle,0.05452,234.83,469.21,284.33,530.04,94.11,bce14d1da4dcca2d224678e2acca5d7f6a39bd122ec671a635930351897c9e3d
clip_sample_006,31,1535657125112404,traffic light,0.05305,859.06,314.31,876.57,383.22,94.11,bce14d1da4dcca2d224678e2acca5d7f6a39bd122ec671a635930351897c9e3d
clip_sample_006,32,1535657125162404,car,0.90414,409.35,450.25,712.11,546.86,91.34,78081510bd850610a237fc0910dbadfc32ba292971f596e0a37eb1ee5545fabc
clip_sample_006,32,1535657125162404,car,0.55925,0.0,486.77,51.18,547.23,91.34,78081510bd850610a237fc0910dbadfc32ba292971f596e0a37eb1ee5545fabc
clip_sample_006,32,1535657125162404,car,0.49234,0.0,485.72,49.81,548.01,91.34,78081510bd850610a237fc0910dbadfc32ba292971f596e0a37eb1ee5545fabc
clip_sample_006,32,1535657125162404,traffic light,0.38578,1032.13,271.36,1064.82,333.25,91.34,78081510bd850610a237fc0910dbadfc32ba292971f596e0a37eb1ee5545fabc
clip_sample_006,32,1535657125162404,traffic light,0.36652,1062.57,271.48,1093.31,331.33,91.34,78081510bd850610a237fc0910dbadfc32ba292971f596e0a37eb1ee5545fabc
clip_sample_006,32,1535657125162404,traffic light,0.32841,1061.56,268.95,1090.94,334.65,91.34,78081510bd850610a237fc0910dbadfc32ba292971f596e0a37eb1ee5545fabc
clip_sample_006,32,1535657125162404,traffic light,0.31465,859.68,310.13,882.6,380.83,91.34,78081510bd850610a237fc0910dbadfc32ba292971f596e0a37eb1ee5545fabc
clip_sample_006,32,1535657125162404,person,0.25378,864.52,423.13,888.7,497.51,91.34,78081510bd850610a237fc0910dbadfc32ba292971f596e0a37eb1ee5545fabc
clip_sample_006,32,1535657125162404,person,0.24757,185.79,450.32,241.32,533.14,91.34,78081510bd850610a237fc0910dbadfc32ba292971f596e0a37eb1ee5545fabc
clip_sample_006,32,1535657125162404,car,0.21691,632.95,422.55,676.95,464.26,91.34,78081510bd850610a237fc0910dbadfc32ba292971f596e0a37eb1ee5545fabc
clip_sample_006,32,1535657125162404,person,0.19978,203.95,456.46,242.4,531.01,91.34,78081510bd850610a237fc0910dbadfc32ba292971f596e0a37eb1ee5545fabc
clip_sample_006,32,1535657125162404,traffic light,0.13786,372.34,352.4,391.01,373.42,91.34,78081510bd850610a237fc0910dbadfc32ba292971f596e0a37eb1ee5545fabc
clip_sample_006,32,1535657125162404,traffic light,0.13491,1077.87,337.05,1098.23,368.18,91.34,78081510bd850610a237fc0910dbadfc32ba292971f596e0a37eb1ee5545fabc
clip_sample_006,32,1535657125162404,traffic light,0.0771,369.3,350.54,389.97,373.98,91.34,78081510bd850610a237fc0910dbadfc32ba292971f596e0a37eb1ee5545fabc
clip_sample_006,32,1535657125162404,truck,0.0614,632.95,422.55,676.95,464.26,91.34,78081510bd850610a237fc0910dbadfc32ba292971f596e0a37eb1ee5545fabc
clip_sample_006,32,1535657125162404,traffic light,0.06052,864.95,312.24,895.26,376.38,91.34,78081510bd850610a237fc0910dbadfc32ba292971f596e0a37eb1ee5545fabc
clip_sample_006,32,1535657125162404,bicycle,0.05852,184.16,467.78,236.5,531.58,91.34,78081510bd850610a237fc0910dbadfc32ba292971f596e0a37eb1ee5545fabc
clip_sample_006,32,1535657125162404,traffic light,0.05386,1035.32,267.35,1090.07,339.87,91.34,78081510bd850610a237fc0910dbadfc32ba292971f596e0a37eb1ee5545fabc
clip_sample_006,32,1535657125162404,traffic light,0.05341,858.45,313.99,876.37,382.97,91.34,78081510bd850610a237fc0910dbadfc32ba292971f596e0a37eb1ee5545fabc
clip_sample_006,33,1535657125262404,car,0.90987,362.29,451.71,661.15,547.27,88.94,df2b6cde2ebe9045a23e03e9a497576cdefbf4666f89e4e47013812227463206
clip_sample_006,33,1535657125262404,traffic light,0.32108,1061.34,268.92,1090.49,332.32,88.94,df2b6cde2ebe9045a23e03e9a497576cdefbf4666f89e4e47013812227463206
clip_sample_006,33,1535657125262404,traffic light,0.27699,1063.07,270.14,1095.18,368.24,88.94,df2b6cde2ebe9045a23e03e9a497576cdefbf4666f89e4e47013812227463206
clip_sample_006,33,1535657125262404,traffic light,0.25582,1062.11,271.18,1093.21,331.63,88.94,df2b6cde2ebe9045a23e03e9a497576cdefbf4666f89e4e47013812227463206
clip_sample_006,33,1535657125262404,person,0.24847,866.05,422.99,888.61,496.92,88.94,df2b6cde2ebe9045a23e03e9a497576cdefbf4666f89e4e47013812227463206
clip_sample_006,33,1535657125262404,traffic light,0.22814,1031.47,271.06,1064.82,333.26,88.94,df2b6cde2ebe9045a23e03e9a497576cdefbf4666f89e4e47013812227463206
clip_sample_006,33,1535657125262404,traffic light,0.20148,860.53,311.56,882.06,375.53,88.94,df2b6cde2ebe9045a23e03e9a497576cdefbf4666f89e4e47013812227463206
clip_sample_006,33,1535657125262404,person,0.1882,187.1,460.87,225.56,532.5,88.94,df2b6cde2ebe9045a23e03e9a497576cdefbf4666f89e4e47013812227463206
clip_sample_006,33,1535657125262404,traffic light,0.14613,1078.45,337.3,1099.42,369.23,88.94,df2b6cde2ebe9045a23e03e9a497576cdefbf4666f89e4e47013812227463206
clip_sample_006,33,1535657125262404,car,0.13643,631.15,422.8,676.7,464.78,88.94,df2b6cde2ebe9045a23e03e9a497576cdefbf4666f89e4e47013812227463206
clip_sample_006,33,1535657125262404,traffic light,0.11529,371.46,353.18,390.06,373.87,88.94,df2b6cde2ebe9045a23e03e9a497576cdefbf4666f89e4e47013812227463206
clip_sample_006,33,1535657125262404,traffic light,0.10433,368.82,350.96,389.0,375.3,88.94,df2b6cde2ebe9045a23e03e9a497576cdefbf4666f89e4e47013812227463206
clip_sample_006,33,1535657125262404,car,0.10108,0.0,493.78,17.15,536.62,88.94,df2b6cde2ebe9045a23e03e9a497576cdefbf4666f89e4e47013812227463206
clip_sample_006,33,1535657125262404,traffic light,0.08664,867.53,314.89,897.07,372.53,88.94,df2b6cde2ebe9045a23e03e9a497576cdefbf4666f89e4e47013812227463206
clip_sample_006,33,1535657125262404,traffic light,0.06383,858.3,315.69,875.99,382.13,88.94,df2b6cde2ebe9045a23e03e9a497576cdefbf4666f89e4e47013812227463206
clip_sample_006,33,1535657125262404,truck,0.05326,631.15,422.8,676.7,464.78,88.94,df2b6cde2ebe9045a23e03e9a497576cdefbf4666f89e4e47013812227463206
clip_sample_006,34,1535657125362404,car,0.90731,317.17,454.39,614.74,548.28,92.92,98e59dd66d22ef388183c5f6f1b3f3c9c2cfb158920e6c621ab572f351b9b918
clip_sample_006,34,1535657125362404,traffic light,0.35184,1031.6,270.98,1064.76,333.46,92.92,98e59dd66d22ef388183c5f6f1b3f3c9c2cfb158920e6c621ab572f351b9b918
clip_sample_006,34,1535657125362404,car,0.34091,629.5,423.14,675.2,461.33,92.92,98e59dd66d22ef388183c5f6f1b3f3c9c2cfb158920e6c621ab572f351b9b918
clip_sample_006,34,1535657125362404,traffic light,0.31926,1061.51,269.07,1091.01,335.24,92.92,98e59dd66d22ef388183c5f6f1b3f3c9c2cfb158920e6c621ab572f351b9b918
clip_sample_006,34,1535657125362404,traffic light,0.31573,1062.49,271.44,1093.04,331.82,92.92,98e59dd66d22ef388183c5f6f1b3f3c9c2cfb158920e6c621ab572f351b9b918
clip_sample_006,34,1535657125362404,traffic light,0.24832,860.21,311.92,880.51,378.01,92.92,98e59dd66d22ef388183c5f6f1b3f3c9c2cfb158920e6c621ab572f351b9b918
clip_sample_006,34,1535657125362404,person,0.23577,864.87,423.11,888.42,497.01,92.92,98e59dd66d22ef388183c5f6f1b3f3c9c2cfb158920e6c621ab572f351b9b918
clip_sample_006,34,1535657125362404,traffic light,0.15086,372.37,352.93,390.9,373.94,92.92,98e59dd66d22ef388183c5f6f1b3f3c9c2cfb158920e6c621ab572f351b9b918
clip_sample_006,34,1535657125362404,traffic light,0.12206,1063.5,270.05,1095.32,369.48,92.92,98e59dd66d22ef388183c5f6f1b3f3c9c2cfb158920e6c621ab572f351b9b918
clip_sample_006,34,1535657125362404,traffic light,0.11991,1075.97,339.19,1096.87,368.3,92.92,98e59dd66d22ef388183c5f6f1b3f3c9c2cfb158920e6c621ab572f351b9b918
clip_sample_006,34,1535657125362404,truck,0.10412,629.5,423.14,675.2,461.33,92.92,98e59dd66d22ef388183c5f6f1b3f3c9c2cfb158920e6c621ab572f351b9b918
clip_sample_006,34,1535657125362404,traffic light,0.09107,857.89,316.38,876.13,381.77,92.92,98e59dd66d22ef388183c5f6f1b3f3c9c2cfb158920e6c621ab572f351b9b918
clip_sample_006,34,1535657125362404,person,0.07643,163.49,461.44,206.71,530.92,92.92,98e59dd66d22ef388183c5f6f1b3f3c9c2cfb158920e6c621ab572f351b9b918
clip_sample_006,34,1535657125362404,traffic light,0.07279,873.2,315.4,896.03,371.32,92.92,98e59dd66d22ef388183c5f6f1b3f3c9c2cfb158920e6c621ab572f351b9b918
clip_sample_006,34,1535657125362404,person,0.06408,143.26,458.34,206.4,532.71,92.92,98e59dd66d22ef388183c5f6f1b3f3c9c2cfb158920e6c621ab572f351b9b918
clip_sample_006,34,1535657125362404,traffic light,0.05799,369.39,350.24,389.73,375.33,92.92,98e59dd66d22ef388183c5f6f1b3f3c9c2cfb158920e6c621ab572f351b9b918
clip_sample_006,35,1535657125412404,car,0.91454,293.9,455.13,592.19,548.11,96.88,ab9b838ad6ee1af0615e952773d47205f44f3528694ca2b4f79291125d0a5d45
clip_sample_006,35,1535657125412404,traffic light,0.41552,1031.88,270.94,1065.27,334.05,96.88,ab9b838ad6ee1af0615e952773d47205f44f3528694ca2b4f79291125d0a5d45
clip_sample_006,35,1535657125412404,traffic light,0.39669,1062.15,269.38,1090.72,335.39,96.88,ab9b838ad6ee1af0615e952773d47205f44f3528694ca2b4f79291125d0a5d45
clip_sample_006,35,1535657125412404,traffic light,0.34146,1062.84,271.96,1092.7,331.77,96.88,ab9b838ad6ee1af0615e952773d47205f44f3528694ca2b4f79291125d0a5d45
clip_sample_006,35,1535657125412404,car,0.28675,628.04,423.44,675.3,462.4,96.88,ab9b838ad6ee1af0615e952773d47205f44f3528694ca2b4f79291125d0a5d45
clip_sample_006,35,1535657125412404,traffic light,0.28456,860.27,310.64,883.14,378.53,96.88,ab9b838ad6ee1af0615e952773d47205f44f3528694ca2b4f79291125d0a5d45
clip_sample_006,35,1535657125412404,car,0.2058,580.58,441.24,628.46,472.47,96.88,ab9b838ad6ee1af0615e952773d47205f44f3528694ca2b4f79291125d0a5d45
clip_sample_006,35,1535657125412404,traffic light,0.16846,371.88,352.83,391.7,373.36,96.88,ab9b838ad6ee1af0615e952773d47205f44f3528694ca2b4f79291125d0a5d45
clip_sample_006,35,1535657125412404,person,0.14922,864.89,424.31,887.94,497.34,96.88,ab9b838ad6ee1af0615e952773d47205f44f3528694ca2b4f79291125d0a5d45
clip_sample_006,35,1535657125412404,traffic light,0.12463,1077.39,336.69,1097.35,366.79,96.88,ab9b838ad6ee1af0615e952773d47205f44f3528694ca2b4f79291125d0a5d45
clip_sample_006,35,1535657125412404,truck,0.11164,628.04,423.44,675.3,462.4,96.88,ab9b838ad6ee1af0615e952773d47205f44f3528694ca2b4f79291125d0a5d45
clip_sample_006,35,1535657125412404,traffic light,0.09164,369.05,351.68,389.99,373.84,96.88,ab9b838ad6ee1af0615e952773d47205f44f3528694ca2b4f79291125d0a5d45
clip_sample_006,35,1535657125412404,traffic light,0.08355,859.01,316.69,878.53,383.09,96.88,ab9b838ad6ee1af0615e952773d47205f44f3528694ca2b4f79291125d0a5d45
clip_sample_006,35,1535657125412404,person,0.06051,151.88,455.36,194.26,528.26,96.88,ab9b838ad6ee1af0615e952773d47205f44f3528694ca2b4f79291125d0a5d45
clip_sample_006,35,1535657125412404,car,0.05207,567.94,441.11,625.02,471.89,96.88,ab9b838ad6ee1af0615e952773d47205f44f3528694ca2b4f79291125d0a5d45
clip_sample_006,35,1535657125412404,traffic light,0.05093,1035.15,267.31,1089.25,339.41,96.88,ab9b838ad6ee1af0615e952773d47205f44f3528694ca2b4f79291125d0a5d45
clip_sample_006,35,1535657125412404,traffic light,0.05042,496.2,362.44,514.09,389.37,96.88,ab9b838ad6ee1af0615e952773d47205f44f3528694ca2b4f79291125d0a5d45
clip_sample_006,35,1535657125412404,traffic light,0.05024,722.74,285.95,747.56,352.32,96.88,ab9b838ad6ee1af0615e952773d47205f44f3528694ca2b4f79291125d0a5d45
clip_sample_006,36,1535657125512404,car,0.9105,249.5,457.58,548.38,548.93,99.44,6d8192b85992ebfe03c534cd5fab66964855e222d5ff8ae4107d4bfb80ece846
clip_sample_006,36,1535657125512404,car,0.46413,586.79,442.6,625.66,472.34,99.44,6d8192b85992ebfe03c534cd5fab66964855e222d5ff8ae4107d4bfb80ece846
clip_sample_006,36,1535657125512404,car,0.41428,628.51,423.57,675.57,463.19,99.44,6d8192b85992ebfe03c534cd5fab66964855e222d5ff8ae4107d4bfb80ece846
clip_sample_006,36,1535657125512404,traffic light,0.33039,1061.21,269.23,1091.17,335.19,99.44,6d8192b85992ebfe03c534cd5fab66964855e222d5ff8ae4107d4bfb80ece846
clip_sample_006,36,1535657125512404,traffic light,0.3277,1062.27,271.22,1093.01,332.02,99.44,6d8192b85992ebfe03c534cd5fab66964855e222d5ff8ae4107d4bfb80ece846
clip_sample_006,36,1535657125512404,traffic light,0.2968,1031.91,271.63,1064.75,333.77,99.44,6d8192b85992ebfe03c534cd5fab66964855e222d5ff8ae4107d4bfb80ece846
clip_sample_006,36,1535657125512404,traffic light,0.189,371.92,353.23,390.29,375.01,99.44,6d8192b85992ebfe03c534cd5fab66964855e222d5ff8ae4107d4bfb80ece846
clip_sample_006,36,1535657125512404,car,0.18622,498.2,441.49,564.41,490.83,99.44,6d8192b85992ebfe03c534cd5fab66964855e222d5ff8ae4107d4bfb80ece846
clip_sample_006,36,1535657125512404,traffic light,0.16182,368.87,351.2,389.14,375.71,99.44,6d8192b85992ebfe03c534cd5fab66964855e222d5ff8ae4107d4bfb80ece846
clip_sample_006,36,1535657125512404,traffic light,0.14627,860.06,311.73,882.1,380.89,99.44,6d8192b85992ebfe03c534cd5fab66964855e222d5ff8ae4107d4bfb80ece846
clip_sample_006,36,1535657125512404,person,0.14564,865.01,422.29,888.33,497.44,99.44,6d8192b85992ebfe03c534cd5fab66964855e222d5ff8ae4107d4bfb80ece846
clip_sample_006,36,1535657125512404,truck,0.13495,628.51,423.57,675.57,463.19,99.44,6d8192b85992ebfe03c534cd5fab66964855e222d5ff8ae4107d4bfb80ece846
clip_sample_006,36,1535657125512404,person,0.13052,136.59,457.64,172.16,523.53,99.44,6d8192b85992ebfe03c534cd5fab66964855e222d5ff8ae4107d4bfb80ece846
clip_sample_006,36,1535657125512404,traffic light,0.12964,1076.15,338.04,1097.76,368.7,99.44,6d8192b85992ebfe03c534cd5fab66964855e222d5ff8ae4107d4bfb80ece846
clip_sample_006,36,1535657125512404,traffic light,0.1189,1062.91,269.76,1095.33,368.03,99.44,6d8192b85992ebfe03c534cd5fab66964855e222d5ff8ae4107d4bfb80ece846
clip_sample_006,36,1535657125512404,traffic light,0.08917,496.19,362.26,513.84,390.36,99.44,6d8192b85992ebfe03c534cd5fab66964855e222d5ff8ae4107d4bfb80ece846
clip_sample_006,36,1535657125512404,car,0.08683,574.32,440.67,623.59,474.34,99.44,6d8192b85992ebfe03c534cd5fab66964855e222d5ff8ae4107d4bfb80ece846
clip_sample_006,36,1535657125512404,traffic light,0.07837,857.98,320.27,876.85,383.27,99.44,6d8192b85992ebfe03c534cd5fab66964855e222d5ff8ae4107d4bfb80ece846
clip_sample_011,1,1542800850912460,car,0.90078,357.99,485.57,821.14,841.43,93.22,c580a2ebe6eb940540962b5401f85aaa020ed41d007914bf5fc4a7256160aa67
clip_sample_011,1,1542800850912460,person,0.63427,1348.84,563.36,1380.81,657.79,93.22,c580a2ebe6eb940540962b5401f85aaa020ed41d007914bf5fc4a7256160aa67
clip_sample_011,1,1542800850912460,person,0.41254,1022.55,534.08,1051.04,636.68,93.22,c580a2ebe6eb940540962b5401f85aaa020ed41d007914bf5fc4a7256160aa67
clip_sample_011,1,1542800850912460,person,0.34304,973.25,506.75,997.77,575.24,93.22,c580a2ebe6eb940540962b5401f85aaa020ed41d007914bf5fc4a7256160aa67
clip_sample_011,1,1542800850912460,car,0.31174,127.13,504.55,270.03,630.87,93.22,c580a2ebe6eb940540962b5401f85aaa020ed41d007914bf5fc4a7256160aa67
clip_sample_011,1,1542800850912460,car,0.19882,0.06,495.86,161.94,627.24,93.22,c580a2ebe6eb940540962b5401f85aaa020ed41d007914bf5fc4a7256160aa67
clip_sample_011,1,1542800850912460,person,0.19283,1468.91,553.39,1508.89,611.3,93.22,c580a2ebe6eb940540962b5401f85aaa020ed41d007914bf5fc4a7256160aa67
clip_sample_011,1,1542800850912460,car,0.17635,0.98,495.8,267.45,634.73,93.22,c580a2ebe6eb940540962b5401f85aaa020ed41d007914bf5fc4a7256160aa67
clip_sample_011,1,1542800850912460,car,0.14478,271.19,576.18,333.77,621.8,93.22,c580a2ebe6eb940540962b5401f85aaa020ed41d007914bf5fc4a7256160aa67
clip_sample_011,1,1542800850912460,car,0.10963,0.0,495.54,267.36,630.61,93.22,c580a2ebe6eb940540962b5401f85aaa020ed41d007914bf5fc4a7256160aa67
clip_sample_011,1,1542800850912460,person,0.10631,1090.6,556.84,1135.92,661.93,93.22,c580a2ebe6eb940540962b5401f85aaa020ed41d007914bf5fc4a7256160aa67
clip_sample_011,1,1542800850912460,truck,0.09942,0.98,495.8,267.45,634.73,93.22,c580a2ebe6eb940540962b5401f85aaa020ed41d007914bf5fc4a7256160aa67
clip_sample_011,1,1542800850912460,person,0.06856,1089.82,479.01,1139.78,660.04,93.22,c580a2ebe6eb940540962b5401f85aaa020ed41d007914bf5fc4a7256160aa67
clip_sample_011,1,1542800850912460,car,0.06619,345.4,511.56,433.71,619.54,93.22,c580a2ebe6eb940540962b5401f85aaa020ed41d007914bf5fc4a7256160aa67
clip_sample_011,1,1542800850912460,car,0.05834,266.55,506.87,437.1,620.63,93.22,c580a2ebe6eb940540962b5401f85aaa020ed41d007914bf5fc4a7256160aa67
clip_sample_011,1,1542800850912460,truck,0.05478,0.06,495.86,161.94,627.24,93.22,c580a2ebe6eb940540962b5401f85aaa020ed41d007914bf5fc4a7256160aa67
clip_sample_011,1,1542800850912460,car,0.05158,353.47,510.99,430.63,604.07,93.22,c580a2ebe6eb940540962b5401f85aaa020ed41d007914bf5fc4a7256160aa67
clip_sample_011,2,1542800851012460,car,0.92182,333.34,481.87,803.72,847.94,90.74,aa39b6a05c07928819b2abce8522d4b5f1e88dafc6cc702a5b5e00d0e25a0a2c
clip_sample_011,2,1542800851012460,car,0.73049,0.65,491.82,262.55,630.32,90.74,aa39b6a05c07928819b2abce8522d4b5f1e88dafc6cc702a5b5e00d0e25a0a2c
clip_sample_011,2,1542800851012460,person,0.40707,1358.36,559.31,1390.56,655.37,90.74,aa39b6a05c07928819b2abce8522d4b5f1e88dafc6cc702a5b5e00d0e25a0a2c
clip_sample_011,2,1542800851012460,person,0.30995,1028.48,535.1,1054.45,629.35,90.74,aa39b6a05c07928819b2abce8522d4b5f1e88dafc6cc702a5b5e00d0e25a0a2c
clip_sample_011,2,1542800851012460,person,0.18576,1097.82,557.02,1138.34,656.89,90.74,aa39b6a05c07928819b2abce8522d4b5f1e88dafc6cc702a5b5e00d0e25a0a2c
clip_sample_011,2,1542800851012460,person,0.15624,971.61,505.67,994.23,566.59,90.74,aa39b6a05c07928819b2abce8522d4b5f1e88dafc6cc702a5b5e00d0e25a0a2c
clip_sample_011,2,1542800851012460,car,0.06373,265.9,570.53,320.5,615.68,90.74,aa39b6a05c07928819b2abce8522d4b5f1e88dafc6cc702a5b5e00d0e25a0a2c
clip_sample_011,2,1542800851012460,person,0.06289,1022.55,532.44,1050.95,630.15,90.74,aa39b6a05c07928819b2abce8522d4b5f1e88dafc6cc702a5b5e00d0e25a0a2c
clip_sample_011,2,1542800851012460,person,0.06204,1465.36,551.36,1506.9,610.21,90.74,aa39b6a05c07928819b2abce8522d4b5f1e88dafc6cc702a5b5e00d0e25a0a2c
clip_sample_011,2,1542800851012460,car,0.06118,1390.99,523.98,1438.44,582.1,90.74,aa39b6a05c07928819b2abce8522d4b5f1e88dafc6cc702a5b5e00d0e25a0a2c
clip_sample_011,2,1542800851012460,bus,0.05958,0.66,433.77,703.3,607.79,90.74,aa39b6a05c07928819b2abce8522d4b5f1e88dafc6cc702a5b5e00d0e25a0a2c
clip_sample_011,2,1542800851012460,person,0.05627,1095.94,468.63,1141.7,655.66,90.74,aa39b6a05c07928819b2abce8522d4b5f1e88dafc6cc702a5b5e00d0e25a0a2c
clip_sample_011,2,1542800851012460,truck,0.05281,0.65,491.82,262.55,630.32,90.74,aa39b6a05c07928819b2abce8522d4b5f1e88dafc6cc702a5b5e00d0e25a0a2c
clip_sample_011,3,1542800851112460,car,0.92342,306.89,475.81,786.54,817.43,93.61,eea4da5f52a1455a7ce47fc0bb2d1d653dafba2ccd910f1174c20f27dd465aae
clip_sample_011,3,1542800851112460,car,0.68757,0.45,489.16,256.47,625.99,93.61,eea4da5f52a1455a7ce47fc0bb2d1d653dafba2ccd910f1174c20f27dd465aae
clip_sample_011,3,1542800851112460,person,0.41507,1357.93,559.53,1406.12,653.69,93.61,eea4da5f52a1455a7ce47fc0bb2d1d653dafba2ccd910f1174c20f27dd465aae
clip_sample_011,3,1542800851112460,person,0.30843,1032.08,538.21,1059.88,627.22,93.61,eea4da5f52a1455a7ce47fc0bb2d1d653dafba2ccd910f1174c20f27dd465aae
clip_sample_011,3,1542800851112460,person,0.20157,1106.47,554.72,1141.27,654.84,93.61,eea4da5f52a1455a7ce47fc0bb2d1d653dafba2ccd910f1174c20f27dd465aae
clip_sample_011,3,1542800851112460,person,0.08897,967.28,498.41,983.14,562.71,93.61,eea4da5f52a1455a7ce47fc0bb2d1d653dafba2ccd910f1174c20f27dd465aae
clip_sample_011,3,1542800851112460,car,0.08331,0.0,550.8,16.9,609.59,93.61,eea4da5f52a1455a7ce47fc0bb2d1d653dafba2ccd910f1174c20f27dd465aae
clip_sample_011,3,1542800851112460,person,0.0766,966.65,500.77,983.34,562.85,93.61,eea4da5f52a1455a7ce47fc0bb2d1d653dafba2ccd910f1174c20f27dd465aae
clip_sample_011,3,1542800851112460,traffic light,0.07151,1099.98,470.19,1140.62,557.72,93.61,eea4da5f52a1455a7ce47fc0bb2d1d653dafba2ccd910f1174c20f27dd465aae
clip_sample_011,3,1542800851112460,car,0.06711,244.97,537.61,325.93,611.8,93.61,eea4da5f52a1455a7ce47fc0bb2d1d653dafba2ccd910f1174c20f27dd465aae
clip_sample_011,3,1542800851112460,car,0.06708,1390.51,524.2,1438.74,599.61,93.61,eea4da5f52a1455a7ce47fc0bb2d1d653dafba2ccd910f1174c20f27dd465aae
clip_sample_011,3,1542800851112460,truck,0.05429,1269.64,514.54,1424.98,602.43,93.61,eea4da5f52a1455a7ce47fc0bb2d1d653dafba2ccd910f1174c20f27dd465aae
clip_sample_011,4,1542800851162460,car,0.87875,292.17,476.49,777.79,818.08,91.97,4078b525d43a662cc4a5bb4224fb25f2645d7d9ec8486392e31bfdc98ce5ec38
clip_sample_011,4,1542800851162460,person,0.49425,1035.4,535.41,1062.26,627.67,91.97,4078b525d43a662cc4a5bb4224fb25f2645d7d9ec8486392e31bfdc98ce5ec38
clip_sample_011,4,1542800851162460,car,0.485,77.2,493.72,254.46,625.64,91.97,4078b525d43a662cc4a5bb4224fb25f2645d7d9ec8486392e31bfdc98ce5ec38
clip_sample_011,4,1542800851162460,person,0.39666,1110.08,556.68,1144.39,656.26,91.97,4078b525d43a662cc4a5bb4224fb25f2645d7d9ec8486392e31bfdc98ce5ec38
clip_sample_011,4,1542800851162460,person,0.26028,1365.49,558.83,1412.19,651.48,91.97,4078b525d43a662cc4a5bb4224fb25f2645d7d9ec8486392e31bfdc98ce5ec38
clip_sample_011,4,1542800851162460,car,0.14906,1.93,486.18,254.04,624.89,91.97,4078b525d43a662cc4a5bb4224fb25f2645d7d9ec8486392e31bfdc98ce5ec38
clip_sample_011,4,1542800851162460,car,0.11283,252.87,550.0,359.22,614.49,91.97,4078b525d43a662cc4a5bb4224fb25f2645d7d9ec8486392e31bfdc98ce5ec38
clip_sample_011,4,1542800851162460,person,0.10456,964.5,496.39,982.19,560.98,91.97,4078b525d43a662cc4a5bb4224fb25f2645d7d9ec8486392e31bfdc98ce5ec38
clip_sample_011,4,1542800851162460,traffic light,0.0751,1101.35,470.41,1140.87,556.04,91.97,4078b525d43a662cc4a5bb4224fb25f2645d7d9ec8486392e31bfdc98ce5ec38
clip_sample_011,4,1542800851162460,truck,0.067,1268.41,512.13,1421.64,600.69,91.97,4078b525d43a662cc4a5bb4224fb25f2645d7d9ec8486392e31bfdc98ce5ec38
clip_sample_011,4,1542800851162460,car,0.06397,254.3,564.09,315.94,610.52,91.97,4078b525d43a662cc4a5bb4224fb25f2645d7d9ec8486392e31bfdc98ce5ec38
clip_sample_011,4,1542800851162460,car,0.05139,249.92,563.79,317.01,613.84,91.97,4078b525d43a662cc4a5bb4224fb25f2645d7d9ec8486392e31bfdc98ce5ec38
clip_sample_011,5,1542800851262460,car,0.92111,263.86,476.44,760.97,806.42,89.83,ceb5140b37238822cf303e810a8eb6cac9a971ad19d8455165e6da6b8b8f24f2
clip_sample_011,5,1542800851262460,person,0.46181,1115.43,554.3,1154.14,653.53,89.83,ceb5140b37238822cf303e810a8eb6cac9a971ad19d8455165e6da6b8b8f24f2
clip_sample_011,5,1542800851262460,person,0.38868,1044.87,542.85,1070.8,631.03,89.83,ceb5140b37238822cf303e810a8eb6cac9a971ad19d8455165e6da6b8b8f24f2
clip_sample_011,5,1542800851262460,car,0.3148,727.39,540.88,776.97,637.87,89.83,ceb5140b37238822cf303e810a8eb6cac9a971ad19d8455165e6da6b8b8f24f2
clip_sample_011,5,1542800851262460,car,0.2794,3.56,488.53,264.21,624.15,89.83,ceb5140b37238822cf303e810a8eb6cac9a971ad19d8455165e6da6b8b8f24f2
clip_sample_011,5,1542800851262460,person,0.25277,743.1,542.94,778.03,635.33,89.83,ceb5140b37238822cf303e810a8eb6cac9a971ad19d8455165e6da6b8b8f24f2
clip_sample_011,5,1542800851262460,person,0.23185,953.0,494.84,977.84,559.33,89.83,ceb5140b37238822cf303e810a8eb6cac9a971ad19d8455165e6da6b8b8f24f2
clip_sample_011,5,1542800851262460,person,0.21014,1379.92,552.27,1422.97,647.46,89.83,ceb5140b37238822cf303e810a8eb6cac9a971ad19d8455165e6da6b8b8f24f2
clip_sample_011,5,1542800851262460,car,0.16719,104.39,492.46,263.21,622.55,89.83,ceb5140b37238822cf303e810a8eb6cac9a971ad19d8455165e6da6b8b8f24f2
clip_sample_011,5,1542800851262460,car,0.1604,257.19,552.89,322.57,612.96,89.83,ceb5140b37238822cf303e810a8eb6cac9a971ad19d8455165e6da6b8b8f24f2
clip_sample_011,5,1542800851262460,car,0.12049,0.0,486.09,129.27,621.13,89.83,ceb5140b37238822cf303e810a8eb6cac9a971ad19d8455165e6da6b8b8f24f2
clip_sample_011,5,1542800851262460,traffic light,0.07123,1102.78,462.61,1143.39,554.08,89.83,ceb5140b37238822cf303e810a8eb6cac9a971ad19d8455165e6da6b8b8f24f2
clip_sample_011,5,1542800851262460,car,0.05747,0.33,485.89,260.32,623.73,89.83,ceb5140b37238822cf303e810a8eb6cac9a971ad19d8455165e6da6b8b8f24f2
clip_sample_011,6,1542800851362477,car,0.89908,231.91,477.84,738.9,816.59,95.23,ea994505d968454e6de6fafc0094041b1a120d76b8c4631f53470657eb20e8d8
clip_sample_011,6,1542800851362477,car,0.64206,1.69,486.15,251.6,626.8,95.23,ea994505d968454e6de6fafc0094041b1a120d76b8c4631f53470657eb20e8d8
clip_sample_011,6,1542800851362477,person,0.51338,1049.68,540.82,1075.41,637.32,95.23,ea994505d968454e6de6fafc0094041b1a120d76b8c4631f53470657eb20e8d8
clip_sample_011,6,1542800851362477,person,0.48529,742.31,541.84,776.41,634.52,95.23,ea994505d968454e6de6fafc0094041b1a120d76b8c4631f53470657eb20e8d8
clip_sample_011,6,1542800851362477,person,0.34035,1119.01,569.41,1164.76,650.31,95.23,ea994505d968454e6de6fafc0094041b1a120d76b8c4631f53470657eb20e8d8
clip_sample_011,6,1542800851362477,person,0.1995,948.9,493.42,975.9,556.85,95.23,ea994505d968454e6de6fafc0094041b1a120d76b8c4631f53470657eb20e8d8
clip_sample_011,6,1542800851362477,person,0.10961,1120.62,544.36,1166.74,649.78,95.23,ea994505d968454e6de6fafc0094041b1a120d76b8c4631f53470657eb20e8d8
clip_sample_011,6,1542800851362477,traffic light,0.09833,633.28,451.01,684.37,493.76,95.23,ea994505d968454e6de6fafc0094041b1a120d76b8c4631f53470657eb20e8d8
clip_sample_011,6,1542800851362477,traffic light,0.0963,637.69,447.92,682.97,490.92,95.23,ea994505d968454e6de6fafc0094041b1a120d76b8c4631f53470657eb20e8d8
clip_sample_011,6,1542800851362477,person,0.09499,737.86,541.08,773.69,634.5,95.23,ea994505d968454e6de6fafc0094041b1a120d76b8c4631f53470657eb20e8d8
clip_sample_011,6,1542800851362477,person,0.08532,1404.21,543.36,1431.79,642.17,95.23,ea994505d968454e6de6fafc0094041b1a120d76b8c4631f53470657eb20e8d8
clip_sample_011,6,1542800851362477,truck,0.07071,1274.51,506.92,1413.6,595.01,95.23,ea994505d968454e6de6fafc0094041b1a120d76b8c4631f53470657eb20e8d8
clip_sample_011,6,1542800851362477,traffic light,0.06718,1106.78,467.73,1142.45,551.01,95.23,ea994505d968454e6de6fafc0094041b1a120d76b8c4631f53470657eb20e8d8
clip_sample_011,6,1542800851362477,traffic light,0.06521,632.57,450.58,671.14,491.36,95.23,ea994505d968454e6de6fafc0094041b1a120d76b8c4631f53470657eb20e8d8
clip_sample_011,6,1542800851362477,car,0.05931,1049.44,543.01,1166.84,641.22,95.23,ea994505d968454e6de6fafc0094041b1a120d76b8c4631f53470657eb20e8d8
clip_sample_011,6,1542800851362477,traffic light,0.05893,1117.82,456.18,1145.46,549.19,95.23,ea994505d968454e6de6fafc0094041b1a120d76b8c4631f53470657eb20e8d8
clip_sample_011,6,1542800851362477,person,0.05742,1406.97,543.89,1435.8,642.09,95.23,ea994505d968454e6de6fafc0094041b1a120d76b8c4631f53470657eb20e8d8
clip_sample_011,7,1542800851412460,car,0.87458,214.65,477.45,726.75,808.58,93.3,103e18eabf6624a9d6dcb3c130efd19af82109fd215184ca31b54c3f677626b8
clip_sample_011,7,1542800851412460,person,0.54148,1128.31,557.03,1168.95,647.86,93.3,103e18eabf6624a9d6dcb3c130efd19af82109fd215184ca31b54c3f677626b8
clip_sample_011,7,1542800851412460,person,0.38331,746.84,542.67,775.27,635.01,93.3,103e18eabf6624a9d6dcb3c130efd19af82109fd215184ca31b54c3f677626b8
clip_sample_011,7,1542800851412460,person,0.36424,746.24,541.81,776.05,635.21,93.3,103e18eabf6624a9d6dcb3c130efd19af82109fd215184ca31b54c3f677626b8
clip_sample_011,7,1542800851412460,car,0.22579,49.17,488.09,227.64,622.17,93.3,103e18eabf6624a9d6dcb3c130efd19af82109fd215184ca31b54c3f677626b8
clip_sample_011,7,1542800851412460,person,0.19657,1054.72,536.92,1082.48,637.19,93.3,103e18eabf6624a9d6dcb3c130efd19af82109fd215184ca31b54c3f677626b8
clip_sample_011,7,1542800851412460,car,0.16449,0.69,485.16,226.32,623.75,93.3,103e18eabf6624a9d6dcb3c130efd19af82109fd215184ca31b54c3f677626b8
clip_sample_011,7,1542800851412460,person,0.16059,1407.46,508.53,1443.71,637.82,93.3,103e18eabf6624a9d6dcb3c130efd19af82109fd215184ca31b54c3f677626b8
clip_sample_011,7,1542800851412460,person,0.14522,1407.56,510.89,1444.54,630.52,93.3,103e18eabf6624a9d6dcb3c130efd19af82109fd215184ca31b54c3f677626b8
clip_sample_011,7,1542800851412460,person,0.14394,1408.39,513.58,1440.21,634.4,93.3,103e18eabf6624a9d6dcb3c130efd19af82109fd215184ca31b54c3f677626b8
clip_sample_011,7,1542800851412460,traffic light,0.1188,1107.62,459.94,1141.39,550.83,93.3,103e18eabf6624a9d6dcb3c130efd19af82109fd215184ca31b54c3f677626b8
clip_sample_011,7,1542800851412460,person,0.09774,1057.14,539.43,1076.03,587.96,93.3,103e18eabf6624a9d6dcb3c130efd19af82109fd215184ca31b54c3f677626b8
clip_sample_011,7,1542800851412460,person,0.09674,949.46,490.68,973.65,554.1,93.3,103e18eabf6624a9d6dcb3c130efd19af82109fd215184ca31b54c3f677626b8
clip_sample_011,7,1542800851412460,car,0.08531,1490.96,561.07,1535.7,594.39,93.3,103e18eabf6624a9d6dcb3c130efd19af82109fd215184ca31b54c3f677626b8
clip_sample_011,7,1542800851412460,car,0.07837,0.0,483.62,229.43,622.46,93.3,103e18eabf6624a9d6dcb3c130efd19af82109fd215184ca31b54c3f677626b8
clip_sample_011,7,1542800851412460,car,0.0652,101.52,520.94,224.17,620.11,93.3,103e18eabf6624a9d6dcb3c130efd19af82109fd215184ca31b54c3f677626b8
clip_sample_011,7,1542800851412460,person,0.06235,947.23,493.69,968.61,554.2,93.3,103e18eabf6624a9d6dcb3c130efd19af82109fd215184ca31b54c3f677626b8
clip_sample_011,7,1542800851412460,traffic light,0.05822,1057.14,539.43,1076.03,587.96,93.3,103e18eabf6624a9d6dcb3c130efd19af82109fd215184ca31b54c3f677626b8
clip_sample_011,7,1542800851412460,traffic light,0.05617,631.32,450.13,671.11,491.99,93.3,103e18eabf6624a9d6dcb3c130efd19af82109fd215184ca31b54c3f677626b8
clip_sample_011,7,1542800851412460,traffic light,0.05487,632.41,450.47,683.43,494.13,93.3,103e18eabf6624a9d6dcb3c130efd19af82109fd215184ca31b54c3f677626b8
clip_sample_011,7,1542800851412460,traffic light,0.05435,638.55,446.21,682.12,491.33,93.3,103e18eabf6624a9d6dcb3c130efd19af82109fd215184ca31b54c3f677626b8
clip_sample_011,7,1542800851412460,person,0.05125,713.85,537.7,744.53,606.15,93.3,103e18eabf6624a9d6dcb3c130efd19af82109fd215184ca31b54c3f677626b8
clip_sample_011,7,1542800851412460,traffic light,0.05092,630.96,447.22,680.77,489.76,93.3,103e18eabf6624a9d6dcb3c130efd19af82109fd215184ca31b54c3f677626b8
clip_sample_011,8,1542800851512534,car,0.91949,181.25,477.74,701.63,825.03,93.97,059e287f6cfcb2a364d95e8a6f2cd133ef4158c9164283305d1d95a2ead5f1b6
clip_sample_011,8,1542800851512534,car,0.68355,29.35,485.74,216.8,627.99,93.97,059e287f6cfcb2a364d95e8a6f2cd133ef4158c9164283305d1d95a2ead5f1b6
clip_sample_011,8,1542800851512534,person,0.50944,745.96,540.36,776.35,635.7,93.97,059e287f6cfcb2a364d95e8a6f2cd133ef4158c9164283305d1d95a2ead5f1b6
clip_sample_011,8,1542800851512534,person,0.44736,1058.32,533.85,1086.69,620.75,93.97,059e287f6cfcb2a364d95e8a6f2cd133ef4158c9164283305d1d95a2ead5f1b6
clip_sample_011,8,1542800851512534,car,0.31359,0.86,481.46,217.13,626.61,93.97,059e287f6cfcb2a364d95e8a6f2cd133ef4158c9164283305d1d95a2ead5f1b6
clip_sample_011,8,1542800851512534,person,0.29155,698.23,534.75,732.02,634.07,93.97,059e287f6cfcb2a364d95e8a6f2cd133ef4158c9164283305d1d95a2ead5f1b6
clip_sample_011,8,1542800851512534,person,0.26133,1469.7,530.97,1503.13,595.66,93.97,059e287f6cfcb2a364d95e8a6f2cd133ef4158c9164283305d1d95a2ead5f1b6
clip_sample_011,8,1542800851512534,person,0.23496,1137.43,552.5,1172.92,643.92,93.97,059e287f6cfcb2a364d95e8a6f2cd133ef4158c9164283305d1d95a2ead5f1b6
clip_sample_011,8,1542800851512534,person,0.1844,1034.19,504.92,1056.31,539.14,93.97,059e287f6cfcb2a364d95e8a6f2cd133ef4158c9164283305d1d95a2ead5f1b6
clip_sample_011,8,1542800851512534,person,0.16491,1425.46,531.55,1458.67,635.27,93.97,059e287f6cfcb2a364d95e8a6f2cd133ef4158c9164283305d1d95a2ead5f1b6
clip_sample_011,8,1542800851512534,traffic light,0.13745,646.73,443.33,681.06,494.66,93.97,059e287f6cfcb2a364d95e8a6f2cd133ef4158c9164283305d1d95a2ead5f1b6
clip_sample_011,8,1542800851512534,person,0.1285,743.07,539.58,772.01,637.64,93.97,059e287f6cfcb2a364d95e8a6f2cd133ef4158c9164283305d1d95a2ead5f1b6
clip_sample_011,8,1542800851512534,person,0.12657,705.32,534.57,742.96,635.88,93.97,059e287f6cfcb2a364d95e8a6f2cd133ef4158c9164283305d1d95a2ead5f1b6
clip_sample_011,8,1542800851512534,car,0.12511,645.49,511.38,710.2,571.4,93.97,059e287f6cfcb2a364d95e8a6f2cd133ef4158c9164283305d1d95a2ead5f1b6
clip_sample_011,8,1542800851512534,car,0.12375,1503.79,557.46,1539.66,585.92,93.97,059e287f6cfcb2a364d95e8a6f2cd133ef4158c9164283305d1d95a2ead5f1b6
clip_sample_011,8,1542800851512534,car,0.1158,646.89,512.79,712.66,569.54,93.97,059e287f6cfcb2a364d95e8a6f2cd133ef4158c9164283305d1d95a2ead5f1b6
clip_sample_011,8,1542800851512534,traffic light,0.10807,1109.95,451.08,1147.84,544.48,93.97,059e287f6cfcb2a364d95e8a6f2cd133ef4158c9164283305d1d95a2ead5f1b6
clip_sample_011,8,1542800851512534,person,0.10202,1403.01,532.63,1423.32,589.06,93.97,059e287f6cfcb2a364d95e8a6f2cd133ef4158c9164283305d1d95a2ead5f1b6
clip_sample_011,8,1542800851512534,traffic light,0.09133,635.02,443.52,680.89,503.95,93.97,059e287f6cfcb2a364d95e8a6f2cd133ef4158c9164283305d1d95a2ead5f1b6
clip_sample_011,8,1542800851512534,traffic light,0.07819,632.64,444.35,667.19,492.16,93.97,059e287f6cfcb2a364d95e8a6f2cd133ef4158c9164283305d1d95a2ead5f1b6
clip_sample_011,8,1542800851512534,car,0.0709,1504.91,556.69,1538.77,583.08,93.97,059e287f6cfcb2a364d95e8a6f2cd133ef4158c9164283305d1d95a2ead5f1b6
clip_sample_011,8,1542800851512534,traffic light,0.06709,631.49,447.86,660.94,496.35,93.97,059e287f6cfcb2a364d95e8a6f2cd133ef4158c9164283305d1d95a2ead5f1b6
clip_sample_011,8,1542800851512534,car,0.05264,644.59,510.16,731.42,630.85,93.97,059e287f6cfcb2a364d95e8a6f2cd133ef4158c9164283305d1d95a2ead5f1b6
clip_sample_011,9,1542800851612460,car,0.92156,142.29,472.65,682.89,803.3,92.77,81c552314de3c3e564f693b0be14457fbe76ead112a6958c907c048c511f78d8
clip_sample_011,9,1542800851612460,person,0.65738,748.61,537.79,782.15,626.12,92.77,81c552314de3c3e564f693b0be14457fbe76ead112a6958c907c048c511f78d8
clip_sample_011,9,1542800851612460,car,0.60493,1.68,478.97,207.61,625.84,92.77,81c552314de3c3e564f693b0be14457fbe76ead112a6958c907c048c511f78d8
clip_sample_011,9,1542800851612460,person,0.54093,694.93,537.12,732.38,631.61,92.77,81c552314de3c3e564f693b0be14457fbe76ead112a6958c907c048c511f78d8
clip_sample_011,9,1542800851612460,person,0.40217,1149.12,546.98,1188.51,641.04,92.77,81c552314de3c3e564f693b0be14457fbe76ead112a6958c907c048c511f78d8
clip_sample_011,9,1542800851612460,person,0.37746,1431.45,537.09,1469.83,638.32,92.77,81c552314de3c3e564f693b0be14457fbe76ead112a6958c907c048c511f78d8
clip_sample_011,9,1542800851612460,car,0.35263,1163.07,582.19,1290.45,635.15,92.77,81c552314de3c3e564f693b0be14457fbe76ead112a6958c907c048c511f78d8
clip_sample_011,9,1542800851612460,car,0.33233,1506.22,549.98,1546.22,581.09,92.77,81c552314de3c3e564f693b0be14457fbe76ead112a6958c907c048c511f78d8
clip_sample_011,9,1542800851612460,person,0.24968,1072.24,530.84,1094.36,593.54,92.77,81c552314de3c3e564f693b0be14457fbe76ead112a6958c907c048c511f78d8
clip_sample_011,9,1542800851612460,car,0.19436,619.84,511.22,714.51,582.13,92.77,81c552314de3c3e564f693b0be14457fbe76ead112a6958c907c048c511f78d8
clip_sample_011,9,1542800851612460,car,0.16495,1160.54,557.6,1307.53,635.0,92.77,81c552314de3c3e564f693b0be14457fbe76ead112a6958c907c048c511f78d8
clip_sample_011,9,1542800851612460,person,0.14474,1037.27,497.4,1056.88,530.15,92.77,81c552314de3c3e564f693b0be14457fbe76ead112a6958c907c048c511f78d8
clip_sample_011,9,1542800851612460,person,0.09931,1067.82,531.08,1098.41,618.86,92.77,81c552314de3c3e564f693b0be14457fbe76ead112a6958c907c048c511f78d8
clip_sample_011,9,1542800851612460,person,0.09751,1469.17,524.76,1499.29,586.95,92.77,81c552314de3c3e564f693b0be14457fbe76ead112a6958c907c048c511f78d8
clip_sample_011,9,1542800851612460,person,0.08041,1467.03,523.66,1501.0,603.89,92.77,81c552314de3c3e564f693b0be14457fbe76ead112a6958c907c048c511f78d8
clip_sample_011,9,1542800851612460,person,0.07467,1420.1,512.05,1442.1,584.24,92.77,81c552314de3c3e564f693b0be14457fbe76ead112a6958c907c048c511f78d8
clip_sample_011,9,1542800851612460,car,0.06101,617.72,505.18,731.65,592.12,92.77,81c552314de3c3e564f693b0be14457fbe76ead112a6958c907c048c511f78d8
clip_sample_011,9,1542800851612460,person,0.05124,1064.41,531.79,1109.24,629.61,92.77,81c552314de3c3e564f693b0be14457fbe76ead112a6958c907c048c511f78d8
clip_sample_011,10,1542800851662460,car,0.92095,124.82,473.51,668.84,813.43,103.13,d05bb6ed211808d2e6fc2251596a2214378224512d10e487072d2ca5ed5001da
clip_sample_011,10,1542800851662460,car,0.64412,1.96,478.39,194.94,622.99,103.13,d05bb6ed211808d2e6fc2251596a2214378224512d10e487072d2ca5ed5001da
clip_sample_011,10,1542800851662460,person,0.5945,749.14,537.91,780.02,625.69,103.13,d05bb6ed211808d2e6fc2251596a2214378224512d10e487072d2ca5ed5001da
clip_sample_011,10,1542800851662460,car,0.35184,1505.48,546.22,1549.42,579.25,103.13,d05bb6ed211808d2e6fc2251596a2214378224512d10e487072d2ca5ed5001da
clip_sample_011,10,1542800851662460,person,0.25259,1436.21,523.72,1485.79,635.06,103.13,d05bb6ed211808d2e6fc2251596a2214378224512d10e487072d2ca5ed5001da
clip_sample_011,10,1542800851662460,traffic light,0.23815,629.69,437.38,676.87,489.76,103.13,d05bb6ed211808d2e6fc2251596a2214378224512d10e487072d2ca5ed5001da
clip_sample_011,10,1542800851662460,person,0.19973,1440.01,527.9,1483.21,634.72,103.13,d05bb6ed211808d2e6fc2251596a2214378224512d10e487072d2ca5ed5001da
clip_sample_011,10,1542800851662460,person,0.18339,1422.01,513.93,1444.7,581.53,103.13,d05bb6ed211808d2e6fc2251596a2214378224512d10e487072d2ca5ed5001da
clip_sample_011,10,1542800851662460,person,0.1706,1153.29,536.29,1192.57,640.74,103.13,d05bb6ed211808d2e6fc2251596a2214378224512d10e487072d2ca5ed5001da
clip_sample_011,10,1542800851662460,car,0.16109,605.57,507.33,722.43,566.22,103.13,d05bb6ed211808d2e6fc2251596a2214378224512d10e487072d2ca5ed5001da
clip_sample_011,10,1542800851662460,person,0.13782,695.48,531.84,731.44,630.65,103.13,d05bb6ed211808d2e6fc2251596a2214378224512d10e487072d2ca5ed5001da
clip_sample_011,10,1542800851662460,person,0.12026,1419.57,520.59,1439.89,580.87,103.13,d05bb6ed211808d2e6fc2251596a2214378224512d10e487072d2ca5ed5001da
clip_sample_011,10,1542800851662460,car,0.10435,606.16,504.24,735.25,588.8,103.13,d05bb6ed211808d2e6fc2251596a2214378224512d10e487072d2ca5ed5001da
clip_sample_011,10,1542800851662460,traffic light,0.08988,1113.8,443.45,1151.31,532.92,103.13,d05bb6ed211808d2e6fc2251596a2214378224512d10e487072d2ca5ed5001da
clip_sample_011,10,1542800851662460,person,0.07068,1033.63,498.55,1057.71,529.41,103.13,d05bb6ed211808d2e6fc2251596a2214378224512d10e487072d2ca5ed5001da
clip_sample_011,10,1542800851662460,traffic light,0.06968,1125.82,439.72,1154.51,526.52,103.13,d05bb6ed211808d2e6fc2251596a2214378224512d10e487072d2ca5ed5001da
clip_sample_011,11,1542800851762460,car,0.92375,87.32,470.57,631.76,819.56,98.58,f919374b508a7df808d524c4fe916b87b52a5fe09c80a63f06c103b641238ad8
clip_sample_011,11,1542800851762460,person,0.69933,749.37,531.52,782.29,624.09,98.58,f919374b508a7df808d524c4fe916b87b52a5fe09c80a63f06c103b641238ad8
clip_sample_011,11,1542800851762460,car,0.5921,0.64,474.59,171.93,624.2,98.58,f919374b508a7df808d524c4fe916b87b52a5fe09c80a63f06c103b641238ad8
clip_sample_011,11,1542800851762460,person,0.54796,629.52,541.83,689.46,695.14,98.58,f919374b508a7df808d524c4fe916b87b52a5fe09c80a63f06c103b641238ad8
clip_sample_011,11,1542800851762460,person,0.33783,1084.41,517.61,1108.95,602.18,98.58,f919374b508a7df808d524c4fe916b87b52a5fe09c80a63f06c103b641238ad8
clip_sample_011,11,1542800851762460,car,0.31119,1500.21,542.9,1554.54,575.97,98.58,f919374b508a7df808d524c4fe916b87b52a5fe09c80a63f06c103b641238ad8
clip_sample_011,11,1542800851762460,person,0.30396,1168.1,541.83,1200.35,634.28,98.58,f919374b508a7df808d524c4fe916b87b52a5fe09c80a63f06c103b641238ad8
clip_sample_011,11,1542800851762460,person,0.29919,696.46,530.38,731.71,628.38,98.58,f919374b508a7df808d524c4fe916b87b52a5fe09c80a63f06c103b641238ad8
clip_sample_011,11,1542800851762460,person,0.29313,80.65,597.4,371.29,896.16,98.58,f919374b508a7df808d524c4fe916b87b52a5fe09c80a63f06c103b641238ad8
clip_sample_011,11,1542800851762460,person,0.27755,1457.89,518.84,1494.38,628.84,98.58,f919374b508a7df808d524c4fe916b87b52a5fe09c80a63f06c103b641238ad8
clip_sample_011,11,1542800851762460,person,0.26976,1422.19,510.73,1448.1,577.86,98.58,f919374b508a7df808d524c4fe916b87b52a5fe09c80a63f06c103b641238ad8
clip_sample_011,11,1542800851762460,person,0.21542,1459.94,517.03,1505.0,629.84,98.58,f919374b508a7df808d524c4fe916b87b52a5fe09c80a63f06c103b641238ad8
clip_sample_011,11,1542800851762460,person,0.10843,81.73,589.42,367.9,898.15,98.58,f919374b508a7df808d524c4fe916b87b52a5fe09c80a63f06c103b641238ad8
clip_sample_011,11,1542800851762460,person,0.10604,704.94,521.78,742.09,629.62,98.58,f919374b508a7df808d524c4fe916b87b52a5fe09c80a63f06c103b641238ad8
clip_sample_011,11,1542800851762460,traffic light,0.09556,1124.56,441.8,1155.49,517.08,98.58,f919374b508a7df808d524c4fe916b87b52a5fe09c80a63f06c103b641238ad8
clip_sample_011,11,1542800851762460,traffic light,0.07568,1117.64,441.09,1156.05,533.58,98.58,f919374b508a7df808d524c4fe916b87b52a5fe09c80a63f06c103b641238ad8
clip_sample_011,11,1542800851762460,person,0.07565,1168.37,541.93,1202.64,635.45,98.58,f919374b508a7df808d524c4fe916b87b52a5fe09c80a63f06c103b641238ad8
clip_sample_011,11,1542800851762460,person,0.06197,1418.98,513.44,1444.53,576.29,98.58,f919374b508a7df808d524c4fe916b87b52a5fe09c80a63f06c103b641238ad8
clip_sample_011,11,1542800851762460,car,0.06021,572.8,497.83,727.0,578.2,98.58,f919374b508a7df808d524c4fe916b87b52a5fe09c80a63f06c103b641238ad8
clip_sample_011,11,1542800851762460,person,0.05977,1040.09,489.83,1059.06,524.04,98.58,f919374b508a7df808d524c4fe916b87b52a5fe09c80a63f06c103b641238ad8
clip_sample_011,11,1542800851762460,person,0.05974,1451.11,521.04,1500.3,633.07,98.58,f919374b508a7df808d524c4fe916b87b52a5fe09c80a63f06c103b641238ad8
clip_sample_011,11,1542800851762460,umbrella,0.0552,617.41,504.33,719.54,544.83,98.58,f919374b508a7df808d524c4fe916b87b52a5fe09c80a63f06c103b641238ad8
clip_sample_011,11,1542800851762460,tv,0.05075,1319.44,314.85,1429.25,377.13,98.58,f919374b508a7df808d524c4fe916b87b52a5fe09c80a63f06c103b641238ad8
clip_sample_011,11,1542800851762460,person,0.05072,1363.53,550.9,1378.47,575.83,98.58,f919374b508a7df808d524c4fe916b87b52a5fe09c80a63f06c103b641238ad8
clip_sample_011,11,1542800851762460,traffic light,0.05038,645.92,430.58,678.46,497.94,98.58,f919374b508a7df808d524c4fe916b87b52a5fe09c80a63f06c103b641238ad8
clip_sample_011,12,1542800851862460,car,0.90687,38.87,468.45,597.95,829.67,91.87,434feccbdd9b818aa62e32765e5a172c453c78c2ad8242303b15e6629d419e20
clip_sample_011,12,1542800851862460,person,0.70641,749.81,527.06,783.85,627.49,91.87,434feccbdd9b818aa62e32765e5a172c453c78c2ad8242303b15e6629d419e20
clip_sample_011,12,1542800851862460,person,0.65221,640.34,532.1,692.98,688.62,91.87,434feccbdd9b818aa62e32765e5a172c453c78c2ad8242303b15e6629d419e20
clip_sample_011,12,1542800851862460,person,0.53642,1469.98,511.3,1508.55,626.03,91.87,434feccbdd9b818aa62e32765e5a172c453c78c2ad8242303b15e6629d419e20
clip_sample_011,12,1542800851862460,person,0.45493,1.03,621.03,295.04,899.12,91.87,434feccbdd9b818aa62e32765e5a172c453c78c2ad8242303b15e6629d419e20
clip_sample_011,12,1542800851862460,person,0.41568,0.0,615.56,300.43,896.74,91.87,434feccbdd9b818aa62e32765e5a172c453c78c2ad8242303b15e6629d419e20
clip_sample_011,12,1542800851862460,person,0.34401,1420.03,499.97,1445.1,574.61,91.87,434feccbdd9b818aa62e32765e5a172c453c78c2ad8242303b15e6629d419e20
clip_sample_011,12,1542800851862460,person,0.34034,1177.72,493.81,1224.37,636.18,91.87,434feccbdd9b818aa62e32765e5a172c453c78c2ad8242303b15e6629d419e20
clip_sample_011,12,1542800851862460,car,0.33407,0.13,470.57,125.82,618.3,91.87,434feccbdd9b818aa62e32765e5a172c453c78c2ad8242303b15e6629d419e20
clip_sample_011,12,1542800851862460,car,0.28162,550.36,494.25,730.77,574.57,91.87,434feccbdd9b818aa62e32765e5a172c453c78c2ad8242303b15e6629d419e20
clip_sample_011,12,1542800851862460,umbrella,0.1874,630.6,499.55,726.84,542.48,91.87,434feccbdd9b818aa62e32765e5a172c453c78c2ad8242303b15e6629d419e20
clip_sample_011,12,1542800851862460,person,0.176,1039.24,485.06,1061.19,519.44,91.87,434feccbdd9b818aa62e32765e5a172c453c78c2ad8242303b15e6629d419e20
clip_sample_011,12,1542800851862460,person,0.1451,696.49,525.04,731.68,624.19,91.87,434feccbdd9b818aa62e32765e5a172c453c78c2ad8242303b15e6629d419e20
clip_sample_011,12,1542800851862460,traffic light,0.13728,1122.4,438.14,1157.2,527.33,91.87,434feccbdd9b818aa62e32765e5a172c453c78c2ad8242303b15e6629d419e20
clip_sample_011,12,1542800851862460,car,0.12019,1506.38,537.71,1558.72,568.91,91.87,434feccbdd9b818aa62e32765e5a172c453c78c2ad8242303b15e6629d419e20
clip_sample_011,12,1542800851862460,person,0.11113,697.84,526.96,732.06,622.03,91.87,434feccbdd9b818aa62e32765e5a172c453c78c2ad8242303b15e6629d419e20
clip_sample_011,12,1542800851862460,car,0.09054,1502.75,531.53,1560.69,569.51,91.87,434feccbdd9b818aa62e32765e5a172c453c78c2ad8242303b15e6629d419e20
clip_sample_011,12,1542800851862460,person,0.06413,1088.9,521.72,1119.78,622.97,91.87,434feccbdd9b818aa62e32765e5a172c453c78c2ad8242303b15e6629d419e20
clip_sample_011,12,1542800851862460,person,0.06056,707.55,520.0,745.49,627.43,91.87,434feccbdd9b818aa62e32765e5a172c453c78c2ad8242303b15e6629d419e20
clip_sample_011,12,1542800851862460,person,0.05541,1013.87,485.34,1032.97,520.53,91.87,434feccbdd9b818aa62e32765e5a172c453c78c2ad8242303b15e6629d419e20
clip_sample_011,12,1542800851862460,car,0.05173,52.86,520.62,122.71,570.33,91.87,434feccbdd9b818aa62e32765e5a172c453c78c2ad8242303b15e6629d419e20
clip_sample_011,13,1542800851912460,car,0.90482,33.4,468.42,579.5,808.29,89.42,7de7471841ae1878f86a57286cf6392d70a262c10e187fca352a5cfe55e442bd
clip_sample_011,13,1542800851912460,person,0.75358,0.0,587.27,290.68,896.42,89.42,7de7471841ae1878f86a57286cf6392d70a262c10e187fca352a5cfe55e442bd
clip_sample_011,13,1542800851912460,person,0.74471,749.73,523.2,785.98,627.77,89.42,7de7471841ae1878f86a57286cf6392d70a262c10e187fca352a5cfe55e442bd
clip_sample_011,13,1542800851912460,person,0.49346,642.01,530.33,694.35,685.87,89.42,7de7471841ae1878f86a57286cf6392d70a262c10e187fca352a5cfe55e442bd
clip_sample_011,13,1542800851912460,person,0.49268,1474.6,515.02,1514.44,625.23,89.42,7de7471841ae1878f86a57286cf6392d70a262c10e187fca352a5cfe55e442bd
clip_sample_011,13,1542800851912460,person,0.35168,1419.97,496.08,1443.67,572.25,89.42,7de7471841ae1878f86a57286cf6392d70a262c10e187fca352a5cfe55e442bd
clip_sample_011,13,1542800851912460,person,0.34311,694.65,524.96,732.6,625.13,89.42,7de7471841ae1878f86a57286cf6392d70a262c10e187fca352a5cfe55e442bd
clip_sample_011,13,1542800851912460,person,0.33045,1181.68,524.44,1223.81,633.26,89.42,7de7471841ae1878f86a57286cf6392d70a262c10e187fca352a5cfe55e442bd
clip_sample_011,13,1542800851912460,umbrella,0.31389,636.86,489.73,727.51,543.27,89.42,7de7471841ae1878f86a57286cf6392d70a262c10e187fca352a5cfe55e442bd
clip_sample_011,13,1542800851912460,person,0.18232,1040.12,485.95,1062.5,519.45,89.42,7de7471841ae1878f86a57286cf6392d70a262c10e187fca352a5cfe55e442bd
clip_sample_011,13,1542800851912460,car,0.1169,0.0,556.03,21.07,624.32,89.42,7de7471841ae1878f86a57286cf6392d70a262c10e187fca352a5cfe55e442bd
clip_sample_011,13,1542800851912460,traffic light,0.10495,1124.08,446.72,1157.82,522.71,89.42,7de7471841ae1878f86a57286cf6392d70a262c10e187fca352a5cfe55e442bd
clip_sample_011,13,1542800851912460,person,0.10023,698.73,518.35,741.18,626.84,89.42,7de7471841ae1878f86a57286cf6392d70a262c10e187fca352a5cfe55e442bd
clip_sample_011,13,1542800851912460,car,0.09886,0.5,468.97,108.92,600.7,89.42,7de7471841ae1878f86a57286cf6392d70a262c10e187fca352a5cfe55e442bd
clip_sample_011,13,1542800851912460,car,0.097,574.27,498.87,653.11,569.32,89.42,7de7471841ae1878f86a57286cf6392d70a262c10e187fca352a5cfe55e442bd
clip_sample_011,13,1542800851912460,person,0.09228,1096.65,522.05,1124.19,608.82,89.42,7de7471841ae1878f86a57286cf6392d70a262c10e187fca352a5cfe55e442bd
clip_sample_011,13,1542800851912460,traffic light,0.08468,1125.06,431.58,1162.18,523.92,89.42,7de7471841ae1878f86a57286cf6392d70a262c10e187fca352a5cfe55e442bd
clip_sample_011,13,1542800851912460,person,0.07405,905.9,470.6,948.24,563.4,89.42,7de7471841ae1878f86a57286cf6392d70a262c10e187fca352a5cfe55e442bd
clip_sample_011,13,1542800851912460,person,0.05812,1014.44,487.42,1033.32,519.45,89.42,7de7471841ae1878f86a57286cf6392d70a262c10e187fca352a5cfe55e442bd
clip_sample_011,13,1542800851912460,traffic light,0.05789,1114.5,441.35,1156.97,525.59,89.42,7de7471841ae1878f86a57286cf6392d70a262c10e187fca352a5cfe55e442bd
clip_sample_011,13,1542800851912460,car,0.05427,571.44,489.39,732.76,563.32,89.42,7de7471841ae1878f86a57286cf6392d70a262c10e187fca352a5cfe55e442bd
clip_sample_011,13,1542800851912460,car,0.05269,1513.99,537.39,1562.48,567.16,89.42,7de7471841ae1878f86a57286cf6392d70a262c10e187fca352a5cfe55e442bd
clip_sample_011,14,1542800852012460,car,0.69163,168.76,461.96,541.27,820.89,90.43,48b8e11bbb817c87ac32f6dd96df124b792ad10d0015c8121aa047771749ec7d
clip_sample_011,14,1542800852012460,person,0.6855,750.59,521.25,783.43,622.95,90.43,48b8e11bbb817c87ac32f6dd96df124b792ad10d0015c8121aa047771749ec7d
clip_sample_011,14,1542800852012460,person,0.6228,643.42,529.4,699.22,688.94,90.43,48b8e11bbb817c87ac32f6dd96df124b792ad10d0015c8121aa047771749ec7d
clip_sample_011,14,1542800852012460,person,0.53514,1488.98,520.91,1532.29,632.64,90.43,48b8e11bbb817c87ac32f6dd96df124b792ad10d0015c8121aa047771749ec7d
clip_sample_011,14,1542800852012460,person,0.51426,1195.21,532.92,1232.3,631.0,90.43,48b8e11bbb817c87ac32f6dd96df124b792ad10d0015c8121aa047771749ec7d
clip_sample_011,14,1542800852012460,umbrella,0.30758,642.96,488.66,729.86,543.69,90.43,48b8e11bbb817c87ac32f6dd96df124b792ad10d0015c8121aa047771749ec7d
clip_sample_011,14,1542800852012460,person,0.23896,1421.5,495.33,1443.47,566.76,90.43,48b8e11bbb817c87ac32f6dd96df124b792ad10d0015c8121aa047771749ec7d
clip_sample_011,14,1542800852012460,person,0.22197,1422.15,493.16,1445.28,566.78,90.43,48b8e11bbb817c87ac32f6dd96df124b792ad10d0015c8121aa047771749ec7d
clip_sample_011,14,1542800852012460,car,0.20088,1.14,455.85,541.77,824.04,90.43,48b8e11bbb817c87ac32f6dd96df124b792ad10d0015c8121aa047771749ec7d
clip_sample_011,14,1542800852012460,traffic light,0.19491,1127.66,437.57,1161.15,523.04,90.43,48b8e11bbb817c87ac32f6dd96df124b792ad10d0015c8121aa047771749ec7d
clip_sample_011,14,1542800852012460,car,0.17283,0.38,560.51,201.01,753.11,90.43,48b8e11bbb817c87ac32f6dd96df124b792ad10d0015c8121aa047771749ec7d
clip_sample_011,14,1542800852012460,person,0.15877,690.24,527.59,733.04,623.65,90.43,48b8e11bbb817c87ac32f6dd96df124b792ad10d0015c8121aa047771749ec7d
clip_sample_011,14,1542800852012460,person,0.11137,1040.97,481.64,1064.44,517.92,90.43,48b8e11bbb817c87ac32f6dd96df124b792ad10d0015c8121aa047771749ec7d
clip_sample_011,14,1542800852012460,tv,0.09801,1128.63,289.12,1297.52,372.09,90.43,48b8e11bbb817c87ac32f6dd96df124b792ad10d0015c8121aa047771749ec7d
clip_sample_011,14,1542800852012460,tv,0.09768,1531.2,295.9,1599.59,363.86,90.43,48b8e11bbb817c87ac32f6dd96df124b792ad10d0015c8121aa047771749ec7d
clip_sample_011,14,1542800852012460,car,0.09743,1525.3,532.3,1569.9,565.33,90.43,48b8e11bbb817c87ac32f6dd96df124b792ad10d0015c8121aa047771749ec7d
clip_sample_011,14,1542800852012460,person,0.09713,1472.43,507.18,1502.46,579.93,90.43,48b8e11bbb817c87ac32f6dd96df124b792ad10d0015c8121aa047771749ec7d
clip_sample_011,14,1542800852012460,person,0.09638,1106.83,515.74,1136.46,619.5,90.43,48b8e11bbb817c87ac32f6dd96df124b792ad10d0015c8121aa047771749ec7d
clip_sample_011,14,1542800852012460,car,0.09162,532.13,486.42,739.2,565.03,90.43,48b8e11bbb817c87ac32f6dd96df124b792ad10d0015c8121aa047771749ec7d
clip_sample_011,14,1542800852012460,tv,0.0783,948.47,297.16,1106.72,372.17,90.43,48b8e11bbb817c87ac32f6dd96df124b792ad10d0015c8121aa047771749ec7d
clip_sample_011,14,1542800852012460,person,0.07667,1471.12,510.13,1500.31,588.18,90.43,48b8e11bbb817c87ac32f6dd96df124b792ad10d0015c8121aa047771749ec7d
clip_sample_011,14,1542800852012460,person,0.0681,557.15,480.34,580.66,513.88,90.43,48b8e11bbb817c87ac32f6dd96df124b792ad10d0015c8121aa047771749ec7d
clip_sample_011,14,1542800852012460,tv,0.06757,1132.5,291.58,1296.03,372.32,90.43,48b8e11bbb817c87ac32f6dd96df124b792ad10d0015c8121aa047771749ec7d
clip_sample_011,14,1542800852012460,truck,0.06704,532.13,486.42,739.2,565.03,90.43,48b8e11bbb817c87ac32f6dd96df124b792ad10d0015c8121aa047771749ec7d
clip_sample_011,14,1542800852012460,person,0.06526,625.73,419.21,670.85,495.08,90.43,48b8e11bbb817c87ac32f6dd96df124b792ad10d0015c8121aa047771749ec7d
clip_sample_011,14,1542800852012460,person,0.06398,673.59,533.08,706.63,621.07,90.43,48b8e11bbb817c87ac32f6dd96df124b792ad10d0015c8121aa047771749ec7d
clip_sample_011,14,1542800852012460,person,0.06128,619.61,424.12,648.16,492.77,90.43,48b8e11bbb817c87ac32f6dd96df124b792ad10d0015c8121aa047771749ec7d
clip_sample_011,14,1542800852012460,tv,0.05896,953.99,306.17,1101.51,367.86,90.43,48b8e11bbb817c87ac32f6dd96df124b792ad10d0015c8121aa047771749ec7d
clip_sample_011,14,1542800852012460,person,0.05762,648.05,420.56,675.63,472.88,90.43,48b8e11bbb817c87ac32f6dd96df124b792ad10d0015c8121aa047771749ec7d
clip_sample_011,14,1542800852012460,person,0.05757,696.97,520.72,740.19,624.46,90.43,48b8e11bbb817c87ac32f6dd96df124b792ad10d0015c8121aa047771749ec7d
clip_sample_011,14,1542800852012460,person,0.05309,647.13,424.36,677.35,490.96,90.43,48b8e11bbb817c87ac32f6dd96df124b792ad10d0015c8121aa047771749ec7d
clip_sample_011,14,1542800852012460,tv,0.05108,1327.76,300.14,1446.87,363.23,90.43,48b8e11bbb817c87ac32f6dd96df124b792ad10d0015c8121aa047771749ec7d
clip_sample_011,14,1542800852012460,tv,0.0505,782.43,310.74,883.09,366.67,90.43,48b8e11bbb817c87ac32f6dd96df124b792ad10d0015c8121aa047771749ec7d
clip_sample_011,15,1542800852112460,car,0.724,0.0,458.4,504.91,812.02,91.51,59f17d23dabc1b22a2d4f4f73544e90c6c7356c5254a1eceb7aa2a9873b99d61
clip_sample_011,15,1542800852112460,person,0.64875,1204.79,529.47,1245.71,625.27,91.51,59f17d23dabc1b22a2d4f4f73544e90c6c7356c5254a1eceb7aa2a9873b99d61
clip_sample_011,15,1542800852112460,person,0.61419,753.45,518.36,782.61,618.24,91.51,59f17d23dabc1b22a2d4f4f73544e90c6c7356c5254a1eceb7aa2a9873b99d61
clip_sample_011,15,1542800852112460,person,0.58791,647.55,527.63,707.75,690.51,91.51,59f17d23dabc1b22a2d4f4f73544e90c6c7356c5254a1eceb7aa2a9873b99d61
clip_sample_011,15,1542800852112460,car,0.51409,0.0,460.01,501.86,808.15,91.51,59f17d23dabc1b22a2d4f4f73544e90c6c7356c5254a1eceb7aa2a9873b99d61
clip_sample_011,15,1542800852112460,person,0.41823,1497.18,518.66,1567.19,631.17,91.51,59f17d23dabc1b22a2d4f4f73544e90c6c7356c5254a1eceb7aa2a9873b99d61
clip_sample_011,15,1542800852112460,person,0.38123,1472.78,504.26,1503.57,583.89,91.51,59f17d23dabc1b22a2d4f4f73544e90c6c7356c5254a1eceb7aa2a9873b99d61
clip_sample_011,15,1542800852112460,tv,0.36499,1332.44,289.95,1507.85,361.29,91.51,59f17d23dabc1b22a2d4f4f73544e90c6c7356c5254a1eceb7aa2a9873b99d61
clip_sample_011,15,1542800852112460,person,0.27942,1419.8,503.22,1443.78,563.14,91.51,59f17d23dabc1b22a2d4f4f73544e90c6c7356c5254a1eceb7aa2a9873b99d61
clip_sample_011,15,1542800852112460,tv,0.24742,947.66,276.49,1111.4,366.06,91.51,59f17d23dabc1b22a2d4f4f73544e90c6c7356c5254a1eceb7aa2a9873b99d61
clip_sample_011,15,1542800852112460,person,0.21478,1498.68,520.11,1558.81,627.99,91.51,59f17d23dabc1b22a2d4f4f73544e90c6c7356c5254a1eceb7aa2a9873b99d61
clip_sample_011,15,1542800852112460,traffic light,0.20235,1123.8,419.67,1171.11,519.0,91.51,59f17d23dabc1b22a2d4f4f73544e90c6c7356c5254a1eceb7aa2a9873b99d61
clip_sample_011,15,1542800852112460,umbrella,0.19824,646.31,492.61,737.94,544.05,91.51,59f17d23dabc1b22a2d4f4f73544e90c6c7356c5254a1eceb7aa2a9873b99d61
clip_sample_011,15,1542800852112460,tv,0.15508,619.02,288.53,765.08,368.21,91.51,59f17d23dabc1b22a2d4f4f73544e90c6c7356c5254a1eceb7aa2a9873b99d61
clip_sample_011,15,1542800852112460,car,0.14108,1545.89,526.96,1581.45,562.19,91.51,59f17d23dabc1b22a2d4f4f73544e90c6c7356c5254a1eceb7aa2a9873b99d61
clip_sample_011,15,1542800852112460,tv,0.10467,1132.85,289.33,1306.83,365.46,91.51,59f17d23dabc1b22a2d4f4f73544e90c6c7356c5254a1eceb7aa2a9873b99d61
clip_sample_011,15,1542800852112460,truck,0.08995,428.74,429.52,744.83,566.48,91.51,59f17d23dabc1b22a2d4f4f73544e90c6c7356c5254a1eceb7aa2a9873b99d61
clip_sample_011,15,1542800852112460,tv,0.08714,1338.26,293.14,1456.26,357.38,91.51,59f17d23dabc1b22a2d4f4f73544e90c6c7356c5254a1eceb7aa2a9873b99d61
clip_sample_011,15,1542800852112460,car,0.08643,0.42,719.77,58.25,884.53,91.51,59f17d23dabc1b22a2d4f4f73544e90c6c7356c5254a1eceb7aa2a9873b99d61
clip_sample_011,15,1542800852112460,person,0.08464,678.04,533.59,710.86,619.42,91.51,59f17d23dabc1b22a2d4f4f73544e90c6c7356c5254a1eceb7aa2a9873b99d61
clip_sample_011,15,1542800852112460,tv,0.08438,784.36,305.09,881.15,360.9,91.51,59f17d23dabc1b22a2d4f4f73544e90c6c7356c5254a1eceb7aa2a9873b99d61
clip_sample_011,15,1542800852112460,bus,0.07866,428.74,429.52,744.83,566.48,91.51,59f17d23dabc1b22a2d4f4f73544e90c6c7356c5254a1eceb7aa2a9873b99d61
clip_sample_011,15,1542800852112460,traffic light,0.07769,1121.33,418.78,1172.49,522.87,91.51,59f17d23dabc1b22a2d4f4f73544e90c6c7356c5254a1eceb7aa2a9873b99d61
clip_sample_011,15,1542800852112460,person,0.07354,1045.53,479.71,1067.0,514.33,91.51,59f17d23dabc1b22a2d4f4f73544e90c6c7356c5254a1eceb7aa2a9873b99d61
clip_sample_011,15,1542800852112460,umbrella,0.06493,644.31,484.39,741.64,538.31,91.51,59f17d23dabc1b22a2d4f4f73544e90c6c7356c5254a1eceb7aa2a9873b99d61
clip_sample_011,15,1542800852112460,tv,0.06305,684.3,306.5,756.3,363.59,91.51,59f17d23dabc1b22a2d4f4f73544e90c6c7356c5254a1eceb7aa2a9873b99d61
clip_sample_011,15,1542800852112460,person,0.06129,1422.24,496.25,1445.63,563.89,91.51,59f17d23dabc1b22a2d4f4f73544e90c6c7356c5254a1eceb7aa2a9873b99d61
clip_sample_011,15,1542800852112460,truck,0.06055,567.94,486.59,747.39,561.12,91.51,59f17d23dabc1b22a2d4f4f73544e90c6c7356c5254a1eceb7aa2a9873b99d61
clip_sample_011,15,1542800852112460,person,0.05675,703.95,523.43,735.0,618.7,91.51,59f17d23dabc1b22a2d4f4f73544e90c6c7356c5254a1eceb7aa2a9873b99d61
clip_sample_011,15,1542800852112460,tv,0.05573,1539.83,287.23,1599.18,356.64,91.51,59f17d23dabc1b22a2d4f4f73544e90c6c7356c5254a1eceb7aa2a9873b99d61
clip_sample_011,15,1542800852112460,car,0.05354,567.94,486.59,747.39,561.12,91.51,59f17d23dabc1b22a2d4f4f73544e90c6c7356c5254a1eceb7aa2a9873b99d61
clip_sample_011,15,1542800852112460,person,0.05292,1114.48,519.96,1141.99,589.44,91.51,59f17d23dabc1b22a2d4f4f73544e90c6c7356c5254a1eceb7aa2a9873b99d61
clip_sample_011,15,1542800852112460,bus,0.05059,406.33,426.75,744.33,567.45,91.51,59f17d23dabc1b22a2d4f4f73544e90c6c7356c5254a1eceb7aa2a9873b99d61
clip_sample_011,16,1542800852162460,person,0.68603,649.0,527.62,704.72,689.06,97.35,4967d2d948a323e45c1d01d6b6f7cee5f74649512d4e306f94bdd8c4bb1cb56b
clip_sample_011,16,1542800852162460,person,0.6755,1210.63,530.53,1251.27,624.2,97.35,4967d2d948a323e45c1d01d6b6f7cee5f74649512d4e306f94bdd8c4bb1cb56b
clip_sample_011,16,1542800852162460,person,0.53622,753.72,517.77,785.47,619.51,97.35,4967d2d948a323e45c1d01d6b6f7cee5f74649512d4e306f94bdd8c4bb1cb56b
clip_sample_011,16,1542800852162460,car,0.28058,0.07,456.59,484.21,805.86,97.35,4967d2d948a323e45c1d01d6b6f7cee5f74649512d4e306f94bdd8c4bb1cb56b
clip_sample_011,16,1542800852162460,umbrella,0.27165,642.58,494.96,743.67,540.09,97.35,4967d2d948a323e45c1d01d6b6f7cee5f74649512d4e306f94bdd8c4bb1cb56b
clip_sample_011,16,1542800852162460,umbrella,0.26231,569.0,486.28,749.47,562.07,97.35,4967d2d948a323e45c1d01d6b6f7cee5f74649512d4e306f94bdd8c4bb1cb56b
clip_sample_011,16,1542800852162460,person,0.22835,1423.55,498.1,1446.14,561.13,97.35,4967d2d948a323e45c1d01d6b6f7cee5f74649512d4e306f94bdd8c4bb1cb56b
clip_sample_011,16,1542800852162460,car,0.18243,1545.26,525.34,1588.24,561.07,97.35,4967d2d948a323e45c1d01d6b6f7cee5f74649512d4e306f94bdd8c4bb1cb56b
clip_sample_011,16,1542800852162460,traffic light,0.16101,1131.88,418.32,1176.78,507.6,97.35,4967d2d948a323e45c1d01d6b6f7cee5f74649512d4e306f94bdd8c4bb1cb56b
clip_sample_011,16,1542800852162460,person,0.12429,704.3,524.16,735.97,616.83,97.35,4967d2d948a323e45c1d01d6b6f7cee5f74649512d4e306f94bdd8c4bb1cb56b
clip_sample_011,16,1542800852162460,car,0.11499,113.74,565.45,480.42,780.44,97.35,4967d2d948a323e45c1d01d6b6f7cee5f74649512d4e306f94bdd8c4bb1cb56b
clip_sample_011,16,1542800852162460,person,0.10155,1505.13,524.9,1549.32,627.8,97.35,4967d2d948a323e45c1d01d6b6f7cee5f74649512d4e306f94bdd8c4bb1cb56b
clip_sample_011,16,1542800852162460,car,0.09756,0.7,641.99,82.92,864.04,97.35,4967d2d948a323e45c1d01d6b6f7cee5f74649512d4e306f94bdd8c4bb1cb56b
clip_sample_011,16,1542800852162460,tv,0.09682,1140.97,289.65,1306.85,360.48,97.35,4967d2d948a323e45c1d01d6b6f7cee5f74649512d4e306f94bdd8c4bb1cb56b
clip_sample_011,16,1542800852162460,person,0.08906,1510.44,519.72,1567.92,624.08,97.35,4967d2d948a323e45c1d01d6b6f7cee5f74649512d4e306f94bdd8c4bb1cb56b
clip_sample_011,16,1542800852162460,person,0.08467,1123.79,516.34,1148.56,589.07,97.35,4967d2d948a323e45c1d01d6b6f7cee5f74649512d4e306f94bdd8c4bb1cb56b
clip_sample_011,16,1542800852162460,person,0.08458,703.87,526.57,740.29,614.59,97.35,4967d2d948a323e45c1d01d6b6f7cee5f74649512d4e306f94bdd8c4bb1cb56b
clip_sample_011,16,1542800852162460,person,0.06925,1424.6,494.31,1447.14,561.2,97.35,4967d2d948a323e45c1d01d6b6f7cee5f74649512d4e306f94bdd8c4bb1cb56b
clip_sample_011,16,1542800852162460,car,0.06558,0.32,556.95,137.72,858.54,97.35,4967d2d948a323e45c1d01d6b6f7cee5f74649512d4e306f94bdd8c4bb1cb56b
clip_sample_011,16,1542800852162460,truck,0.05912,0.07,456.59,484.21,805.86,97.35,4967d2d948a323e45c1d01d6b6f7cee5f74649512d4e306f94bdd8c4bb1cb56b
clip_sample_011,16,1542800852162460,person,0.05823,699.25,534.34,729.17,616.91,97.35,4967d2d948a323e45c1d01d6b6f7cee5f74649512d4e306f94bdd8c4bb1cb56b
clip_sample_011,16,1542800852162460,tv,0.057,1333.94,283.14,1511.35,358.89,97.35,4967d2d948a323e45c1d01d6b6f7cee5f74649512d4e306f94bdd8c4bb1cb56b
clip_sample_011,16,1542800852162460,person,0.05678,740.07,515.38,762.31,589.49,97.35,4967d2d948a323e45c1d01d6b6f7cee5f74649512d4e306f94bdd8c4bb1cb56b
clip_sample_011,16,1542800852162460,car,0.05135,0.11,735.4,35.55,866.16,97.35,4967d2d948a323e45c1d01d6b6f7cee5f74649512d4e306f94bdd8c4bb1cb56b
clip_sample_011,16,1542800852162460,person,0.05004,1436.25,505.92,1451.04,559.31,97.35,4967d2d948a323e45c1d01d6b6f7cee5f74649512d4e306f94bdd8c4bb1cb56b
clip_sample_011,17,1542800852262460,person,0.68444,757.37,511.69,789.94,614.84,90.88,55c18f4c20c803e42280e812957f1275f8ec6f16da8c96bdddafa99ba4399937
clip_sample_011,17,1542800852262460,car,0.60029,0.59,442.36,440.58,863.76,90.88,55c18f4c20c803e42280e812957f1275f8ec6f16da8c96bdddafa99ba4399937
clip_sample_011,17,1542800852262460,person,0.53677,1219.54,521.02,1271.07,625.47,90.88,55c18f4c20c803e42280e812957f1275f8ec6f16da8c96bdddafa99ba4399937
clip_sample_011,17,1542800852262460,tv,0.40686,955.8,285.8,1119.0,358.37,90.88,55c18f4c20c803e42280e812957f1275f8ec6f16da8c96bdddafa99ba4399937
clip_sample_011,17,1542800852262460,tv,0.40482,1345.5,277.79,1523.3,355.06,90.88,55c18f4c20c803e42280e812957f1275f8ec6f16da8c96bdddafa99ba4399937
clip_sample_011,17,1542800852262460,person,0.37631,658.01,527.43,718.68,687.67,90.88,55c18f4c20c803e42280e812957f1275f8ec6f16da8c96bdddafa99ba4399937
clip_sample_011,17,1542800852262460,tv,0.31028,1146.89,279.89,1314.96,356.96,90.88,55c18f4c20c803e42280e812957f1275f8ec6f16da8c96bdddafa99ba4399937
clip_sample_011,17,1542800852262460,car,0.18106,559.54,475.92,751.48,559.5,90.88,55c18f4c20c803e42280e812957f1275f8ec6f16da8c96bdddafa99ba4399937
clip_sample_011,17,1542800852262460,tv,0.16867,1351.24,284.6,1469.6,351.86,90.88,55c18f4c20c803e42280e812957f1275f8ec6f16da8c96bdddafa99ba4399937
clip_sample_011,17,1542800852262460,person,0.14845,703.21,524.92,739.28,613.93,90.88,55c18f4c20c803e42280e812957f1275f8ec6f16da8c96bdddafa99ba4399937
clip_sample_011,17,1542800852262460,tv,0.13508,1345.25,277.2,1524.2,354.26,90.88,55c18f4c20c803e42280e812957f1275f8ec6f16da8c96bdddafa99ba4399937
clip_sample_011,17,1542800852262460,traffic light,0.13004,1142.22,416.9,1180.94,503.24,90.88,55c18f4c20c803e42280e812957f1275f8ec6f16da8c96bdddafa99ba4399937
clip_sample_011,17,1542800852262460,tv,0.10761,783.79,291.48,924.28,357.35,90.88,55c18f4c20c803e42280e812957f1275f8ec6f16da8c96bdddafa99ba4399937
clip_sample_011,17,1542800852262460,tv,0.09895,623.98,282.88,771.42,365.94,90.88,55c18f4c20c803e42280e812957f1275f8ec6f16da8c96bdddafa99ba4399937
clip_sample_011,17,1542800852262460,traffic light,0.08757,1145.22,411.42,1183.03,495.6,90.88,55c18f4c20c803e42280e812957f1275f8ec6f16da8c96bdddafa99ba4399937
clip_sample_011,17,1542800852262460,person,0.08557,1423.55,508.74,1459.76,558.91,90.88,55c18f4c20c803e42280e812957f1275f8ec6f16da8c96bdddafa99ba4399937
clip_sample_011,17,1542800852262460,truck,0.0846,0.59,442.36,440.58,863.76,90.88,55c18f4c20c803e42280e812957f1275f8ec6f16da8c96bdddafa99ba4399937
clip_sample_011,17,1542800852262460,truck,0.08274,559.54,475.92,751.48,559.5,90.88,55c18f4c20c803e42280e812957f1275f8ec6f16da8c96bdddafa99ba4399937
clip_sample_011,17,1542800852262460,tv,0.07021,786.11,293.9,883.17,354.15,90.88,55c18f4c20c803e42280e812957f1275f8ec6f16da8c96bdddafa99ba4399937
clip_sample_011,17,1542800852262460,umbrella,0.06765,653.08,486.52,746.59,528.28,90.88,55c18f4c20c803e42280e812957f1275f8ec6f16da8c96bdddafa99ba4399937
clip_sample_011,17,1542800852262460,tv,0.06612,785.58,294.85,886.48,352.82,90.88,55c18f4c20c803e42280e812957f1275f8ec6f16da8c96bdddafa99ba4399937
clip_sample_011,17,1542800852262460,traffic light,0.06429,1143.35,437.81,1180.6,513.43,90.88,55c18f4c20c803e42280e812957f1275f8ec6f16da8c96bdddafa99ba4399937
clip_sample_011,17,1542800852262460,person,0.06341,621.44,408.63,677.09,467.11,90.88,55c18f4c20c803e42280e812957f1275f8ec6f16da8c96bdddafa99ba4399937
clip_sample_011,17,1542800852262460,person,0.05992,693.56,532.51,726.19,614.52,90.88,55c18f4c20c803e42280e812957f1275f8ec6f16da8c96bdddafa99ba4399937
clip_sample_011,17,1542800852262460,person,0.05267,1544.89,513.29,1598.84,617.49,90.88,55c18f4c20c803e42280e812957f1275f8ec6f16da8c96bdddafa99ba4399937
clip_sample_011,18,1542800852362460,person,0.59811,659.97,523.34,725.39,681.6,93.8,90bb7d18aa315c7d47e194436d3305abadcbda09feaf0b5931859f7a7288c578
clip_sample_011,18,1542800852362460,tv,0.59571,1360.86,273.36,1538.09,348.09,93.8,90bb7d18aa315c7d47e194436d3305abadcbda09feaf0b5931859f7a7288c578
clip_sample_011,18,1542800852362460,person,0.51106,764.17,507.15,798.17,612.18,93.8,90bb7d18aa315c7d47e194436d3305abadcbda09feaf0b5931859f7a7288c578
clip_sample_011,18,1542800852362460,tv,0.45577,964.82,273.27,1127.22,351.85,93.8,90bb7d18aa315c7d47e194436d3305abadcbda09feaf0b5931859f7a7288c578
clip_sample_011,18,1542800852362460,person,0.34546,1235.71,507.44,1291.68,621.19,93.8,90bb7d18aa315c7d47e194436d3305abadcbda09feaf0b5931859f7a7288c578
clip_sample_011,18,1542800852362460,tv,0.25705,625.96,284.87,767.39,354.0,93.8,90bb7d18aa315c7d47e194436d3305abadcbda09feaf0b5931859f7a7288c578
clip_sample_011,18,1542800852362460,tv,0.25687,793.0,287.65,890.91,348.67,93.8,90bb7d18aa315c7d47e194436d3305abadcbda09feaf0b5931859f7a7288c578
clip_sample_011,18,1542800852362460,tv,0.23999,1152.87,273.95,1327.43,353.92,93.8,90bb7d18aa315c7d47e194436d3305abadcbda09feaf0b5931859f7a7288c578
clip_sample_011,18,1542800852362460,car,0.173,1.37,558.39,397.88,748.54,93.8,90bb7d18aa315c7d47e194436d3305abadcbda09feaf0b5931859f7a7288c578
clip_sample_011,18,1542800852362460,person,0.16859,1578.77,505.55,1599.3,607.97,93.8,90bb7d18aa315c7d47e194436d3305abadcbda09feaf0b5931859f7a7288c578
clip_sample_011,18,1542800852362460,car,0.16847,571.05,479.37,763.4,551.91,93.8,90bb7d18aa315c7d47e194436d3305abadcbda09feaf0b5931859f7a7288c578
clip_sample_011,18,1542800852362460,person,0.15866,757.74,506.25,795.47,611.96,93.8,90bb7d18aa315c7d47e194436d3305abadcbda09feaf0b5931859f7a7288c578
clip_sample_011,18,1542800852362460,person,0.15411,1432.01,484.32,1463.61,555.52,93.8,90bb7d18aa315c7d47e194436d3305abadcbda09feaf0b5931859f7a7288c578
clip_sample_011,18,1542800852362460,bus,0.146,0.4,387.28,396.24,603.25,93.8,90bb7d18aa315c7d47e194436d3305abadcbda09feaf0b5931859f7a7288c578
clip_sample_011,18,1542800852362460,person,0.14271,1488.78,493.02,1518.22,577.44,93.8,90bb7d18aa315c7d47e194436d3305abadcbda09feaf0b5931859f7a7288c578
clip_sample_011,18,1542800852362460,umbrella,0.13973,658.12,483.11,758.62,532.14,93.8,90bb7d18aa315c7d47e194436d3305abadcbda09feaf0b5931859f7a7288c578
clip_sample_011,18,1542800852362460,traffic light,0.13287,1148.58,414.93,1190.75,512.15,93.8,90bb7d18aa315c7d47e194436d3305abadcbda09feaf0b5931859f7a7288c578
clip_sample_011,18,1542800852362460,car,0.12182,362.39,462.02,455.66,582.83,93.8,90bb7d18aa315c7d47e194436d3305abadcbda09feaf0b5931859f7a7288c578
clip_sample_011,18,1542800852362460,person,0.11219,707.0,519.88,742.21,606.71,93.8,90bb7d18aa315c7d47e194436d3305abadcbda09feaf0b5931859f7a7288c578
clip_sample_011,18,1542800852362460,bus,0.10696,0.0,388.72,398.81,749.59,93.8,90bb7d18aa315c7d47e194436d3305abadcbda09feaf0b5931859f7a7288c578
clip_sample_011,18,1542800852362460,traffic light,0.10173,629.24,406.5,670.03,459.83,93.8,90bb7d18aa315c7d47e194436d3305abadcbda09feaf0b5931859f7a7288c578
clip_sample_011,18,1542800852362460,traffic light,0.09561,629.43,405.69,676.96,458.58,93.8,90bb7d18aa315c7d47e194436d3305abadcbda09feaf0b5931859f7a7288c578
clip_sample_011,18,1542800852362460,truck,0.08621,362.39,462.02,455.66,582.83,93.8,90bb7d18aa315c7d47e194436d3305abadcbda09feaf0b5931859f7a7288c578
clip_sample_011,18,1542800852362460,truck,0.08565,0.0,388.72,398.81,749.59,93.8,90bb7d18aa315c7d47e194436d3305abadcbda09feaf0b5931859f7a7288c578
clip_sample_011,18,1542800852362460,tv,0.08422,481.42,286.21,611.03,354.61,93.8,90bb7d18aa315c7d47e194436d3305abadcbda09feaf0b5931859f7a7288c578
clip_sample_011,18,1542800852362460,traffic light,0.08184,653.22,404.61,676.15,452.6,93.8,90bb7d18aa315c7d47e194436d3305abadcbda09feaf0b5931859f7a7288c578
clip_sample_011,18,1542800852362460,tv,0.0815,686.78,292.16,765.2,349.83,93.8,90bb7d18aa315c7d47e194436d3305abadcbda09feaf0b5931859f7a7288c578
clip_sample_011,18,1542800852362460,tv,0.07999,1156.95,281.52,1241.92,347.23,93.8,90bb7d18aa315c7d47e194436d3305abadcbda09feaf0b5931859f7a7288c578
clip_sample_011,18,1542800852362460,car,0.07645,1578.77,505.55,1599.3,607.97,93.8,90bb7d18aa315c7d47e194436d3305abadcbda09feaf0b5931859f7a7288c578
clip_sample_011,18,1542800852362460,car,0.06281,0.0,388.72,398.81,749.59,93.8,90bb7d18aa315c7d47e194436d3305abadcbda09feaf0b5931859f7a7288c578
clip_sample_011,18,1542800852362460,bus,0.06218,362.39,462.02,455.66,582.83,93.8,90bb7d18aa315c7d47e194436d3305abadcbda09feaf0b5931859f7a7288c578
clip_sample_011,18,1542800852362460,person,0.06065,1490.13,491.79,1524.24,592.56,93.8,90bb7d18aa315c7d47e194436d3305abadcbda09feaf0b5931859f7a7288c578
clip_sample_011,18,1542800852362460,person,0.05925,1153.84,503.91,1193.21,598.72,93.8,90bb7d18aa315c7d47e194436d3305abadcbda09feaf0b5931859f7a7288c578
clip_sample_011,18,1542800852362460,traffic light,0.05872,1125.29,408.5,1194.09,518.01,93.8,90bb7d18aa315c7d47e194436d3305abadcbda09feaf0b5931859f7a7288c578
clip_sample_011,18,1542800852362460,traffic light,0.05827,1126.55,419.88,1173.97,514.18,93.8,90bb7d18aa315c7d47e194436d3305abadcbda09feaf0b5931859f7a7288c578
clip_sample_011,18,1542800852362460,tv,0.05541,1362.55,276.41,1492.84,345.06,93.8,90bb7d18aa315c7d47e194436d3305abadcbda09feaf0b5931859f7a7288c578
clip_sample_011,18,1542800852362460,traffic light,0.05276,1126.69,427.4,1174.46,513.11,93.8,90bb7d18aa315c7d47e194436d3305abadcbda09feaf0b5931859f7a7288c578
clip_sample_011,19,1542800852412460,person,0.69611,768.47,505.04,799.73,609.36,95.24,65805e22a1626c4ec971a8b2e82ce9f5a16356ed33206bf4555ef860c3de251d
clip_sample_011,19,1542800852412460,person,0.65812,669.53,517.03,733.83,676.56,95.24,65805e22a1626c4ec971a8b2e82ce9f5a16356ed33206bf4555ef860c3de251d
clip_sample_011,19,1542800852412460,person,0.37728,1256.58,504.55,1301.62,618.41,95.24,65805e22a1626c4ec971a8b2e82ce9f5a16356ed33206bf4555ef860c3de251d
clip_sample_011,19,1542800852412460,car,0.36439,578.86,473.8,765.19,553.87,95.24,65805e22a1626c4ec971a8b2e82ce9f5a16356ed33206bf4555ef860c3de251d
clip_sample_011,19,1542800852412460,person,0.33281,1430.85,478.9,1463.12,554.41,95.24,65805e22a1626c4ec971a8b2e82ce9f5a16356ed33206bf4555ef860c3de251d
clip_sample_011,19,1542800852412460,tv,0.20837,1368.7,270.77,1545.2,345.04,95.24,65805e22a1626c4ec971a8b2e82ce9f5a16356ed33206bf4555ef860c3de251d
clip_sample_011,19,1542800852412460,car,0.19942,0.0,387.49,381.87,787.17,95.24,65805e22a1626c4ec971a8b2e82ce9f5a16356ed33206bf4555ef860c3de251d
clip_sample_011,19,1542800852412460,bus,0.19547,0.0,387.49,381.87,787.17,95.24,65805e22a1626c4ec971a8b2e82ce9f5a16356ed33206bf4555ef860c3de251d
clip_sample_011,19,1542800852412460,tv,0.18173,794.93,284.27,894.55,346.01,95.24,65805e22a1626c4ec971a8b2e82ce9f5a16356ed33206bf4555ef860c3de251d
clip_sample_011,19,1542800852412460,umbrella,0.17631,662.48,477.93,761.41,523.82,95.24,65805e22a1626c4ec971a8b2e82ce9f5a16356ed33206bf4555ef860c3de251d
clip_sample_011,19,1542800852412460,truck,0.1335,0.0,387.49,381.87,787.17,95.24,65805e22a1626c4ec971a8b2e82ce9f5a16356ed33206bf4555ef860c3de251d
clip_sample_011,19,1542800852412460,person,0.11345,710.69,514.87,748.61,605.86,95.24,65805e22a1626c4ec971a8b2e82ce9f5a16356ed33206bf4555ef860c3de251d
clip_sample_011,19,1542800852412460,tv,0.10987,1162.77,271.74,1332.73,349.7,95.24,65805e22a1626c4ec971a8b2e82ce9f5a16356ed33206bf4555ef860c3de251d
clip_sample_011,19,1542800852412460,car,0.10498,363.26,460.25,460.4,581.84,95.24,65805e22a1626c4ec971a8b2e82ce9f5a16356ed33206bf4555ef860c3de251d
clip_sample_011,19,1542800852412460,clock,0.09768,418.87,419.74,474.8,478.9,95.24,65805e22a1626c4ec971a8b2e82ce9f5a16356ed33206bf4555ef860c3de251d
clip_sample_011,19,1542800852412460,traffic light,0.09661,654.38,402.07,679.99,452.29,95.24,65805e22a1626c4ec971a8b2e82ce9f5a16356ed33206bf4555ef860c3de251d
clip_sample_011,19,1542800852412460,person,0.09382,1426.23,481.54,1452.46,554.36,95.24,65805e22a1626c4ec971a8b2e82ce9f5a16356ed33206bf4555ef860c3de251d
clip_sample_011,19,1542800852412460,person,0.09304,1492.39,496.8,1516.14,560.95,95.24,65805e22a1626c4ec971a8b2e82ce9f5a16356ed33206bf4555ef860c3de251d
clip_sample_011,19,1542800852412460,truck,0.09111,578.86,473.8,765.19,553.87,95.24,65805e22a1626c4ec971a8b2e82ce9f5a16356ed33206bf4555ef860c3de251d
clip_sample_011,19,1542800852412460,truck,0.08835,363.26,460.25,460.4,581.84,95.24,65805e22a1626c4ec971a8b2e82ce9f5a16356ed33206bf4555ef860c3de251d
clip_sample_011,19,1542800852412460,person,0.08398,1491.38,493.25,1515.23,558.96,95.24,65805e22a1626c4ec971a8b2e82ce9f5a16356ed33206bf4555ef860c3de251d
clip_sample_011,19,1542800852412460,traffic light,0.08298,634.26,402.53,679.69,455.38,95.24,65805e22a1626c4ec971a8b2e82ce9f5a16356ed33206bf4555ef860c3de251d
clip_sample_011,19,1542800852412460,tv,0.08261,968.33,262.71,1138.17,353.67,95.24,65805e22a1626c4ec971a8b2e82ce9f5a16356ed33206bf4555ef860c3de251d
clip_sample_011,19,1542800852412460,traffic light,0.06468,1160.18,403.04,1197.69,484.93,95.24,65805e22a1626c4ec971a8b2e82ce9f5a16356ed33206bf4555ef860c3de251d
clip_sample_011,19,1542800852412460,bus,0.06312,363.26,460.25,460.4,581.84,95.24,65805e22a1626c4ec971a8b2e82ce9f5a16356ed33206bf4555ef860c3de251d
clip_sample_011,19,1542800852412460,tv,0.05523,1367.54,274.18,1491.91,341.42,95.24,65805e22a1626c4ec971a8b2e82ce9f5a16356ed33206bf4555ef860c3de251d
clip_sample_011,19,1542800852412460,car,0.05297,1538.92,512.4,1598.35,561.44,95.24,65805e22a1626c4ec971a8b2e82ce9f5a16356ed33206bf4555ef860c3de251d
clip_sample_011,19,1542800852412460,traffic light,0.05272,655.32,407.14,678.47,453.06,95.24,65805e22a1626c4ec971a8b2e82ce9f5a16356ed33206bf4555ef860c3de251d
clip_sample_011,19,1542800852412460,car,0.05116,0.36,394.46,380.91,868.22,95.24,65805e22a1626c4ec971a8b2e82ce9f5a16356ed33206bf4555ef860c3de251d
clip_sample_011,20,1542800852512460,person,0.78605,680.84,515.5,747.8,679.04,93.95,5adca6eb2819e5e1b5934ea67e74aead0f74cfcea0e26a23c85d4a80d82aa071
clip_sample_011,20,1542800852512460,person,0.72094,776.24,502.67,811.61,607.27,93.95,5adca6eb2819e5e1b5934ea67e74aead0f74cfcea0e26a23c85d4a80d82aa071
clip_sample_011,20,1542800852512460,car,0.67512,0.51,441.62,337.78,769.64,93.95,5adca6eb2819e5e1b5934ea67e74aead0f74cfcea0e26a23c85d4a80d82aa071
clip_sample_011,20,1542800852512460,umbrella,0.55773,672.69,475.63,777.04,521.24,93.95,5adca6eb2819e5e1b5934ea67e74aead0f74cfcea0e26a23c85d4a80d82aa071
clip_sample_011,20,1542800852512460,person,0.30981,1440.39,472.42,1471.7,548.05,93.95,5adca6eb2819e5e1b5934ea67e74aead0f74cfcea0e26a23c85d4a80d82aa071
clip_sample_011,20,1542800852512460,person,0.15148,1281.5,511.77,1321.09,615.26,93.95,5adca6eb2819e5e1b5934ea67e74aead0f74cfcea0e26a23c85d4a80d82aa071
clip_sample_011,20,1542800852512460,person,0.14617,1509.16,479.24,1543.85,563.56,93.95,5adca6eb2819e5e1b5934ea67e74aead0f74cfcea0e26a23c85d4a80d82aa071
clip_sample_011,20,1542800852512460,car,0.14217,288.08,450.86,464.63,581.6,93.95,5adca6eb2819e5e1b5934ea67e74aead0f74cfcea0e26a23c85d4a80d82aa071
clip_sample_011,20,1542800852512460,clock,0.13285,421.77,416.65,478.44,476.68,93.95,5adca6eb2819e5e1b5934ea67e74aead0f74cfcea0e26a23c85d4a80d82aa071
clip_sample_011,20,1542800852512460,person,0.13073,1280.77,508.77,1319.7,616.21,93.95,5adca6eb2819e5e1b5934ea67e74aead0f74cfcea0e26a23c85d4a80d82aa071
clip_sample_011,20,1542800852512460,person,0.1129,1446.7,472.2,1476.83,549.77,93.95,5adca6eb2819e5e1b5934ea67e74aead0f74cfcea0e26a23c85d4a80d82aa071
clip_sample_011,20,1542800852512460,tv,0.11078,978.74,267.17,1146.43,343.9,93.95,5adca6eb2819e5e1b5934ea67e74aead0f74cfcea0e26a23c85d4a80d82aa071
clip_sample_011,20,1542800852512460,bus,0.10938,26.95,385.78,463.12,582.8,93.95,5adca6eb2819e5e1b5934ea67e74aead0f74cfcea0e26a23c85d4a80d82aa071
clip_sample_011,20,1542800852512460,truck,0.10411,288.08,450.86,464.63,581.6,93.95,5adca6eb2819e5e1b5934ea67e74aead0f74cfcea0e26a23c85d4a80d82aa071
clip_sample_011,20,1542800852512460,car,0.0969,0.0,553.03,333.99,765.4,93.95,5adca6eb2819e5e1b5934ea67e74aead0f74cfcea0e26a23c85d4a80d82aa071
clip_sample_011,20,1542800852512460,traffic light,0.09266,661.79,397.91,687.25,447.86,93.95,5adca6eb2819e5e1b5934ea67e74aead0f74cfcea0e26a23c85d4a80d82aa071
clip_sample_011,20,1542800852512460,person,0.07582,1075.11,457.99,1099.83,497.67,93.95,5adca6eb2819e5e1b5934ea67e74aead0f74cfcea0e26a23c85d4a80d82aa071
clip_sample_011,20,1542800852512460,truck,0.06835,26.95,385.78,463.12,582.8,93.95,5adca6eb2819e5e1b5934ea67e74aead0f74cfcea0e26a23c85d4a80d82aa071
clip_sample_011,20,1542800852512460,umbrella,0.06687,672.0,474.83,785.44,531.78,93.95,5adca6eb2819e5e1b5934ea67e74aead0f74cfcea0e26a23c85d4a80d82aa071
clip_sample_011,20,1542800852512460,tv,0.06497,1385.78,267.08,1507.38,332.01,93.95,5adca6eb2819e5e1b5934ea67e74aead0f74cfcea0e26a23c85d4a80d82aa071
clip_sample_011,20,1542800852512460,tv,0.05714,1383.23,255.94,1565.47,337.03,93.95,5adca6eb2819e5e1b5934ea67e74aead0f74cfcea0e26a23c85d4a80d82aa071
clip_sample_011,20,1542800852512460,truck,0.05481,0.51,441.62,337.78,769.64,93.95,5adca6eb2819e5e1b5934ea67e74aead0f74cfcea0e26a23c85d4a80d82aa071
clip_sample_011,20,1542800852512460,car,0.054,0.48,444.35,323.22,596.35,93.95,5adca6eb2819e5e1b5934ea67e74aead0f74cfcea0e26a23c85d4a80d82aa071
clip_sample_011,20,1542800852512460,truck,0.0528,445.95,446.56,667.39,544.82,93.95,5adca6eb2819e5e1b5934ea67e74aead0f74cfcea0e26a23c85d4a80d82aa071
clip_sample_011,20,1542800852512460,person,0.05107,1509.93,481.5,1539.54,573.87,93.95,5adca6eb2819e5e1b5934ea67e74aead0f74cfcea0e26a23c85d4a80d82aa071
clip_sample_011,21,1542800852612460,car,0.74413,0.19,443.34,292.72,785.83,101.05,a9f6e3c68799ee2541fb14c435dbbd7bd59fe1b7cd54aa6d56c3d5ae1a34f6ab
clip_sample_011,21,1542800852612460,person,0.71566,690.73,515.24,764.22,681.89,101.05,a9f6e3c68799ee2541fb14c435dbbd7bd59fe1b7cd54aa6d56c3d5ae1a34f6ab
clip_sample_011,21,1542800852612460,person,0.61019,788.9,499.59,821.94,605.61,101.05,a9f6e3c68799ee2541fb14c435dbbd7bd59fe1b7cd54aa6d56c3d5ae1a34f6ab
clip_sample_011,21,1542800852612460,umbrella,0.48841,687.17,477.49,797.4,519.94,101.05,a9f6e3c68799ee2541fb14c435dbbd7bd59fe1b7cd54aa6d56c3d5ae1a34f6ab
clip_sample_011,21,1542800852612460,person,0.47452,1459.85,470.07,1485.56,544.48,101.05,a9f6e3c68799ee2541fb14c435dbbd7bd59fe1b7cd54aa6d56c3d5ae1a34f6ab
clip_sample_011,21,1542800852612460,person,0.44586,691.02,515.16,764.1,681.29,101.05,a9f6e3c68799ee2541fb14c435dbbd7bd59fe1b7cd54aa6d56c3d5ae1a34f6ab
clip_sample_011,21,1542800852612460,tv,0.3942,990.99,259.17,1158.48,338.67,101.05,a9f6e3c68799ee2541fb14c435dbbd7bd59fe1b7cd54aa6d56c3d5ae1a34f6ab
clip_sample_011,21,1542800852612460,tv,0.37533,1402.84,252.38,1586.21,329.73,101.05,a9f6e3c68799ee2541fb14c435dbbd7bd59fe1b7cd54aa6d56c3d5ae1a34f6ab
clip_sample_011,21,1542800852612460,person,0.30138,1304.61,489.52,1353.87,613.94,101.05,a9f6e3c68799ee2541fb14c435dbbd7bd59fe1b7cd54aa6d56c3d5ae1a34f6ab
clip_sample_011,21,1542800852612460,person,0.24355,789.44,498.0,822.98,604.74,101.05,a9f6e3c68799ee2541fb14c435dbbd7bd59fe1b7cd54aa6d56c3d5ae1a34f6ab
clip_sample_011,21,1542800852612460,truck,0.20009,54.09,383.53,447.89,583.36,101.05,a9f6e3c68799ee2541fb14c435dbbd7bd59fe1b7cd54aa6d56c3d5ae1a34f6ab
clip_sample_011,21,1542800852612460,truck,0.19752,279.61,448.22,450.49,581.1,101.05,a9f6e3c68799ee2541fb14c435dbbd7bd59fe1b7cd54aa6d56c3d5ae1a34f6ab
clip_sample_011,21,1542800852612460,tv,0.09896,1185.66,257.07,1366.8,343.47,101.05,a9f6e3c68799ee2541fb14c435dbbd7bd59fe1b7cd54aa6d56c3d5ae1a34f6ab
clip_sample_011,21,1542800852612460,car,0.09774,618.61,468.75,716.91,497.71,101.05,a9f6e3c68799ee2541fb14c435dbbd7bd59fe1b7cd54aa6d56c3d5ae1a34f6ab
clip_sample_011,21,1542800852612460,truck,0.09326,58.37,383.43,454.31,582.29,101.05,a9f6e3c68799ee2541fb14c435dbbd7bd59fe1b7cd54aa6d56c3d5ae1a34f6ab
clip_sample_011,21,1542800852612460,traffic light,0.08586,648.84,394.31,680.42,448.13,101.05,a9f6e3c68799ee2541fb14c435dbbd7bd59fe1b7cd54aa6d56c3d5ae1a34f6ab
clip_sample_011,21,1542800852612460,tv,0.07916,236.66,289.9,337.16,346.47,101.05,a9f6e3c68799ee2541fb14c435dbbd7bd59fe1b7cd54aa6d56c3d5ae1a34f6ab
clip_sample_011,21,1542800852612460,person,0.07795,1086.45,457.78,1116.15,493.0,101.05,a9f6e3c68799ee2541fb14c435dbbd7bd59fe1b7cd54aa6d56c3d5ae1a34f6ab
clip_sample_011,21,1542800852612460,tv,0.07547,812.15,273.43,915.67,333.91,101.05,a9f6e3c68799ee2541fb14c435dbbd7bd59fe1b7cd54aa6d56c3d5ae1a34f6ab
clip_sample_011,21,1542800852612460,traffic light,0.07374,668.95,396.17,698.3,444.57,101.05,a9f6e3c68799ee2541fb14c435dbbd7bd59fe1b7cd54aa6d56c3d5ae1a34f6ab
clip_sample_011,21,1542800852612460,truck,0.07111,50.66,385.02,448.59,580.53,101.05,a9f6e3c68799ee2541fb14c435dbbd7bd59fe1b7cd54aa6d56c3d5ae1a34f6ab
clip_sample_011,21,1542800852612460,car,0.05931,279.61,448.22,450.49,581.1,101.05,a9f6e3c68799ee2541fb14c435dbbd7bd59fe1b7cd54aa6d56c3d5ae1a34f6ab
clip_sample_011,21,1542800852612460,bus,0.05898,58.37,383.43,454.31,582.29,101.05,a9f6e3c68799ee2541fb14c435dbbd7bd59fe1b7cd54aa6d56c3d5ae1a34f6ab
clip_sample_011,22,1542800852662460,person,0.81238,696.61,518.06,773.12,681.33,92.55,e3a311ea0f7a9600638d35b5a98773e1a5f5631a6d97f44fc227c30f67d257a0
clip_sample_011,22,1542800852662460,car,0.74264,0.31,445.59,271.61,757.7,92.55,e3a311ea0f7a9600638d35b5a98773e1a5f5631a6d97f44fc227c30f67d257a0
clip_sample_011,22,1542800852662460,person,0.55677,795.23,496.59,830.03,604.03,92.55,e3a311ea0f7a9600638d35b5a98773e1a5f5631a6d97f44fc227c30f67d257a0
clip_sample_011,22,1542800852662460,umbrella,0.54422,690.7,477.33,808.0,518.91,92.55,e3a311ea0f7a9600638d35b5a98773e1a5f5631a6d97f44fc227c30f67d257a0
clip_sample_011,22,1542800852662460,person,0.51322,795.9,496.56,830.58,602.9,92.55,e3a311ea0f7a9600638d35b5a98773e1a5f5631a6d97f44fc227c30f67d257a0
clip_sample_011,22,1542800852662460,tv,0.39148,1407.46,249.43,1594.41,328.81,92.55,e3a311ea0f7a9600638d35b5a98773e1a5f5631a6d97f44fc227c30f67d257a0
clip_sample_011,22,1542800852662460,person,0.23399,1320.29,501.3,1385.01,615.77,92.55,e3a311ea0f7a9600638d35b5a98773e1a5f5631a6d97f44fc227c30f67d257a0
clip_sample_011,22,1542800852662460,tv,0.1937,999.18,255.51,1166.78,349.02,92.55,e3a311ea0f7a9600638d35b5a98773e1a5f5631a6d97f44fc227c30f67d257a0
clip_sample_011,22,1542800852662460,truck,0.18513,285.61,446.53,451.7,580.59,92.55,e3a311ea0f7a9600638d35b5a98773e1a5f5631a6d97f44fc227c30f67d257a0
clip_sample_011,22,1542800852662460,tv,0.16884,1191.65,247.57,1377.03,333.9,92.55,e3a311ea0f7a9600638d35b5a98773e1a5f5631a6d97f44fc227c30f67d257a0
clip_sample_011,22,1542800852662460,truck,0.15349,433.01,405.95,722.18,539.83,92.55,e3a311ea0f7a9600638d35b5a98773e1a5f5631a6d97f44fc227c30f67d257a0
clip_sample_011,22,1542800852662460,truck,0.15177,2.82,380.24,454.59,580.86,92.55,e3a311ea0f7a9600638d35b5a98773e1a5f5631a6d97f44fc227c30f67d257a0
clip_sample_011,22,1542800852662460,person,0.14386,1160.23,430.66,1185.16,504.24,92.55,e3a311ea0f7a9600638d35b5a98773e1a5f5631a6d97f44fc227c30f67d257a0
clip_sample_011,22,1542800852662460,person,0.14015,1094.01,451.94,1121.67,493.49,92.55,e3a311ea0f7a9600638d35b5a98773e1a5f5631a6d97f44fc227c30f67d257a0
clip_sample_011,22,1542800852662460,truck,0.13592,0.31,445.59,271.61,757.7,92.55,e3a311ea0f7a9600638d35b5a98773e1a5f5631a6d97f44fc227c30f67d257a0
clip_sample_011,22,1542800852662460,person,0.11132,1468.69,458.91,1494.31,541.48,92.55,e3a311ea0f7a9600638d35b5a98773e1a5f5631a6d97f44fc227c30f67d257a0
clip_sample_011,22,1542800852662460,person,0.11033,1488.17,454.92,1524.05,543.17,92.55,e3a311ea0f7a9600638d35b5a98773e1a5f5631a6d97f44fc227c30f67d257a0
clip_sample_011,22,1542800852662460,tv,0.09132,821.25,271.16,924.79,332.0,92.55,e3a311ea0f7a9600638d35b5a98773e1a5f5631a6d97f44fc227c30f67d257a0
clip_sample_011,22,1542800852662460,bus,0.0804,2.82,380.24,454.59,580.86,92.55,e3a311ea0f7a9600638d35b5a98773e1a5f5631a6d97f44fc227c30f67d257a0
clip_sample_011,22,1542800852662460,person,0.07845,1528.8,475.27,1559.67,572.72,92.55,e3a311ea0f7a9600638d35b5a98773e1a5f5631a6d97f44fc227c30f67d257a0
clip_sample_011,22,1542800852662460,tv,0.07772,1188.58,247.24,1376.85,358.43,92.55,e3a311ea0f7a9600638d35b5a98773e1a5f5631a6d97f44fc227c30f67d257a0
clip_sample_011,22,1542800852662460,person,0.07569,1521.46,474.09,1551.63,577.24,92.55,e3a311ea0f7a9600638d35b5a98773e1a5f5631a6d97f44fc227c30f67d257a0
clip_sample_011,22,1542800852662460,person,0.07432,1153.57,432.79,1181.28,504.26,92.55,e3a311ea0f7a9600638d35b5a98773e1a5f5631a6d97f44fc227c30f67d257a0
clip_sample_011,22,1542800852662460,tv,0.07323,1415.46,252.6,1548.53,320.89,92.55,e3a311ea0f7a9600638d35b5a98773e1a5f5631a6d97f44fc227c30f67d257a0
clip_sample_011,22,1542800852662460,tv,0.06434,238.54,288.56,344.09,345.72,92.55,e3a311ea0f7a9600638d35b5a98773e1a5f5631a6d97f44fc227c30f67d257a0
clip_sample_011,22,1542800852662460,person,0.06367,1466.26,444.71,1493.05,541.12,92.55,e3a311ea0f7a9600638d35b5a98773e1a5f5631a6d97f44fc227c30f67d257a0
clip_sample_011,22,1542800852662460,person,0.06222,1465.63,459.73,1492.95,541.85,92.55,e3a311ea0f7a9600638d35b5a98773e1a5f5631a6d97f44fc227c30f67d257a0
clip_sample_011,22,1542800852662460,car,0.06129,586.52,464.67,724.19,539.72,92.55,e3a311ea0f7a9600638d35b5a98773e1a5f5631a6d97f44fc227c30f67d257a0
clip_sample_011,22,1542800852662460,person,0.05695,1318.0,498.17,1390.94,616.11,92.55,e3a311ea0f7a9600638d35b5a98773e1a5f5631a6d97f44fc227c30f67d257a0
clip_sample_011,22,1542800852662460,person,0.05602,1526.44,475.7,1558.2,559.12,92.55,e3a311ea0f7a9600638d35b5a98773e1a5f5631a6d97f44fc227c30f67d257a0
clip_sample_011,22,1542800852662460,person,0.05165,1254.75,454.82,1288.11,496.5,92.55,e3a311ea0f7a9600638d35b5a98773e1a5f5631a6d97f44fc227c30f67d257a0
clip_sample_011,23,1542800852762460,person,0.62985,707.28,506.16,794.36,687.47,91.8,3a50622ba5a0fe3ff5008127aafee43522bf10ef54d82ac5b5311a0e236a7b16
clip_sample_011,23,1542800852762460,person,0.57911,812.2,506.2,844.89,598.94,91.8,3a50622ba5a0fe3ff5008127aafee43522bf10ef54d82ac5b5311a0e236a7b16
clip_sample_011,23,1542800852762460,umbrella,0.49459,719.29,473.73,840.88,520.5,91.8,3a50622ba5a0fe3ff5008127aafee43522bf10ef54d82ac5b5311a0e236a7b16
clip_sample_011,23,1542800852762460,car,0.45389,0.58,441.47,231.64,758.46,91.8,3a50622ba5a0fe3ff5008127aafee43522bf10ef54d82ac5b5311a0e236a7b16
clip_sample_011,23,1542800852762460,truck,0.39185,304.68,444.88,461.75,575.37,91.8,3a50622ba5a0fe3ff5008127aafee43522bf10ef54d82ac5b5311a0e236a7b16
clip_sample_011,23,1542800852762460,car,0.18337,0.67,442.0,231.19,759.99,91.8,3a50622ba5a0fe3ff5008127aafee43522bf10ef54d82ac5b5311a0e236a7b16
clip_sample_011,23,1542800852762460,tv,0.16053,1011.59,237.52,1188.28,328.27,91.8,3a50622ba5a0fe3ff5008127aafee43522bf10ef54d82ac5b5311a0e236a7b16
clip_sample_011,23,1542800852762460,car,0.14367,304.68,444.88,461.75,575.37,91.8,3a50622ba5a0fe3ff5008127aafee43522bf10ef54d82ac5b5311a0e236a7b16
clip_sample_011,23,1542800852762460,tv,0.14192,832.97,264.7,935.43,326.54,91.8,3a50622ba5a0fe3ff5008127aafee43522bf10ef54d82ac5b5311a0e236a7b16
clip_sample_011,23,1542800852762460,car,0.13293,1259.56,443.87,1420.7,557.51,91.8,3a50622ba5a0fe3ff5008127aafee43522bf10ef54d82ac5b5311a0e236a7b16
clip_sample_011,23,1542800852762460,car,0.12582,208.14,522.68,278.65,583.41,91.8,3a50622ba5a0fe3ff5008127aafee43522bf10ef54d82ac5b5311a0e236a7b16
clip_sample_011,23,1542800852762460,person,0.12369,1116.64,446.53,1138.7,483.11,91.8,3a50622ba5a0fe3ff5008127aafee43522bf10ef54d82ac5b5311a0e236a7b16
clip_sample_011,23,1542800852762460,person,0.12279,1349.3,490.9,1398.28,611.27,91.8,3a50622ba5a0fe3ff5008127aafee43522bf10ef54d82ac5b5311a0e236a7b16
clip_sample_011,23,1542800852762460,person,0.12119,701.37,516.15,746.11,600.27,91.8,3a50622ba5a0fe3ff5008127aafee43522bf10ef54d82ac5b5311a0e236a7b16
clip_sample_011,23,1542800852762460,person,0.1155,1484.33,464.11,1517.81,537.01,91.8,3a50622ba5a0fe3ff5008127aafee43522bf10ef54d82ac5b5311a0e236a7b16
clip_sample_011,23,1542800852762460,car,0.11304,601.69,460.11,743.51,531.58,91.8,3a50622ba5a0fe3ff5008127aafee43522bf10ef54d82ac5b5311a0e236a7b16
clip_sample_011,23,1542800852762460,tv,0.10835,1215.05,241.47,1400.25,325.02,91.8,3a50622ba5a0fe3ff5008127aafee43522bf10ef54d82ac5b5311a0e236a7b16
clip_sample_011,23,1542800852762460,person,0.10285,1480.95,460.32,1512.63,537.79,91.8,3a50622ba5a0fe3ff5008127aafee43522bf10ef54d82ac5b5311a0e236a7b16
clip_sample_011,23,1542800852762460,tv,0.10231,662.14,260.2,809.77,336.78,91.8,3a50622ba5a0fe3ff5008127aafee43522bf10ef54d82ac5b5311a0e236a7b16
clip_sample_011,23,1542800852762460,truck,0.09163,1259.56,443.87,1420.7,557.51,91.8,3a50622ba5a0fe3ff5008127aafee43522bf10ef54d82ac5b5311a0e236a7b16
clip_sample_011,23,1542800852762460,person,0.08151,1345.95,485.23,1418.55,611.6,91.8,3a50622ba5a0fe3ff5008127aafee43522bf10ef54d82ac5b5311a0e236a7b16
clip_sample_011,23,1542800852762460,tv,0.07789,1432.48,236.63,1598.16,314.54,91.8,3a50622ba5a0fe3ff5008127aafee43522bf10ef54d82ac5b5311a0e236a7b16
clip_sample_011,23,1542800852762460,car,0.07602,616.24,460.97,742.51,524.62,91.8,3a50622ba5a0fe3ff5008127aafee43522bf10ef54d82ac5b5311a0e236a7b16
clip_sample_011,23,1542800852762460,tv,0.0628,1439.39,242.57,1569.26,311.74,91.8,3a50622ba5a0fe3ff5008127aafee43522bf10ef54d82ac5b5311a0e236a7b16
clip_sample_011,23,1542800852762460,person,0.05353,1348.9,501.26,1417.78,610.76,91.8,3a50622ba5a0fe3ff5008127aafee43522bf10ef54d82ac5b5311a0e236a7b16
clip_sample_011,24,1542800852862460,car,0.60692,0.49,440.33,190.06,756.71,90.32,c252825a61a5158abadcf9c2fb04b31e302a9ffefb9869e27b85907135095f35
clip_sample_011,24,1542800852862460,person,0.6015,752.7,505.27,817.9,674.33,90.32,c252825a61a5158abadcf9c2fb04b31e302a9ffefb9869e27b85907135095f35
clip_sample_011,24,1542800852862460,car,0.60039,146.99,469.22,301.34,579.99,90.32,c252825a61a5158abadcf9c2fb04b31e302a9ffefb9869e27b85907135095f35
clip_sample_011,24,1542800852862460,car,0.5424,0.4,439.96,191.86,833.93,90.32,c252825a61a5158abadcf9c2fb04b31e302a9ffefb9869e27b85907135095f35
clip_sample_011,24,1542800852862460,person,0.44809,833.85,505.38,860.82,593.9,90.32,c252825a61a5158abadcf9c2fb04b31e302a9ffefb9869e27b85907135095f35
clip_sample_011,24,1542800852862460,person,0.43214,729.96,506.35,767.55,593.17,90.32,c252825a61a5158abadcf9c2fb04b31e302a9ffefb9869e27b85907135095f35
clip_sample_011,24,1542800852862460,car,0.34705,633.09,459.97,762.24,525.47,90.32,c252825a61a5158abadcf9c2fb04b31e302a9ffefb9869e27b85907135095f35
clip_sample_011,24,1542800852862460,person,0.29019,1504.6,457.61,1546.23,530.93,90.32,c252825a61a5158abadcf9c2fb04b31e302a9ffefb9869e27b85907135095f35
clip_sample_011,24,1542800852862460,umbrella,0.28189,751.35,466.01,863.84,509.79,90.32,c252825a61a5158abadcf9c2fb04b31e302a9ffefb9869e27b85907135095f35
clip_sample_011,24,1542800852862460,truck,0.26488,307.79,440.95,478.03,572.73,90.32,c252825a61a5158abadcf9c2fb04b31e302a9ffefb9869e27b85907135095f35
clip_sample_011,24,1542800852862460,umbrella,0.21988,747.55,466.89,865.43,512.72,90.32,c252825a61a5158abadcf9c2fb04b31e302a9ffefb9869e27b85907135095f35
clip_sample_011,24,1542800852862460,person,0.21618,835.33,505.07,863.39,592.22,90.32,c252825a61a5158abadcf9c2fb04b31e302a9ffefb9869e27b85907135095f35
clip_sample_011,24,1542800852862460,person,0.21261,1138.39,443.19,1161.35,480.64,90.32,c252825a61a5158abadcf9c2fb04b31e302a9ffefb9869e27b85907135095f35
clip_sample_011,24,1542800852862460,person,0.18475,1581.59,461.01,1599.35,535.49,90.32,c252825a61a5158abadcf9c2fb04b31e302a9ffefb9869e27b85907135095f35
clip_sample_011,24,1542800852862460,car,0.16711,307.79,440.95,478.03,572.73,90.32,c252825a61a5158abadcf9c2fb04b31e302a9ffefb9869e27b85907135095f35
clip_sample_011,24,1542800852862460,car,0.14017,632.64,459.1,759.41,523.5,90.32,c252825a61a5158abadcf9c2fb04b31e302a9ffefb9869e27b85907135095f35
clip_sample_011,24,1542800852862460,tv,0.1171,1471.05,229.29,1598.94,305.21,90.32,c252825a61a5158abadcf9c2fb04b31e302a9ffefb9869e27b85907135095f35
clip_sample_011,24,1542800852862460,truck,0.06241,2.99,376.48,480.71,576.49,90.32,c252825a61a5158abadcf9c2fb04b31e302a9ffefb9869e27b85907135095f35
clip_sample_011,24,1542800852862460,clock,0.05462,465.14,400.03,522.55,463.86,90.32,c252825a61a5158abadcf9c2fb04b31e302a9ffefb9869e27b85907135095f35
clip_sample_011,25,1542800852912460,car,0.61113,0.52,438.82,170.48,755.24,94.49,e0f49404309a9df1bb1eff9e4113ba5601abf60e81d29d26a92dab86234d6655
clip_sample_011,25,1542800852912460,truck,0.58156,3.69,371.97,487.86,577.63,94.49,e0f49404309a9df1bb1eff9e4113ba5601abf60e81d29d26a92dab86234d6655
clip_sample_011,25,1542800852912460,umbrella,0.56439,768.29,460.03,884.82,509.74,94.49,e0f49404309a9df1bb1eff9e4113ba5601abf60e81d29d26a92dab86234d6655
clip_sample_011,25,1542800852912460,person,0.5355,769.72,502.16,832.9,673.11,94.49,e0f49404309a9df1bb1eff9e4113ba5601abf60e81d29d26a92dab86234d6655
clip_sample_011,25,1542800852912460,car,0.45123,0.17,436.37,172.05,826.23,94.49,e0f49404309a9df1bb1eff9e4113ba5601abf60e81d29d26a92dab86234d6655
clip_sample_011,25,1542800852912460,car,0.38175,160.33,477.05,324.19,578.53,94.49,e0f49404309a9df1bb1eff9e4113ba5601abf60e81d29d26a92dab86234d6655
clip_sample_011,25,1542800852912460,person,0.2429,845.59,505.54,873.26,594.7,94.49,e0f49404309a9df1bb1eff9e4113ba5601abf60e81d29d26a92dab86234d6655
clip_sample_011,25,1542800852912460,person,0.20329,1293.31,473.57,1327.12,576.43,94.49,e0f49404309a9df1bb1eff9e4113ba5601abf60e81d29d26a92dab86234d6655
clip_sample_011,25,1542800852912460,tv,0.18957,1254.16,224.4,1445.95,314.6,94.49,e0f49404309a9df1bb1eff9e4113ba5601abf60e81d29d26a92dab86234d6655
clip_sample_011,25,1542800852912460,tv,0.17471,1484.89,224.65,1599.14,311.96,94.49,e0f49404309a9df1bb1eff9e4113ba5601abf60e81d29d26a92dab86234d6655
clip_sample_011,25,1542800852912460,person,0.15697,842.68,507.21,872.18,595.7,94.49,e0f49404309a9df1bb1eff9e4113ba5601abf60e81d29d26a92dab86234d6655
clip_sample_011,25,1542800852912460,car,0.14975,623.32,455.82,780.76,531.53,94.49,e0f49404309a9df1bb1eff9e4113ba5601abf60e81d29d26a92dab86234d6655
clip_sample_011,25,1542800852912460,tv,0.13383,1483.89,226.74,1598.98,303.79,94.49,e0f49404309a9df1bb1eff9e4113ba5601abf60e81d29d26a92dab86234d6655
clip_sample_011,25,1542800852912460,car,0.12549,633.18,456.48,778.56,533.07,94.49,e0f49404309a9df1bb1eff9e4113ba5601abf60e81d29d26a92dab86234d6655
clip_sample_011,25,1542800852912460,truck,0.11908,1304.0,433.5,1465.49,536.25,94.49,e0f49404309a9df1bb1eff9e4113ba5601abf60e81d29d26a92dab86234d6655
clip_sample_011,25,1542800852912460,person,0.11561,1148.58,442.85,1175.76,479.4,94.49,e0f49404309a9df1bb1eff9e4113ba5601abf60e81d29d26a92dab86234d6655
clip_sample_011,25,1542800852912460,truck,0.11378,329.87,441.09,486.71,572.68,94.49,e0f49404309a9df1bb1eff9e4113ba5601abf60e81d29d26a92dab86234d6655
clip_sample_011,25,1542800852912460,person,0.11093,742.5,497.32,774.28,586.78,94.49,e0f49404309a9df1bb1eff9e4113ba5601abf60e81d29d26a92dab86234d6655
clip_sample_011,25,1542800852912460,person,0.10475,1516.54,455.02,1546.25,531.44,94.49,e0f49404309a9df1bb1eff9e4113ba5601abf60e81d29d26a92dab86234d6655
clip_sample_011,25,1542800852912460,person,0.09967,741.89,494.83,781.53,588.07,94.49,e0f49404309a9df1bb1eff9e4113ba5601abf60e81d29d26a92dab86234d6655
clip_sample_011,25,1542800852912460,person,0.09631,767.41,498.84,832.19,672.8,94.49,e0f49404309a9df1bb1eff9e4113ba5601abf60e81d29d26a92dab86234d6655
clip_sample_011,25,1542800852912460,car,0.09247,1304.0,433.5,1465.49,536.25,94.49,e0f49404309a9df1bb1eff9e4113ba5601abf60e81d29d26a92dab86234d6655
clip_sample_011,25,1542800852912460,person,0.08784,1410.41,462.34,1473.52,601.86,94.49,e0f49404309a9df1bb1eff9e4113ba5601abf60e81d29d26a92dab86234d6655
clip_sample_011,25,1542800852912460,tv,0.08504,1044.1,221.65,1225.15,314.32,94.49,e0f49404309a9df1bb1eff9e4113ba5601abf60e81d29d26a92dab86234d6655
clip_sample_011,25,1542800852912460,person,0.0771,1534.59,459.31,1565.6,530.66,94.49,e0f49404309a9df1bb1eff9e4113ba5601abf60e81d29d26a92dab86234d6655
clip_sample_011,25,1542800852912460,person,0.07206,1414.28,508.02,1458.43,601.77,94.49,e0f49404309a9df1bb1eff9e4113ba5601abf60e81d29d26a92dab86234d6655
clip_sample_011,25,1542800852912460,person,0.07008,843.56,507.19,871.22,596.11,94.49,e0f49404309a9df1bb1eff9e4113ba5601abf60e81d29d26a92dab86234d6655
clip_sample_011,25,1542800852912460,car,0.06736,116.75,487.05,167.29,554.32,94.49,e0f49404309a9df1bb1eff9e4113ba5601abf60e81d29d26a92dab86234d6655
clip_sample_011,25,1542800852912460,truck,0.06421,480.0,408.23,775.93,532.51,94.49,e0f49404309a9df1bb1eff9e4113ba5601abf60e81d29d26a92dab86234d6655
clip_sample_011,25,1542800852912460,car,0.0635,110.58,477.49,316.35,580.02,94.49,e0f49404309a9df1bb1eff9e4113ba5601abf60e81d29d26a92dab86234d6655
clip_sample_011,25,1542800852912460,truck,0.05661,0.17,436.37,172.05,826.23,94.49,e0f49404309a9df1bb1eff9e4113ba5601abf60e81d29d26a92dab86234d6655
clip_sample_011,26,1542800853012460,car,0.7961,0.46,431.12,138.6,781.32,94.82,15658760ce6b9e0ff86f4b6bc75e3e3407d9875b0862fe81928026efd23877bd
clip_sample_011,26,1542800853012460,person,0.64189,867.89,508.6,896.52,596.69,94.82,15658760ce6b9e0ff86f4b6bc75e3e3407d9875b0862fe81928026efd23877bd
clip_sample_011,26,1542800853012460,car,0.44121,70.52,441.59,202.1,593.18,94.82,15658760ce6b9e0ff86f4b6bc75e3e3407d9875b0862fe81928026efd23877bd
clip_sample_011,26,1542800853012460,car,0.42183,653.11,459.06,802.85,526.07,94.82,15658760ce6b9e0ff86f4b6bc75e3e3407d9875b0862fe81928026efd23877bd
clip_sample_011,26,1542800853012460,umbrella,0.41547,802.63,461.49,917.3,508.66,94.82,15658760ce6b9e0ff86f4b6bc75e3e3407d9875b0862fe81928026efd23877bd
clip_sample_011,26,1542800853012460,person,0.3744,801.03,500.55,858.47,683.16,94.82,15658760ce6b9e0ff86f4b6bc75e3e3407d9875b0862fe81928026efd23877bd
clip_sample_011,26,1542800853012460,person,0.36057,766.98,488.4,804.84,597.41,94.82,15658760ce6b9e0ff86f4b6bc75e3e3407d9875b0862fe81928026efd23877bd
clip_sample_011,26,1542800853012460,truck,0.34097,345.52,440.86,505.83,574.78,94.82,15658760ce6b9e0ff86f4b6bc75e3e3407d9875b0862fe81928026efd23877bd
clip_sample_011,26,1542800853012460,tv,0.27348,1520.16,224.44,1599.92,301.57,94.82,15658760ce6b9e0ff86f4b6bc75e3e3407d9875b0862fe81928026efd23877bd
clip_sample_011,26,1542800853012460,tv,0.2231,1282.85,223.42,1480.67,312.09,94.82,15658760ce6b9e0ff86f4b6bc75e3e3407d9875b0862fe81928026efd23877bd
clip_sample_011,26,1542800853012460,person,0.2188,1176.4,441.8,1200.95,480.04,94.82,15658760ce6b9e0ff86f4b6bc75e3e3407d9875b0862fe81928026efd23877bd
clip_sample_011,26,1542800853012460,car,0.1946,189.71,483.62,347.14,581.01,94.82,15658760ce6b9e0ff86f4b6bc75e3e3407d9875b0862fe81928026efd23877bd
clip_sample_011,26,1542800853012460,car,0.19197,657.06,457.85,802.1,524.17,94.82,15658760ce6b9e0ff86f4b6bc75e3e3407d9875b0862fe81928026efd23877bd
clip_sample_011,26,1542800853012460,tv,0.15925,1512.58,221.53,1599.26,304.98,94.82,15658760ce6b9e0ff86f4b6bc75e3e3407d9875b0862fe81928026efd23877bd
clip_sample_011,26,1542800853012460,car,0.15458,1342.56,438.33,1508.63,553.14,94.82,15658760ce6b9e0ff86f4b6bc75e3e3407d9875b0862fe81928026efd23877bd
clip_sample_011,26,1542800853012460,person,0.13115,1332.6,471.69,1371.47,572.53,94.82,15658760ce6b9e0ff86f4b6bc75e3e3407d9875b0862fe81928026efd23877bd
clip_sample_011,26,1542800853012460,traffic light,0.12753,733.74,378.54,763.67,428.12,94.82,15658760ce6b9e0ff86f4b6bc75e3e3407d9875b0862fe81928026efd23877bd
clip_sample_011,26,1542800853012460,truck,0.11842,1342.56,438.33,1508.63,553.14,94.82,15658760ce6b9e0ff86f4b6bc75e3e3407d9875b0862fe81928026efd23877bd
clip_sample_011,26,1542800853012460,tv,0.09865,1067.74,217.67,1250.43,316.03,94.82,15658760ce6b9e0ff86f4b6bc75e3e3407d9875b0862fe81928026efd23877bd
clip_sample_011,26,1542800853012460,car,0.09782,345.52,440.86,505.83,574.78,94.82,15658760ce6b9e0ff86f4b6bc75e3e3407d9875b0862fe81928026efd23877bd
clip_sample_011,26,1542800853012460,person,0.08956,1448.05,474.99,1510.86,608.26,94.82,15658760ce6b9e0ff86f4b6bc75e3e3407d9875b0862fe81928026efd23877bd
clip_sample_011,26,1542800853012460,clock,0.08163,1472.44,300.5,1510.65,335.0,94.82,15658760ce6b9e0ff86f4b6bc75e3e3407d9875b0862fe81928026efd23877bd
clip_sample_011,26,1542800853012460,person,0.07597,804.04,506.35,856.8,601.4,94.82,15658760ce6b9e0ff86f4b6bc75e3e3407d9875b0862fe81928026efd23877bd
clip_sample_011,26,1542800853012460,person,0.07198,802.62,502.15,857.92,603.43,94.82,15658760ce6b9e0ff86f4b6bc75e3e3407d9875b0862fe81928026efd23877bd
clip_sample_011,26,1542800853012460,clock,0.0646,496.39,399.84,555.23,466.53,94.82,15658760ce6b9e0ff86f4b6bc75e3e3407d9875b0862fe81928026efd23877bd
clip_sample_011,26,1542800853012460,truck,0.06367,490.91,403.39,674.29,523.04,94.82,15658760ce6b9e0ff86f4b6bc75e3e3407d9875b0862fe81928026efd23877bd
clip_sample_011,26,1542800853012460,person,0.05988,1454.06,499.2,1504.7,607.81,94.82,15658760ce6b9e0ff86f4b6bc75e3e3407d9875b0862fe81928026efd23877bd
clip_sample_011,26,1542800853012460,car,0.05356,1.1,433.95,201.95,595.06,94.82,15658760ce6b9e0ff86f4b6bc75e3e3407d9875b0862fe81928026efd23877bd
clip_sample_011,26,1542800853012460,car,0.05174,76.5,480.22,198.36,589.74,94.82,15658760ce6b9e0ff86f4b6bc75e3e3407d9875b0862fe81928026efd23877bd
clip_sample_011,26,1542800853012460,person,0.05009,1240.26,427.63,1271.15,491.73,94.82,15658760ce6b9e0ff86f4b6bc75e3e3407d9875b0862fe81928026efd23877bd
clip_sample_011,27,1542800853112460,person,0.59264,834.22,500.41,898.55,690.71,91.72,002aa00bb86497c96be1c06e84a36f35397b732991608287471d7365c60a2909
clip_sample_011,27,1542800853112460,car,0.58551,3.85,431.0,206.13,612.52,91.72,002aa00bb86497c96be1c06e84a36f35397b732991608287471d7365c60a2909
clip_sample_011,27,1542800853112460,car,0.42442,0.03,434.88,108.44,736.58,91.72,002aa00bb86497c96be1c06e84a36f35397b732991608287471d7365c60a2909
clip_sample_011,27,1542800853112460,umbrella,0.41407,832.96,464.95,953.55,507.06,91.72,002aa00bb86497c96be1c06e84a36f35397b732991608287471d7365c60a2909
clip_sample_011,27,1542800853112460,person,0.30568,1498.59,507.21,1544.68,610.85,91.72,002aa00bb86497c96be1c06e84a36f35397b732991608287471d7365c60a2909
clip_sample_011,27,1542800853112460,car,0.27195,683.92,458.62,826.84,537.96,91.72,002aa00bb86497c96be1c06e84a36f35397b732991608287471d7365c60a2909
clip_sample_011,27,1542800853112460,person,0.23552,795.79,501.17,828.32,595.75,91.72,002aa00bb86497c96be1c06e84a36f35397b732991608287471d7365c60a2909
clip_sample_011,27,1542800853112460,person,0.23454,894.29,513.42,921.33,593.74,91.72,002aa00bb86497c96be1c06e84a36f35397b732991608287471d7365c60a2909
clip_sample_011,27,1542800853112460,person,0.21343,796.36,506.02,825.31,596.57,91.72,002aa00bb86497c96be1c06e84a36f35397b732991608287471d7365c60a2909
clip_sample_011,27,1542800853112460,truck,0.20801,366.12,441.61,528.36,577.96,91.72,002aa00bb86497c96be1c06e84a36f35397b732991608287471d7365c60a2909
clip_sample_011,27,1542800853112460,car,0.17796,366.12,441.61,528.36,577.96,91.72,002aa00bb86497c96be1c06e84a36f35397b732991608287471d7365c60a2909
clip_sample_011,27,1542800853112460,car,0.17266,194.11,471.68,347.99,583.89,91.72,002aa00bb86497c96be1c06e84a36f35397b732991608287471d7365c60a2909
clip_sample_011,27,1542800853112460,truck,0.14708,9.31,377.84,524.46,579.22,91.72,002aa00bb86497c96be1c06e84a36f35397b732991608287471d7365c60a2909
clip_sample_011,27,1542800853112460,person,0.11888,1275.23,435.99,1309.36,492.99,91.72,002aa00bb86497c96be1c06e84a36f35397b732991608287471d7365c60a2909
clip_sample_011,27,1542800853112460,car,0.11349,694.47,458.56,825.36,531.15,91.72,002aa00bb86497c96be1c06e84a36f35397b732991608287471d7365c60a2909
clip_sample_011,27,1542800853112460,person,0.09305,834.27,504.19,918.69,690.74,91.72,002aa00bb86497c96be1c06e84a36f35397b732991608287471d7365c60a2909
clip_sample_011,27,1542800853112460,car,0.0866,1390.08,445.68,1548.84,561.72,91.72,002aa00bb86497c96be1c06e84a36f35397b732991608287471d7365c60a2909
clip_sample_011,27,1542800853112460,traffic light,0.07579,749.6,378.07,789.84,424.92,91.72,002aa00bb86497c96be1c06e84a36f35397b732991608287471d7365c60a2909
clip_sample_011,27,1542800853112460,tv,0.07186,1317.2,220.93,1516.54,307.9,91.72,002aa00bb86497c96be1c06e84a36f35397b732991608287471d7365c60a2909
clip_sample_011,27,1542800853112460,umbrella,0.06656,820.06,463.97,953.76,549.71,91.72,002aa00bb86497c96be1c06e84a36f35397b732991608287471d7365c60a2909
clip_sample_011,27,1542800853112460,person,0.06042,1378.66,472.02,1414.35,570.7,91.72,002aa00bb86497c96be1c06e84a36f35397b732991608287471d7365c60a2909
clip_sample_011,27,1542800853112460,car,0.05924,1536.44,496.36,1596.06,535.22,91.72,002aa00bb86497c96be1c06e84a36f35397b732991608287471d7365c60a2909
clip_sample_011,27,1542800853112460,umbrella,0.05189,821.02,463.12,955.81,514.34,91.72,002aa00bb86497c96be1c06e84a36f35397b732991608287471d7365c60a2909
clip_sample_011,27,1542800853112460,clock,0.05123,1507.84,295.98,1550.95,334.68,91.72,002aa00bb86497c96be1c06e84a36f35397b732991608287471d7365c60a2909
clip_sample_011,28,1542800853162460,person,0.73335,853.15,511.35,923.25,690.93,93.44,05afac380dac6616be00a677b4792cb075ebbcb0a4b66076ef7c8a739bd02366
clip_sample_011,28,1542800853162460,car,0.57715,693.79,460.7,845.83,537.39,93.44,05afac380dac6616be00a677b4792cb075ebbcb0a4b66076ef7c8a739bd02366
clip_sample_011,28,1542800853162460,car,0.50047,0.0,428.31,219.59,612.18,93.44,05afac380dac6616be00a677b4792cb075ebbcb0a4b66076ef7c8a739bd02366
clip_sample_011,28,1542800853162460,tv,0.35797,1335.41,220.6,1539.58,306.75,93.44,05afac380dac6616be00a677b4792cb075ebbcb0a4b66076ef7c8a739bd02366
clip_sample_011,28,1542800853162460,tv,0.24016,1117.75,223.96,1302.92,311.19,93.44,05afac380dac6616be00a677b4792cb075ebbcb0a4b66076ef7c8a739bd02366
clip_sample_011,28,1542800853162460,umbrella,0.23328,845.79,466.36,975.08,517.05,93.44,05afac380dac6616be00a677b4792cb075ebbcb0a4b66076ef7c8a739bd02366
clip_sample_011,28,1542800853162460,umbrella,0.20897,851.08,466.41,973.23,508.43,93.44,05afac380dac6616be00a677b4792cb075ebbcb0a4b66076ef7c8a739bd02366
clip_sample_011,28,1542800853162460,car,0.20635,0.0,555.78,87.71,883.18,93.44,05afac380dac6616be00a677b4792cb075ebbcb0a4b66076ef7c8a739bd02366
clip_sample_011,28,1542800853162460,person,0.2051,1405.81,465.29,1437.19,572.96,93.44,05afac380dac6616be00a677b4792cb075ebbcb0a4b66076ef7c8a739bd02366
clip_sample_011,28,1542800853162460,car,0.19747,387.59,442.36,544.52,578.37,93.44,05afac380dac6616be00a677b4792cb075ebbcb0a4b66076ef7c8a739bd02366
clip_sample_011,28,1542800853162460,person,0.18541,813.08,520.45,838.27,597.4,93.44,05afac380dac6616be00a677b4792cb075ebbcb0a4b66076ef7c8a739bd02366
clip_sample_011,28,1542800853162460,umbrella,0.16012,837.23,467.49,974.37,513.52,93.44,05afac380dac6616be00a677b4792cb075ebbcb0a4b66076ef7c8a739bd02366
clip_sample_011,28,1542800853162460,car,0.15212,206.6,473.95,377.49,585.41,93.44,05afac380dac6616be00a677b4792cb075ebbcb0a4b66076ef7c8a739bd02366
clip_sample_011,28,1542800853162460,person,0.14508,1287.46,433.89,1327.53,494.18,93.44,05afac380dac6616be00a677b4792cb075ebbcb0a4b66076ef7c8a739bd02366
clip_sample_011,28,1542800853162460,truck,0.13756,8.99,373.03,539.56,585.05,93.44,05afac380dac6616be00a677b4792cb075ebbcb0a4b66076ef7c8a739bd02366
clip_sample_011,28,1542800853162460,car,0.11572,0.45,431.03,88.84,736.13,93.44,05afac380dac6616be00a677b4792cb075ebbcb0a4b66076ef7c8a739bd02366
clip_sample_011,28,1542800853162460,truck,0.11425,0.0,428.31,219.59,612.18,93.44,05afac380dac6616be00a677b4792cb075ebbcb0a4b66076ef7c8a739bd02366
clip_sample_011,28,1542800853162460,traffic light,0.10215,767.89,379.27,803.48,427.81,93.44,05afac380dac6616be00a677b4792cb075ebbcb0a4b66076ef7c8a739bd02366
clip_sample_011,28,1542800853162460,truck,0.0889,0.32,429.65,92.9,886.82,93.44,05afac380dac6616be00a677b4792cb075ebbcb0a4b66076ef7c8a739bd02366
clip_sample_011,28,1542800853162460,truck,0.08323,387.59,442.36,544.52,578.37,93.44,05afac380dac6616be00a677b4792cb075ebbcb0a4b66076ef7c8a739bd02366
clip_sample_011,28,1542800853162460,tv,0.08083,921.11,240.81,1083.8,321.52,93.44,05afac380dac6616be00a677b4792cb075ebbcb0a4b66076ef7c8a739bd02366
clip_sample_011,28,1542800853162460,person,0.0769,909.7,513.18,935.92,597.03,93.44,05afac380dac6616be00a677b4792cb075ebbcb0a4b66076ef7c8a739bd02366
clip_sample_011,28,1542800853162460,truck,0.06638,169.09,376.41,540.81,582.96,93.44,05afac380dac6616be00a677b4792cb075ebbcb0a4b66076ef7c8a739bd02366
clip_sample_011,28,1542800853162460,tv,0.0637,1333.96,219.79,1541.09,305.92,93.44,05afac380dac6616be00a677b4792cb075ebbcb0a4b66076ef7c8a739bd02366
clip_sample_011,28,1542800853162460,person,0.06252,1520.18,485.55,1596.73,607.75,93.44,05afac380dac6616be00a677b4792cb075ebbcb0a4b66076ef7c8a739bd02366
clip_sample_011,28,1542800853162460,car,0.06207,0.17,434.22,88.15,843.98,93.44,05afac380dac6616be00a677b4792cb075ebbcb0a4b66076ef7c8a739bd02366
clip_sample_011,28,1542800853162460,person,0.05714,1217.5,442.81,1249.94,480.78,93.44,05afac380dac6616be00a677b4792cb075ebbcb0a4b66076ef7c8a739bd02366
clip_sample_011,28,1542800853162460,car,0.05583,0.52,429.88,90.96,617.74,93.44,05afac380dac6616be00a677b4792cb075ebbcb0a4b66076ef7c8a739bd02366
clip_sample_011,29,1542800853262460,person,0.74646,893.05,514.71,970.29,699.38,95.39,b55b112b7c346522aa336ffb848c1054a9d7bc5463994ac9b9760312c9726bc0
clip_sample_011,29,1542800853262460,car,0.59223,0.35,476.3,69.21,740.79,95.39,b55b112b7c346522aa336ffb848c1054a9d7bc5463994ac9b9760312c9726bc0
clip_sample_011,29,1542800853262460,car,0.53756,701.54,458.57,881.8,539.76,95.39,b55b112b7c346522aa336ffb848c1054a9d7bc5463994ac9b9760312c9726bc0
clip_sample_011,29,1542800853262460,car,0.50611,24.1,426.92,247.63,611.87,95.39,b55b112b7c346522aa336ffb848c1054a9d7bc5463994ac9b9760312c9726bc0
clip_sample_011,29,1542800853262460,umbrella,0.40642,897.03,469.63,1024.55,520.39,95.39,b55b112b7c346522aa336ffb848c1054a9d7bc5463994ac9b9760312c9726bc0
clip_sample_011,29,1542800853262460,truck,0.33564,194.53,378.75,569.76,580.04,95.39,b55b112b7c346522aa336ffb848c1054a9d7bc5463994ac9b9760312c9726bc0
clip_sample_011,29,1542800853262460,car,0.32982,231.49,482.92,390.18,587.21,95.39,b55b112b7c346522aa336ffb848c1054a9d7bc5463994ac9b9760312c9726bc0
clip_sample_011,29,1542800853262460,person,0.27103,843.24,506.55,874.15,595.06,95.39,b55b112b7c346522aa336ffb848c1054a9d7bc5463994ac9b9760312c9726bc0
clip_sample_011,29,1542800853262460,truck,0.23365,24.1,426.92,247.63,611.87,95.39,b55b112b7c346522aa336ffb848c1054a9d7bc5463994ac9b9760312c9726bc0
clip_sample_011,29,1542800853262460,person,0.17152,1258.66,441.68,1287.34,480.96,95.39,b55b112b7c346522aa336ffb848c1054a9d7bc5463994ac9b9760312c9726bc0
clip_sample_011,29,1542800853262460,person,0.15553,1464.78,472.47,1495.31,571.8,95.39,b55b112b7c346522aa336ffb848c1054a9d7bc5463994ac9b9760312c9726bc0
clip_sample_011,29,1542800853262460,car,0.15486,891.38,470.55,1032.11,547.59,95.39,b55b112b7c346522aa336ffb848c1054a9d7bc5463994ac9b9760312c9726bc0
clip_sample_011,29,1542800853262460,tv,0.14613,1375.26,212.64,1589.09,303.72,95.39,b55b112b7c346522aa336ffb848c1054a9d7bc5463994ac9b9760312c9726bc0
clip_sample_011,29,1542800853262460,tv,0.12559,1148.51,213.01,1346.64,309.31,95.39,b55b112b7c346522aa336ffb848c1054a9d7bc5463994ac9b9760312c9726bc0
clip_sample_011,29,1542800853262460,car,0.10391,413.08,443.84,571.2,576.91,95.39,b55b112b7c346522aa336ffb848c1054a9d7bc5463994ac9b9760312c9726bc0
clip_sample_011,29,1542800853262460,truck,0.10219,193.24,380.24,568.02,580.68,95.39,b55b112b7c346522aa336ffb848c1054a9d7bc5463994ac9b9760312c9726bc0
clip_sample_011,29,1542800853262460,person,0.10098,1461.24,473.83,1494.49,571.33,95.39,b55b112b7c346522aa336ffb848c1054a9d7bc5463994ac9b9760312c9726bc0
clip_sample_011,29,1542800853262460,truck,0.1002,0.35,476.3,69.21,740.79,95.39,b55b112b7c346522aa336ffb848c1054a9d7bc5463994ac9b9760312c9726bc0
clip_sample_011,29,1542800853262460,car,0.07625,714.88,458.77,877.44,536.0,95.39,b55b112b7c346522aa336ffb848c1054a9d7bc5463994ac9b9760312c9726bc0
clip_sample_011,29,1542800853262460,person,0.07169,1325.94,438.36,1371.82,491.8,95.39,b55b112b7c346522aa336ffb848c1054a9d7bc5463994ac9b9760312c9726bc0
clip_sample_011,29,1542800853262460,traffic light,0.06118,785.1,378.05,834.81,433.81,95.39,b55b112b7c346522aa336ffb848c1054a9d7bc5463994ac9b9760312c9726bc0
clip_sample_011,29,1542800853262460,car,0.05976,1001.92,447.15,1149.93,528.97,95.39,b55b112b7c346522aa336ffb848c1054a9d7bc5463994ac9b9760312c9726bc0
clip_sample_011,29,1542800853262460,tv,0.0561,1376.53,212.67,1587.31,304.82,95.39,b55b112b7c346522aa336ffb848c1054a9d7bc5463994ac9b9760312c9726bc0
clip_sample_011,29,1542800853262460,person,0.05445,866.45,510.68,899.06,602.35,95.39,b55b112b7c346522aa336ffb848c1054a9d7bc5463994ac9b9760312c9726bc0
clip_sample_011,29,1542800853262460,tv,0.05409,780.92,250.35,928.41,321.81,95.39,b55b112b7c346522aa336ffb848c1054a9d7bc5463994ac9b9760312c9726bc0
clip_sample_011,29,1542800853262460,truck,0.05115,413.08,443.84,571.2,576.91,95.39,b55b112b7c346522aa336ffb848c1054a9d7bc5463994ac9b9760312c9726bc0
clip_sample_011,29,1542800853262460,traffic light,0.05047,776.43,380.56,811.69,432.49,95.39,b55b112b7c346522aa336ffb848c1054a9d7bc5463994ac9b9760312c9726bc0
clip_sample_011,30,1542800853362460,person,0.80958,947.15,513.17,1015.72,699.22,91.39,f41580ac1f5496be91422192278962d914efa7afa2bc2b14b07d095d21e74c44
clip_sample_011,30,1542800853362460,car,0.72747,63.49,432.93,280.12,613.25,91.39,f41580ac1f5496be91422192278962d914efa7afa2bc2b14b07d095d21e74c44
clip_sample_011,30,1542800853362460,car,0.62814,0.17,497.13,47.46,718.52,91.39,f41580ac1f5496be91422192278962d914efa7afa2bc2b14b07d095d21e74c44
clip_sample_011,30,1542800853362460,car,0.54405,755.46,457.25,938.85,538.78,91.39,f41580ac1f5496be91422192278962d914efa7afa2bc2b14b07d095d21e74c44
clip_sample_011,30,1542800853362460,umbrella,0.49988,937.14,467.63,1067.73,523.44,91.39,f41580ac1f5496be91422192278962d914efa7afa2bc2b14b07d095d21e74c44
clip_sample_011,30,1542800853362460,person,0.4251,1523.07,468.4,1553.51,570.0,91.39,f41580ac1f5496be91422192278962d914efa7afa2bc2b14b07d095d21e74c44
clip_sample_011,30,1542800853362460,car,0.35872,280.69,486.46,448.22,587.32,91.39,f41580ac1f5496be91422192278962d914efa7afa2bc2b14b07d095d21e74c44
clip_sample_011,30,1542800853362460,traffic light,0.30001,812.71,376.73,849.13,432.7,91.39,f41580ac1f5496be91422192278962d914efa7afa2bc2b14b07d095d21e74c44
clip_sample_011,30,1542800853362460,truck,0.25132,84.11,378.55,605.31,583.92,91.39,f41580ac1f5496be91422192278962d914efa7afa2bc2b14b07d095d21e74c44
clip_sample_011,30,1542800853362460,person,0.18987,878.17,493.6,940.48,601.19,91.39,f41580ac1f5496be91422192278962d914efa7afa2bc2b14b07d095d21e74c44
clip_sample_011,30,1542800853362460,person,0.17861,879.83,511.26,916.03,598.47,91.39,f41580ac1f5496be91422192278962d914efa7afa2bc2b14b07d095d21e74c44
clip_sample_011,30,1542800853362460,traffic light,0.16163,841.84,377.04,866.28,431.82,91.39,f41580ac1f5496be91422192278962d914efa7afa2bc2b14b07d095d21e74c44
clip_sample_011,30,1542800853362460,traffic light,0.11699,807.69,380.57,826.99,429.9,91.39,f41580ac1f5496be91422192278962d914efa7afa2bc2b14b07d095d21e74c44
clip_sample_011,30,1542800853362460,umbrella,0.09174,936.3,468.17,1076.33,552.58,91.39,f41580ac1f5496be91422192278962d914efa7afa2bc2b14b07d095d21e74c44
clip_sample_011,30,1542800853362460,person,0.08215,1297.92,440.64,1328.1,477.57,91.39,f41580ac1f5496be91422192278962d914efa7afa2bc2b14b07d095d21e74c44
clip_sample_011,30,1542800853362460,car,0.07957,936.3,468.17,1076.33,552.58,91.39,f41580ac1f5496be91422192278962d914efa7afa2bc2b14b07d095d21e74c44
clip_sample_011,30,1542800853362460,car,0.06629,756.82,459.16,909.23,529.98,91.39,f41580ac1f5496be91422192278962d914efa7afa2bc2b14b07d095d21e74c44
clip_sample_011,30,1542800853362460,traffic light,0.06564,812.8,385.73,842.04,434.29,91.39,f41580ac1f5496be91422192278962d914efa7afa2bc2b14b07d095d21e74c44
clip_sample_011,30,1542800853362460,car,0.0621,450.47,444.33,604.42,578.85,91.39,f41580ac1f5496be91422192278962d914efa7afa2bc2b14b07d095d21e74c44
clip_sample_011,30,1542800853362460,truck,0.05952,63.49,432.93,280.12,613.25,91.39,f41580ac1f5496be91422192278962d914efa7afa2bc2b14b07d095d21e74c44
clip_sample_011,31,1542800853412460,person,0.73469,971.06,511.11,1044.31,702.6,100.71,a80e4eb9e9681c2453442f64527acdf22c3a7ef164d1df87ba2a3ac21160d0ca
clip_sample_011,31,1542800853412460,car,0.59491,77.68,427.91,303.81,611.86,100.71,a80e4eb9e9681c2453442f64527acdf22c3a7ef164d1df87ba2a3ac21160d0ca
clip_sample_011,31,1542800853412460,person,0.58352,898.65,514.86,932.37,600.28,100.71,a80e4eb9e9681c2453442f64527acdf22c3a7ef164d1df87ba2a3ac21160d0ca
clip_sample_011,31,1542800853412460,car,0.56574,777.76,457.29,953.9,533.54,100.71,a80e4eb9e9681c2453442f64527acdf22c3a7ef164d1df87ba2a3ac21160d0ca
clip_sample_011,31,1542800853412460,car,0.52454,0.16,502.39,37.96,700.44,100.71,a80e4eb9e9681c2453442f64527acdf22c3a7ef164d1df87ba2a3ac21160d0ca
clip_sample_011,31,1542800853412460,person,0.3581,1552.27,469.56,1582.84,579.8,100.71,a80e4eb9e9681c2453442f64527acdf22c3a7ef164d1df87ba2a3ac21160d0ca
clip_sample_011,31,1542800853412460,car,0.3505,462.33,441.12,623.73,578.12,100.71,a80e4eb9e9681c2453442f64527acdf22c3a7ef164d1df87ba2a3ac21160d0ca
clip_sample_011,31,1542800853412460,car,0.21984,291.15,482.69,468.8,586.93,100.71,a80e4eb9e9681c2453442f64527acdf22c3a7ef164d1df87ba2a3ac21160d0ca
clip_sample_011,31,1542800853412460,traffic light,0.1855,828.97,374.6,881.49,433.13,100.71,a80e4eb9e9681c2453442f64527acdf22c3a7ef164d1df87ba2a3ac21160d0ca
clip_sample_011,31,1542800853412460,traffic light,0.17963,858.7,376.65,884.35,431.21,100.71,a80e4eb9e9681c2453442f64527acdf22c3a7ef164d1df87ba2a3ac21160d0ca
clip_sample_011,31,1542800853412460,umbrella,0.16088,962.22,464.86,1085.46,525.24,100.71,a80e4eb9e9681c2453442f64527acdf22c3a7ef164d1df87ba2a3ac21160d0ca
clip_sample_011,31,1542800853412460,car,0.14113,957.27,463.17,1206.7,555.72,100.71,a80e4eb9e9681c2453442f64527acdf22c3a7ef164d1df87ba2a3ac21160d0ca
clip_sample_011,31,1542800853412460,car,0.12284,964.13,464.8,1099.25,552.85,100.71,a80e4eb9e9681c2453442f64527acdf22c3a7ef164d1df87ba2a3ac21160d0ca
clip_sample_011,31,1542800853412460,umbrella,0.10106,967.22,464.42,1085.57,509.22,100.71,a80e4eb9e9681c2453442f64527acdf22c3a7ef164d1df87ba2a3ac21160d0ca
clip_sample_011,31,1542800853412460,truck,0.09188,77.68,427.91,303.81,611.86,100.71,a80e4eb9e9681c2453442f64527acdf22c3a7ef164d1df87ba2a3ac21160d0ca
clip_sample_011,31,1542800853412460,truck,0.08236,462.33,441.12,623.73,578.12,100.71,a80e4eb9e9681c2453442f64527acdf22c3a7ef164d1df87ba2a3ac21160d0ca
clip_sample_011,31,1542800853412460,person,0.07885,1319.32,440.62,1348.6,477.0,100.71,a80e4eb9e9681c2453442f64527acdf22c3a7ef164d1df87ba2a3ac21160d0ca
clip_sample_011,31,1542800853412460,traffic light,0.0613,825.38,380.67,848.33,429.77,100.71,a80e4eb9e9681c2453442f64527acdf22c3a7ef164d1df87ba2a3ac21160d0ca
clip_sample_011,31,1542800853412460,person,0.05689,1381.07,442.77,1413.36,490.8,100.71,a80e4eb9e9681c2453442f64527acdf22c3a7ef164d1df87ba2a3ac21160d0ca
clip_sample_011,31,1542800853412460,car,0.05277,0.43,428.58,295.82,609.89,100.71,a80e4eb9e9681c2453442f64527acdf22c3a7ef164d1df87ba2a3ac21160d0ca
clip_sample_011,31,1542800853412460,traffic light,0.05024,831.15,383.55,859.54,434.77,100.71,a80e4eb9e9681c2453442f64527acdf22c3a7ef164d1df87ba2a3ac21160d0ca
clip_sample_011,32,1542800853512460,person,0.71391,1022.21,503.64,1096.5,702.82,90.86,dfb12698bbddf8c9453da98b3cdc3227f94321ed5ea5d4bd3fb825c8259e5f34
clip_sample_011,32,1542800853512460,car,0.60307,116.32,427.59,326.98,612.06,90.86,dfb12698bbddf8c9453da98b3cdc3227f94321ed5ea5d4bd3fb825c8259e5f34
clip_sample_011,32,1542800853512460,car,0.52514,331.71,486.9,485.22,585.19,90.86,dfb12698bbddf8c9453da98b3cdc3227f94321ed5ea5d4bd3fb825c8259e5f34
clip_sample_011,32,1542800853512460,car,0.49721,813.5,455.44,981.67,532.42,90.86,dfb12698bbddf8c9453da98b3cdc3227f94321ed5ea5d4bd3fb825c8259e5f34
clip_sample_011,32,1542800853512460,car,0.25608,490.8,439.21,651.78,576.84,90.86,dfb12698bbddf8c9453da98b3cdc3227f94321ed5ea5d4bd3fb825c8259e5f34
clip_sample_011,32,1542800853512460,car,0.24656,1016.63,460.74,1156.73,548.73,90.86,dfb12698bbddf8c9453da98b3cdc3227f94321ed5ea5d4bd3fb825c8259e5f34
clip_sample_011,32,1542800853512460,car,0.21598,0.13,465.02,32.07,725.66,90.86,dfb12698bbddf8c9453da98b3cdc3227f94321ed5ea5d4bd3fb825c8259e5f34
clip_sample_011,32,1542800853512460,traffic light,0.19018,895.82,376.54,924.1,427.0,90.86,dfb12698bbddf8c9453da98b3cdc3227f94321ed5ea5d4bd3fb825c8259e5f34
clip_sample_011,32,1542800853512460,truck,0.1761,490.8,439.21,651.78,576.84,90.86,dfb12698bbddf8c9453da98b3cdc3227f94321ed5ea5d4bd3fb825c8259e5f34
clip_sample_011,32,1542800853512460,traffic light,0.13134,866.67,376.35,909.03,431.14,90.86,dfb12698bbddf8c9453da98b3cdc3227f94321ed5ea5d4bd3fb825c8259e5f34
clip_sample_011,32,1542800853512460,umbrella,0.12204,1021.14,461.86,1146.2,510.24,90.86,dfb12698bbddf8c9453da98b3cdc3227f94321ed5ea5d4bd3fb825c8259e5f34
clip_sample_011,32,1542800853512460,car,0.10453,0.0,603.2,28.3,729.32,90.86,dfb12698bbddf8c9453da98b3cdc3227f94321ed5ea5d4bd3fb825c8259e5f34
clip_sample_011,32,1542800853512460,clock,0.10002,642.49,398.01,702.03,457.64,90.86,dfb12698bbddf8c9453da98b3cdc3227f94321ed5ea5d4bd3fb825c8259e5f34
clip_sample_011,32,1542800853512460,car,0.09974,21.68,426.74,322.92,609.4,90.86,dfb12698bbddf8c9453da98b3cdc3227f94321ed5ea5d4bd3fb825c8259e5f34
clip_sample_011,32,1542800853512460,traffic light,0.09908,860.99,377.74,889.83,426.97,90.86,dfb12698bbddf8c9453da98b3cdc3227f94321ed5ea5d4bd3fb825c8259e5f34
clip_sample_011,32,1542800853512460,umbrella,0.09815,1018.3,461.96,1146.03,518.28,90.86,dfb12698bbddf8c9453da98b3cdc3227f94321ed5ea5d4bd3fb825c8259e5f34
clip_sample_011,32,1542800853512460,person,0.09151,937.02,515.97,974.85,596.44,90.86,dfb12698bbddf8c9453da98b3cdc3227f94321ed5ea5d4bd3fb825c8259e5f34
clip_sample_011,32,1542800853512460,tv,0.09077,1246.65,180.72,1467.9,303.21,90.86,dfb12698bbddf8c9453da98b3cdc3227f94321ed5ea5d4bd3fb825c8259e5f34
clip_sample_011,32,1542800853512460,car,0.0889,1018.3,461.96,1146.03,518.28,90.86,dfb12698bbddf8c9453da98b3cdc3227f94321ed5ea5d4bd3fb825c8259e5f34
clip_sample_011,32,1542800853512460,truck,0.08541,136.13,374.25,651.24,577.3,90.86,dfb12698bbddf8c9453da98b3cdc3227f94321ed5ea5d4bd3fb825c8259e5f34
clip_sample_011,32,1542800853512460,bus,0.08208,1185.91,320.67,1599.94,609.14,90.86,dfb12698bbddf8c9453da98b3cdc3227f94321ed5ea5d4bd3fb825c8259e5f34
clip_sample_011,32,1542800853512460,car,0.08183,823.43,453.65,978.99,529.66,90.86,dfb12698bbddf8c9453da98b3cdc3227f94321ed5ea5d4bd3fb825c8259e5f34
clip_sample_011,32,1542800853512460,car,0.08152,0.0,502.81,28.05,712.88,90.86,dfb12698bbddf8c9453da98b3cdc3227f94321ed5ea5d4bd3fb825c8259e5f34
clip_sample_011,32,1542800853512460,car,0.0734,826.04,462.66,1028.87,542.61,90.86,dfb12698bbddf8c9453da98b3cdc3227f94321ed5ea5d4bd3fb825c8259e5f34
clip_sample_011,32,1542800853512460,tv,0.06981,1500.8,200.02,1599.47,285.11,90.86,dfb12698bbddf8c9453da98b3cdc3227f94321ed5ea5d4bd3fb825c8259e5f34
clip_sample_011,32,1542800853512460,truck,0.06827,116.32,427.59,326.98,612.06,90.86,dfb12698bbddf8c9453da98b3cdc3227f94321ed5ea5d4bd3fb825c8259e5f34
clip_sample_011,32,1542800853512460,bus,0.06555,136.13,374.25,651.24,577.3,90.86,dfb12698bbddf8c9453da98b3cdc3227f94321ed5ea5d4bd3fb825c8259e5f34
clip_sample_011,32,1542800853512460,tv,0.05576,1500.07,199.77,1599.24,288.59,90.86,dfb12698bbddf8c9453da98b3cdc3227f94321ed5ea5d4bd3fb825c8259e5f34
clip_sample_011,33,1542800853612460,person,0.69852,1076.88,505.14,1162.08,706.84,94.6,acb568296518f5dbd0c57299a303a9ec55c96a4f3ff8b5030fb009dc93ccad36
clip_sample_011,33,1542800853612460,car,0.31069,160.45,430.79,367.06,611.37,94.6,acb568296518f5dbd0c57299a303a9ec55c96a4f3ff8b5030fb009dc93ccad36
clip_sample_011,33,1542800853612460,person,0.28396,984.37,496.42,1026.31,594.85,94.6,acb568296518f5dbd0c57299a303a9ec55c96a4f3ff8b5030fb009dc93ccad36
clip_sample_011,33,1542800853612460,car,0.28009,850.29,453.96,1015.18,526.85,94.6,acb568296518f5dbd0c57299a303a9ec55c96a4f3ff8b5030fb009dc93ccad36
clip_sample_011,33,1542800853612460,car,0.25933,0.19,521.96,28.34,707.13,94.6,acb568296518f5dbd0c57299a303a9ec55c96a4f3ff8b5030fb009dc93ccad36
clip_sample_011,33,1542800853612460,car,0.20418,359.0,479.79,548.93,585.82,94.6,acb568296518f5dbd0c57299a303a9ec55c96a4f3ff8b5030fb009dc93ccad36
clip_sample_011,33,1542800853612460,car,0.17642,1069.5,458.29,1294.61,554.99,94.6,acb568296518f5dbd0c57299a303a9ec55c96a4f3ff8b5030fb009dc93ccad36
clip_sample_011,33,1542800853612460,car,0.16321,162.92,486.14,364.31,612.37,94.6,acb568296518f5dbd0c57299a303a9ec55c96a4f3ff8b5030fb009dc93ccad36
clip_sample_011,33,1542800853612460,car,0.15899,163.38,479.04,365.71,611.5,94.6,acb568296518f5dbd0c57299a303a9ec55c96a4f3ff8b5030fb009dc93ccad36
clip_sample_011,33,1542800853612460,car,0.15016,0.0,465.55,90.25,556.62,94.6,acb568296518f5dbd0c57299a303a9ec55c96a4f3ff8b5030fb009dc93ccad36
clip_sample_011,33,1542800853612460,car,0.11371,545.07,442.13,694.43,574.93,94.6,acb568296518f5dbd0c57299a303a9ec55c96a4f3ff8b5030fb009dc93ccad36
clip_sample_011,33,1542800853612460,car,0.1114,0.05,519.21,19.73,611.24,94.6,acb568296518f5dbd0c57299a303a9ec55c96a4f3ff8b5030fb009dc93ccad36
clip_sample_011,33,1542800853612460,car,0.1088,70.89,423.55,208.83,590.36,94.6,acb568296518f5dbd0c57299a303a9ec55c96a4f3ff8b5030fb009dc93ccad36
clip_sample_011,33,1542800853612460,person,0.09911,982.26,497.24,1016.39,590.37,94.6,acb568296518f5dbd0c57299a303a9ec55c96a4f3ff8b5030fb009dc93ccad36
clip_sample_011,33,1542800853612460,car,0.09517,71.89,420.91,362.56,600.4,94.6,acb568296518f5dbd0c57299a303a9ec55c96a4f3ff8b5030fb009dc93ccad36
clip_sample_011,33,1542800853612460,car,0.09095,853.11,452.93,1010.93,528.06,94.6,acb568296518f5dbd0c57299a303a9ec55c96a4f3ff8b5030fb009dc93ccad36
clip_sample_011,33,1542800853612460,car,0.09002,0.96,471.24,83.64,548.24,94.6,acb568296518f5dbd0c57299a303a9ec55c96a4f3ff8b5030fb009dc93ccad36
clip_sample_011,33,1542800853612460,car,0.0894,71.18,419.14,368.76,603.99,94.6,acb568296518f5dbd0c57299a303a9ec55c96a4f3ff8b5030fb009dc93ccad36
clip_sample_011,33,1542800853612460,traffic light,0.08438,911.66,371.14,958.63,427.57,94.6,acb568296518f5dbd0c57299a303a9ec55c96a4f3ff8b5030fb009dc93ccad36
clip_sample_011,33,1542800853612460,train,0.08161,972.04,297.92,1598.96,607.81,94.6,acb568296518f5dbd0c57299a303a9ec55c96a4f3ff8b5030fb009dc93ccad36
clip_sample_011,33,1542800853612460,car,0.07768,356.59,479.03,530.71,585.78,94.6,acb568296518f5dbd0c57299a303a9ec55c96a4f3ff8b5030fb009dc93ccad36
clip_sample_011,33,1542800853612460,car,0.07585,1072.86,460.31,1211.54,534.6,94.6,acb568296518f5dbd0c57299a303a9ec55c96a4f3ff8b5030fb009dc93ccad36
clip_sample_011,33,1542800853612460,person,0.07551,1024.26,485.88,1078.98,596.92,94.6,acb568296518f5dbd0c57299a303a9ec55c96a4f3ff8b5030fb009dc93ccad36
clip_sample_011,33,1542800853612460,car,0.07349,0.0,510.48,28.12,703.21,94.6,acb568296518f5dbd0c57299a303a9ec55c96a4f3ff8b5030fb009dc93ccad36
clip_sample_011,33,1542800853612460,car,0.0645,359.73,481.94,583.28,585.01,94.6,acb568296518f5dbd0c57299a303a9ec55c96a4f3ff8b5030fb009dc93ccad36
clip_sample_011,33,1542800853612460,clock,0.05792,682.8,397.3,743.86,459.73,94.6,acb568296518f5dbd0c57299a303a9ec55c96a4f3ff8b5030fb009dc93ccad36
clip_sample_011,33,1542800853612460,truck,0.05456,545.07,442.13,694.43,574.93,94.6,acb568296518f5dbd0c57299a303a9ec55c96a4f3ff8b5030fb009dc93ccad36
clip_sample_011,34,1542800853662460,person,0.71879,1113.81,509.89,1202.93,708.94,91.61,c21fe466891469daa6d38af1b1652eab312235502b54aba650874ad142a39001
clip_sample_011,34,1542800853662460,car,0.47165,191.55,429.53,392.27,612.44,91.61,c21fe466891469daa6d38af1b1652eab312235502b54aba650874ad142a39001
clip_sample_011,34,1542800853662460,car,0.32585,0.99,468.17,117.51,553.99,91.61,c21fe466891469daa6d38af1b1652eab312235502b54aba650874ad142a39001
clip_sample_011,34,1542800853662460,car,0.28713,0.17,587.46,30.61,693.0,91.61,c21fe466891469daa6d38af1b1652eab312235502b54aba650874ad142a39001
clip_sample_011,34,1542800853662460,car,0.22929,0.13,510.63,30.52,693.48,91.61,c21fe466891469daa6d38af1b1652eab312235502b54aba650874ad142a39001
clip_sample_011,34,1542800853662460,car,0.20853,862.01,451.76,1083.19,528.19,91.61,c21fe466891469daa6d38af1b1652eab312235502b54aba650874ad142a39001
clip_sample_011,34,1542800853662460,car,0.20708,1097.95,460.07,1247.16,553.61,91.61,c21fe466891469daa6d38af1b1652eab312235502b54aba650874ad142a39001
clip_sample_011,34,1542800853662460,car,0.19227,387.86,477.91,558.0,584.13,91.61,c21fe466891469daa6d38af1b1652eab312235502b54aba650874ad142a39001
clip_sample_011,34,1542800853662460,car,0.15415,565.32,440.86,719.1,573.04,91.61,c21fe466891469daa6d38af1b1652eab312235502b54aba650874ad142a39001
clip_sample_011,34,1542800853662460,car,0.12907,95.18,429.56,391.42,606.25,91.61,c21fe466891469daa6d38af1b1652eab312235502b54aba650874ad142a39001
clip_sample_011,34,1542800853662460,car,0.12881,0.14,507.7,25.73,605.42,91.61,c21fe466891469daa6d38af1b1652eab312235502b54aba650874ad142a39001
clip_sample_011,34,1542800853662460,truck,0.12324,565.32,440.86,719.1,573.04,91.61,c21fe466891469daa6d38af1b1652eab312235502b54aba650874ad142a39001
clip_sample_011,34,1542800853662460,car,0.10986,97.59,428.59,387.05,611.06,91.61,c21fe466891469daa6d38af1b1652eab312235502b54aba650874ad142a39001
clip_sample_011,34,1542800853662460,car,0.09486,1.95,470.35,113.76,548.23,91.61,c21fe466891469daa6d38af1b1652eab312235502b54aba650874ad142a39001
clip_sample_011,34,1542800853662460,car,0.09233,863.03,449.73,1088.07,528.77,91.61,c21fe466891469daa6d38af1b1652eab312235502b54aba650874ad142a39001
clip_sample_011,34,1542800853662460,clock,0.08896,706.22,397.28,764.36,459.45,91.61,c21fe466891469daa6d38af1b1652eab312235502b54aba650874ad142a39001
clip_sample_011,34,1542800853662460,person,0.06609,1008.85,514.71,1050.86,594.35,91.61,c21fe466891469daa6d38af1b1652eab312235502b54aba650874ad142a39001
clip_sample_011,34,1542800853662460,car,0.05978,1.26,466.59,122.95,596.31,91.61,c21fe466891469daa6d38af1b1652eab312235502b54aba650874ad142a39001
clip_sample_011,34,1542800853662460,traffic light,0.05826,935.65,367.96,994.98,423.34,91.61,c21fe466891469daa6d38af1b1652eab312235502b54aba650874ad142a39001
clip_sample_011,34,1542800853662460,car,0.0576,0.24,536.06,23.66,607.16,91.61,c21fe466891469daa6d38af1b1652eab312235502b54aba650874ad142a39001
clip_sample_011,34,1542800853662460,car,0.05262,0.0,511.54,27.36,688.57,91.61,c21fe466891469daa6d38af1b1652eab312235502b54aba650874ad142a39001
clip_sample_011,34,1542800853662460,car,0.05056,872.4,451.32,1041.19,526.64,91.61,c21fe466891469daa6d38af1b1652eab312235502b54aba650874ad142a39001
clip_sample_011,35,1542800853762460,person,0.46489,1184.92,519.36,1264.53,712.4,91.13,5d749d13ca04d6b00694e81f65ae9d166145d9cfe35936d3adc3982339ca5e85
clip_sample_011,35,1542800853762460,car,0.44441,609.01,438.96,764.33,579.26,91.13,5d749d13ca04d6b00694e81f65ae9d166145d9cfe35936d3adc3982339ca5e85
clip_sample_011,35,1542800853762460,car,0.36243,155.98,434.41,434.93,615.92,91.13,5d749d13ca04d6b00694e81f65ae9d166145d9cfe35936d3adc3982339ca5e85
clip_sample_011,35,1542800853762460,fire hydrant,0.31217,1184.92,519.36,1264.53,712.4,91.13,5d749d13ca04d6b00694e81f65ae9d166145d9cfe35936d3adc3982339ca5e85
clip_sample_011,35,1542800853762460,car,0.302,1173.53,463.29,1326.69,585.83,91.13,5d749d13ca04d6b00694e81f65ae9d166145d9cfe35936d3adc3982339ca5e85
clip_sample_011,35,1542800853762460,car,0.29806,917.03,451.91,1137.3,532.22,91.13,5d749d13ca04d6b00694e81f65ae9d166145d9cfe35936d3adc3982339ca5e85
clip_sample_011,35,1542800853762460,fire hydrant,0.27526,1058.64,523.84,1092.04,596.65,91.13,5d749d13ca04d6b00694e81f65ae9d166145d9cfe35936d3adc3982339ca5e85
clip_sample_011,35,1542800853762460,car,0.25871,238.93,434.87,435.67,613.91,91.13,5d749d13ca04d6b00694e81f65ae9d166145d9cfe35936d3adc3982339ca5e85
clip_sample_011,35,1542800853762460,car,0.25036,1.15,481.71,66.53,528.04,91.13,5d749d13ca04d6b00694e81f65ae9d166145d9cfe35936d3adc3982339ca5e85
clip_sample_011,35,1542800853762460,car,0.22965,426.5,479.66,607.1,587.49,91.13,5d749d13ca04d6b00694e81f65ae9d166145d9cfe35936d3adc3982339ca5e85
clip_sample_011,35,1542800853762460,tv,0.18462,1160.93,195.37,1354.51,291.91,91.13,5d749d13ca04d6b00694e81f65ae9d166145d9cfe35936d3adc3982339ca5e85
clip_sample_011,35,1542800853762460,car,0.17293,1.01,483.27,67.35,539.99,91.13,5d749d13ca04d6b00694e81f65ae9d166145d9cfe35936d3adc3982339ca5e85
clip_sample_011,35,1542800853762460,car,0.14248,0.18,529.42,33.53,685.01,91.13,5d749d13ca04d6b00694e81f65ae9d166145d9cfe35936d3adc3982339ca5e85
clip_sample_011,35,1542800853762460,truck,0.13393,609.01,438.96,764.33,579.26,91.13,5d749d13ca04d6b00694e81f65ae9d166145d9cfe35936d3adc3982339ca5e85
clip_sample_011,35,1542800853762460,car,0.10419,55.77,475.95,158.1,549.1,91.13,5d749d13ca04d6b00694e81f65ae9d166145d9cfe35936d3adc3982339ca5e85
clip_sample_011,35,1542800853762460,traffic light,0.10218,1005.5,372.2,1038.27,426.23,91.13,5d749d13ca04d6b00694e81f65ae9d166145d9cfe35936d3adc3982339ca5e85
clip_sample_011,35,1542800853762460,car,0.10189,422.48,476.36,606.88,588.25,91.13,5d749d13ca04d6b00694e81f65ae9d166145d9cfe35936d3adc3982339ca5e85
clip_sample_011,35,1542800853762460,car,0.09468,0.09,525.79,34.63,761.14,91.13,5d749d13ca04d6b00694e81f65ae9d166145d9cfe35936d3adc3982339ca5e85
clip_sample_011,35,1542800853762460,person,0.08076,1058.64,523.84,1092.04,596.65,91.13,5d749d13ca04d6b00694e81f65ae9d166145d9cfe35936d3adc3982339ca5e85
clip_sample_011,35,1542800853762460,tv,0.07131,971.29,223.2,1136.53,306.77,91.13,5d749d13ca04d6b00694e81f65ae9d166145d9cfe35936d3adc3982339ca5e85
clip_sample_011,35,1542800853762460,car,0.06949,0.0,510.49,35.23,676.52,91.13,5d749d13ca04d6b00694e81f65ae9d166145d9cfe35936d3adc3982339ca5e85
clip_sample_011,35,1542800853762460,truck,0.06796,155.98,434.41,434.93,615.92,91.13,5d749d13ca04d6b00694e81f65ae9d166145d9cfe35936d3adc3982339ca5e85
clip_sample_011,35,1542800853762460,car,0.06367,0.32,482.22,71.31,551.5,91.13,5d749d13ca04d6b00694e81f65ae9d166145d9cfe35936d3adc3982339ca5e85
clip_sample_011,35,1542800853762460,tv,0.06345,1248.24,209.29,1347.36,279.37,91.13,5d749d13ca04d6b00694e81f65ae9d166145d9cfe35936d3adc3982339ca5e85
clip_sample_011,35,1542800853762460,car,0.05778,923.81,458.66,1154.44,545.41,91.13,5d749d13ca04d6b00694e81f65ae9d166145d9cfe35936d3adc3982339ca5e85
clip_sample_011,35,1542800853762460,traffic light,0.05658,998.69,372.7,1032.53,424.26,91.13,5d749d13ca04d6b00694e81f65ae9d166145d9cfe35936d3adc3982339ca5e85
clip_sample_011,35,1542800853762460,car,0.05296,0.89,482.43,72.0,583.74,91.13,5d749d13ca04d6b00694e81f65ae9d166145d9cfe35936d3adc3982339ca5e85
clip_sample_011,35,1542800853762460,car,0.05144,0.97,481.07,75.88,605.75,91.13,5d749d13ca04d6b00694e81f65ae9d166145d9cfe35936d3adc3982339ca5e85
clip_sample_011,35,1542800853762460,car,0.05025,143.47,435.08,268.94,598.51,91.13,5d749d13ca04d6b00694e81f65ae9d166145d9cfe35936d3adc3982339ca5e85
clip_sample_011,36,1542800853862460,car,0.35471,0.34,523.0,40.49,686.64,93.27,2008d793de8036b15512b5c8af3717efedf0a41921e30dd33c44abeab6e8ff98
clip_sample_011,36,1542800853862460,car,0.31989,280.41,436.75,479.73,622.86,93.27,2008d793de8036b15512b5c8af3717efedf0a41921e30dd33c44abeab6e8ff98
clip_sample_011,36,1542800853862460,person,0.31322,1258.62,528.19,1340.53,725.79,93.27,2008d793de8036b15512b5c8af3717efedf0a41921e30dd33c44abeab6e8ff98
clip_sample_011,36,1542800853862460,car,0.28926,648.2,442.12,808.04,583.1,93.27,2008d793de8036b15512b5c8af3717efedf0a41921e30dd33c44abeab6e8ff98
clip_sample_011,36,1542800853862460,person,0.27263,1165.04,492.39,1204.61,604.01,93.27,2008d793de8036b15512b5c8af3717efedf0a41921e30dd33c44abeab6e8ff98
clip_sample_011,36,1542800853862460,person,0.26657,1110.05,482.6,1152.0,604.67,93.27,2008d793de8036b15512b5c8af3717efedf0a41921e30dd33c44abeab6e8ff98
clip_sample_011,36,1542800853862460,person,0.21254,1228.7,482.95,1262.68,589.05,93.27,2008d793de8036b15512b5c8af3717efedf0a41921e30dd33c44abeab6e8ff98
clip_sample_011,36,1542800853862460,truck,0.21035,280.41,436.75,479.73,622.86,93.27,2008d793de8036b15512b5c8af3717efedf0a41921e30dd33c44abeab6e8ff98
clip_sample_011,36,1542800853862460,car,0.20711,42.7,484.77,112.16,521.54,93.27,2008d793de8036b15512b5c8af3717efedf0a41921e30dd33c44abeab6e8ff98
clip_sample_011,36,1542800853862460,car,0.17473,191.15,440.75,313.39,603.83,93.27,2008d793de8036b15512b5c8af3717efedf0a41921e30dd33c44abeab6e8ff98
clip_sample_011,36,1542800853862460,car,0.1605,469.62,480.99,630.6,591.67,93.27,2008d793de8036b15512b5c8af3717efedf0a41921e30dd33c44abeab6e8ff98
clip_sample_011,36,1542800853862460,traffic light,0.15698,1052.5,365.37,1088.14,425.74,93.27,2008d793de8036b15512b5c8af3717efedf0a41921e30dd33c44abeab6e8ff98
clip_sample_011,36,1542800853862460,car,0.11406,968.91,449.51,1137.32,528.35,93.27,2008d793de8036b15512b5c8af3717efedf0a41921e30dd33c44abeab6e8ff98
clip_sample_011,36,1542800853862460,car,0.10558,1256.7,463.71,1400.63,600.38,93.27,2008d793de8036b15512b5c8af3717efedf0a41921e30dd33c44abeab6e8ff98
clip_sample_011,36,1542800853862460,person,0.10287,1159.92,484.58,1204.55,605.03,93.27,2008d793de8036b15512b5c8af3717efedf0a41921e30dd33c44abeab6e8ff98
clip_sample_011,36,1542800853862460,truck,0.09545,648.2,442.12,808.04,583.1,93.27,2008d793de8036b15512b5c8af3717efedf0a41921e30dd33c44abeab6e8ff98
clip_sample_011,36,1542800853862460,person,0.08999,1107.61,478.79,1157.62,605.88,93.27,2008d793de8036b15512b5c8af3717efedf0a41921e30dd33c44abeab6e8ff98
clip_sample_011,36,1542800853862460,car,0.06933,192.52,438.97,482.45,613.36,93.27,2008d793de8036b15512b5c8af3717efedf0a41921e30dd33c44abeab6e8ff98
clip_sample_011,36,1542800853862460,car,0.06577,104.12,481.67,202.25,555.59,93.27,2008d793de8036b15512b5c8af3717efedf0a41921e30dd33c44abeab6e8ff98
clip_sample_011,36,1542800853862460,traffic light,0.0648,1021.89,370.69,1060.88,425.58,93.27,2008d793de8036b15512b5c8af3717efedf0a41921e30dd33c44abeab6e8ff98
clip_sample_011,36,1542800853862460,person,0.06337,1166.82,515.46,1202.51,602.11,93.27,2008d793de8036b15512b5c8af3717efedf0a41921e30dd33c44abeab6e8ff98
clip_sample_011,36,1542800853862460,car,0.06332,43.45,485.56,110.93,529.56,93.27,2008d793de8036b15512b5c8af3717efedf0a41921e30dd33c44abeab6e8ff98
clip_sample_011,36,1542800853862460,truck,0.06108,192.52,438.97,482.45,613.36,93.27,2008d793de8036b15512b5c8af3717efedf0a41921e30dd33c44abeab6e8ff98
clip_sample_011,36,1542800853862460,truck,0.0576,189.88,439.37,479.92,616.07,93.27,2008d793de8036b15512b5c8af3717efedf0a41921e30dd33c44abeab6e8ff98
clip_sample_011,36,1542800853862460,traffic light,0.05522,1053.33,361.44,1088.54,420.28,93.27,2008d793de8036b15512b5c8af3717efedf0a41921e30dd33c44abeab6e8ff98
clip_sample_011,36,1542800853862460,bus,0.05332,0.95,417.87,145.53,496.67,93.27,2008d793de8036b15512b5c8af3717efedf0a41921e30dd33c44abeab6e8ff98
clip_sample_011,36,1542800853862460,car,0.05321,101.04,477.9,205.18,561.08,93.27,2008d793de8036b15512b5c8af3717efedf0a41921e30dd33c44abeab6e8ff98
