clip_name,frame_number,sample_data_token,sample_token,instance_token,category,visibility_level,rejected,reject_reason,x1,y1,x2,y2,unclipped_x1,unclipped_y1,unclipped_x2,unclipped_y2,was_clipped,depth_m,num_lidar_pts,num_radar_pts
clip_sample_001,2,562a992ab3724ba1873439cb5aa79c5f,f753d3f87e5b40af87ff2cbf7c8e7082,045cd82a77a1472499e8c15100cb5ff3,vehicle.car,v80-100,False,,524.08,462.22,685.12,559.92,524.08,462.22,685.12,559.92,False,22.6,26,1
clip_sample_001,2,562a992ab3724ba1873439cb5aa79c5f,f753d3f87e5b40af87ff2cbf7c8e7082,06509e54d29547119ed212877c7f310f,movable_object.pushable_pullable,v80-100,True,projected box falls entirely outside the image,0.0,0.0,0.0,0.0,0.0,0.0,0.0,0.0,False,0.0,8,0
clip_sample_001,2,562a992ab3724ba1873439cb5aa79c5f,f753d3f87e5b40af87ff2cbf7c8e7082,06ff24b7f1e8479b934f1b74348028bc,vehicle.car,v80-100,False,,990.13,448.91,1047.6,498.2,990.13,448.91,1047.6,498.2,False,42.855,8,0
clip_sample_001,2,562a992ab3724ba1873439cb5aa79c5f,f753d3f87e5b40af87ff2cbf7c8e7082,0809d64df9264121bead0772ee9b5984,human.pedestrian.adult,v0-40,False,,1215.36,440.59,1250.58,518.49,1215.36,440.59,1250.58,518.49,False,28.6,2,0
clip_sample_001,2,562a992ab3724ba1873439cb5aa79c5f,f753d3f87e5b40af87ff2cbf7c8e7082,09810748e6c04aacb393ebf14fafa5e8,human.pedestrian.adult,v60-80,False,,1451.31,443.04,1539.83,588.74,1451.31,443.04,1539.83,588.74,False,16.004,5,0
clip_sample_001,2,562a992ab3724ba1873439cb5aa79c5f,f753d3f87e5b40af87ff2cbf7c8e7082,0bfc7d407d09490cba7ac57897fcb100,vehicle.car,v0-40,False,,1310.43,427.14,1464.07,506.22,1310.43,427.14,1464.07,506.22,False,29.25,1,0
clip_sample_001,2,562a992ab3724ba1873439cb5aa79c5f,f753d3f87e5b40af87ff2cbf7c8e7082,200c440c0e9b4627ad4f3047227016a2,vehicle.car,v80-100,True,all corners behind or at the camera plane,0.0,0.0,0.0,0.0,0.0,0.0,0.0,0.0,False,0.0,17,4
clip_sample_001,2,562a992ab3724ba1873439cb5aa79c5f,f753d3f87e5b40af87ff2cbf7c8e7082,2ef4b4d20b064d34b754f68e48f5a5c2,vehicle.car,v40-60,False,,434.17,450.99,570.51,534.99,434.17,450.99,570.51,534.99,False,32.256,4,2
clip_sample_001,2,562a992ab3724ba1873439cb5aa79c5f,f753d3f87e5b40af87ff2cbf7c8e7082,34aaf645a4174c6c8ff1874e6b33ccf6,human.pedestrian.adult,v80-100,True,all corners behind or at the camera plane,0.0,0.0,0.0,0.0,0.0,0.0,0.0,0.0,False,0.0,6,3
clip_sample_001,2,562a992ab3724ba1873439cb5aa79c5f,f753d3f87e5b40af87ff2cbf7c8e7082,3620feb00d744241a94855f3a8913a78,vehicle.car,v80-100,False,,1150.62,450.03,1598.49,671.43,1150.62,450.03,1598.49,671.43,False,11.305,131,2
clip_sample_001,2,562a992ab3724ba1873439cb5aa79c5f,f753d3f87e5b40af87ff2cbf7c8e7082,3b19bb63d0924f4da3034819357d6c8b,human.pedestrian.adult,v80-100,True,all corners behind or at the camera plane,0.0,0.0,0.0,0.0,0.0,0.0,0.0,0.0,False,0.0,2,0
clip_sample_001,2,562a992ab3724ba1873439cb5aa79c5f,f753d3f87e5b40af87ff2cbf7c8e7082,3c7331d16ac6439e9bd5a57d75976446,human.pedestrian.child,v80-100,True,projected box falls entirely outside the image,0.0,0.0,0.0,0.0,0.0,0.0,0.0,0.0,False,0.0,7,0
clip_sample_001,2,562a992ab3724ba1873439cb5aa79c5f,f753d3f87e5b40af87ff2cbf7c8e7082,48d06a263b314b48bd41343ea5f5d158,vehicle.car,v0-40,False,,931.86,447.62,961.26,478.57,931.86,447.62,961.26,478.57,False,82.652,1,0
clip_sample_001,2,562a992ab3724ba1873439cb5aa79c5f,f753d3f87e5b40af87ff2cbf7c8e7082,4ce8f37952ad4203b1f5b23c728fb2e6,human.pedestrian.adult,v0-40,False,,54.91,483.2,125.41,588.34,54.91,483.2,125.41,588.34,False,20.642,2,0
clip_sample_001,2,562a992ab3724ba1873439cb5aa79c5f,f753d3f87e5b40af87ff2cbf7c8e7082,5d77c275683248658e7564ef24bf63b2,human.pedestrian.adult,v80-100,True,all corners behind or at the camera plane,0.0,0.0,0.0,0.0,0.0,0.0,0.0,0.0,False,0.0,9,0
clip_sample_001,2,562a992ab3724ba1873439cb5aa79c5f,f753d3f87e5b40af87ff2cbf7c8e7082,5dd3f11916924b7cb93687c10c7c83b6,human.pedestrian.adult,v80-100,True,all corners behind or at the camera plane,0.0,0.0,0.0,0.0,0.0,0.0,0.0,0.0,False,0.0,3,0
clip_sample_001,2,562a992ab3724ba1873439cb5aa79c5f,f753d3f87e5b40af87ff2cbf7c8e7082,62cd175b56cf4caa887eaf3462ccde5a,movable_object.trafficcone,v80-100,True,projected box falls entirely outside the image,0.0,0.0,0.0,0.0,0.0,0.0,0.0,0.0,False,0.0,1,0
clip_sample_001,2,562a992ab3724ba1873439cb5aa79c5f,f753d3f87e5b40af87ff2cbf7c8e7082,6346de1c47584b34833d6df500d2ed6c,vehicle.car,v40-60,True,projected box falls entirely outside the image,0.0,0.0,0.0,0.0,0.0,0.0,0.0,0.0,False,0.0,20,1
clip_sample_001,2,562a992ab3724ba1873439cb5aa79c5f,f753d3f87e5b40af87ff2cbf7c8e7082,68a40df2846e4298af0417ea12721b5c,human.pedestrian.adult,v60-80,True,all corners behind or at the camera plane,0.0,0.0,0.0,0.0,0.0,0.0,0.0,0.0,False,0.0,0,0
clip_sample_001,2,562a992ab3724ba1873439cb5aa79c5f,f753d3f87e5b40af87ff2cbf7c8e7082,6e71a9ceaf9a4974a1d07a2bd3544506,human.pedestrian.adult,v80-100,True,all corners behind or at the camera plane,0.0,0.0,0.0,0.0,0.0,0.0,0.0,0.0,False,0.0,2,2
clip_sample_001,2,562a992ab3724ba1873439cb5aa79c5f,f753d3f87e5b40af87ff2cbf7c8e7082,72137291381349428afb1038d4e5898c,human.pedestrian.adult,v80-100,True,all corners behind or at the camera plane,0.0,0.0,0.0,0.0,0.0,0.0,0.0,0.0,False,0.0,5,4
clip_sample_001,2,562a992ab3724ba1873439cb5aa79c5f,f753d3f87e5b40af87ff2cbf7c8e7082,84755505e70547af890aff9db860f692,vehicle.car,v0-40,False,,1176.95,428.62,1261.45,478.86,1176.95,428.62,1261.45,478.86,False,53.557,0,0
clip_sample_001,2,562a992ab3724ba1873439cb5aa79c5f,f753d3f87e5b40af87ff2cbf7c8e7082,84d4bf98117e477dae6b51bf1bf5c8bb,human.pedestrian.adult,v80-100,True,all corners behind or at the camera plane,0.0,0.0,0.0,0.0,0.0,0.0,0.0,0.0,False,0.0,3,0
clip_sample_001,2,562a992ab3724ba1873439cb5aa79c5f,f753d3f87e5b40af87ff2cbf7c8e7082,8ce4fe54af77467d90c840465f69677f,vehicle.car,v0-40,False,,1238.92,423.79,1325.83,473.12,1238.92,423.79,1325.83,473.12,False,54.342,0,0
clip_sample_001,2,562a992ab3724ba1873439cb5aa79c5f,f753d3f87e5b40af87ff2cbf7c8e7082,9439a24131dc4e1faa3b5b73f518f1da,vehicle.truck,v60-80,False,,637.71,431.8,716.29,500.83,637.71,431.8,716.29,500.83,False,59.22,1,0
clip_sample_001,2,562a992ab3724ba1873439cb5aa79c5f,f753d3f87e5b40af87ff2cbf7c8e7082,996d9e039f7a4838ac48d5409ca89732,human.pedestrian.adult,v80-100,True,all corners behind or at the camera plane,0.0,0.0,0.0,0.0,0.0,0.0,0.0,0.0,False,0.0,7,2
clip_sample_001,2,562a992ab3724ba1873439cb5aa79c5f,f753d3f87e5b40af87ff2cbf7c8e7082,99fbf1b9bf474215a4e8ad562bb7e9b2,human.pedestrian.adult,v0-40,True,all corners behind or at the camera plane,0.0,0.0,0.0,0.0,0.0,0.0,0.0,0.0,False,0.0,1,0
clip_sample_001,2,562a992ab3724ba1873439cb5aa79c5f,f753d3f87e5b40af87ff2cbf7c8e7082,9e5f09bc19cd473dae219194ada64f3d,vehicle.car,v0-40,True,projected box falls entirely outside the image,0.0,0.0,0.0,0.0,0.0,0.0,0.0,0.0,False,0.0,6,0
clip_sample_001,2,562a992ab3724ba1873439cb5aa79c5f,f753d3f87e5b40af87ff2cbf7c8e7082,a6ca1e8c4eee458cb4981e02f58c954f,vehicle.car,v0-40,True,projected box falls entirely outside the image,0.0,0.0,0.0,0.0,0.0,0.0,0.0,0.0,False,0.0,3,0
clip_sample_001,2,562a992ab3724ba1873439cb5aa79c5f,f753d3f87e5b40af87ff2cbf7c8e7082,ab8d210d019b44abae3c4e0eee6ce8ba,human.pedestrian.adult,v80-100,True,all corners behind or at the camera plane,0.0,0.0,0.0,0.0,0.0,0.0,0.0,0.0,False,0.0,3,1
clip_sample_001,2,562a992ab3724ba1873439cb5aa79c5f,f753d3f87e5b40af87ff2cbf7c8e7082,ad2ae385245f46d49b4d06f87e2ac544,human.pedestrian.adult,v80-100,True,all corners behind or at the camera plane,0.0,0.0,0.0,0.0,0.0,0.0,0.0,0.0,False,0.0,7,2
clip_sample_001,2,562a992ab3724ba1873439cb5aa79c5f,f753d3f87e5b40af87ff2cbf7c8e7082,b3412553d70f40b3a1d19a0eb8529a08,human.pedestrian.adult,v80-100,True,projected box falls entirely outside the image,0.0,0.0,0.0,0.0,0.0,0.0,0.0,0.0,False,0.0,11,0
clip_sample_001,2,562a992ab3724ba1873439cb5aa79c5f,f753d3f87e5b40af87ff2cbf7c8e7082,bc6bc2b076b24fc79ed0517f5747c1cf,human.pedestrian.adult,v80-100,True,all corners behind or at the camera plane,0.0,0.0,0.0,0.0,0.0,0.0,0.0,0.0,False,0.0,5,1
clip_sample_001,2,562a992ab3724ba1873439cb5aa79c5f,f753d3f87e5b40af87ff2cbf7c8e7082,bfe685042aa34ab7b2b2f24ee0f1645f,static_object.bicycle_rack,v0-40,False,,532.61,466.86,665.97,517.8,532.61,466.86,665.97,517.8,False,43.785,1,0
clip_sample_001,2,562a992ab3724ba1873439cb5aa79c5f,f753d3f87e5b40af87ff2cbf7c8e7082,c1fe224b76cc49e294847788c443e470,human.pedestrian.adult,v0-40,False,,107.64,477.84,166.75,586.44,107.64,477.84,166.75,586.44,False,20.895,1,0
clip_sample_001,2,562a992ab3724ba1873439cb5aa79c5f,f753d3f87e5b40af87ff2cbf7c8e7082,c34cb46c7be6486a85ee49653850b174,human.pedestrian.adult,v60-80,True,all corners behind or at the camera plane,0.0,0.0,0.0,0.0,0.0,0.0,0.0,0.0,False,0.0,6,0
clip_sample_001,2,562a992ab3724ba1873439cb5aa79c5f,f753d3f87e5b40af87ff2cbf7c8e7082,c6439c068e7045898c3a4ef0a96dea45,human.pedestrian.child,v80-100,True,all corners behind or at the camera plane,0.0,0.0,0.0,0.0,0.0,0.0,0.0,0.0,False,0.0,3,0
clip_sample_001,2,562a992ab3724ba1873439cb5aa79c5f,f753d3f87e5b40af87ff2cbf7c8e7082,d0f5aace57684923b8a44b554b006fb2,vehicle.car,v80-100,True,all corners behind or at the camera plane,0.0,0.0,0.0,0.0,0.0,0.0,0.0,0.0,False,0.0,557,1
clip_sample_001,2,562a992ab3724ba1873439cb5aa79c5f,f753d3f87e5b40af87ff2cbf7c8e7082,dc762bf1bc694d3e8141bf592f9b1456,vehicle.car,v80-100,False,,0.0,445.8,558.33,638.67,-3.12,445.8,558.33,638.67,True,13.249,131,5
clip_sample_001,2,562a992ab3724ba1873439cb5aa79c5f,f753d3f87e5b40af87ff2cbf7c8e7082,dce1fda2d70945c792dcc27074ec6aa9,vehicle.car,v80-100,True,projected box falls entirely outside the image,0.0,0.0,0.0,0.0,0.0,0.0,0.0,0.0,False,0.0,72,2
clip_sample_001,2,562a992ab3724ba1873439cb5aa79c5f,f753d3f87e5b40af87ff2cbf7c8e7082,e147a4c07e06487592fb5d6135c27a78,human.pedestrian.adult,v80-100,True,projected box falls entirely outside the image,0.0,0.0,0.0,0.0,0.0,0.0,0.0,0.0,False,0.0,24,0
clip_sample_001,2,562a992ab3724ba1873439cb5aa79c5f,f753d3f87e5b40af87ff2cbf7c8e7082,e73ba8faf67d40c8b6b653489393ef8b,vehicle.car,v80-100,False,,1227.94,433.12,1302.47,480.22,1227.94,433.12,1302.47,480.22,False,47.88,0,0
clip_sample_001,2,562a992ab3724ba1873439cb5aa79c5f,f753d3f87e5b40af87ff2cbf7c8e7082,eaaf60765ee8478f8e0bd4942571c6fb,vehicle.car,v0-40,False,,308.7,477.19,485.87,569.87,308.7,477.19,485.87,569.87,False,25.664,1,1
clip_sample_001,2,562a992ab3724ba1873439cb5aa79c5f,f753d3f87e5b40af87ff2cbf7c8e7082,ead6a822f86c432481c0a9d2e4e4f827,human.pedestrian.adult,v80-100,True,all corners behind or at the camera plane,0.0,0.0,0.0,0.0,0.0,0.0,0.0,0.0,False,0.0,0,1
clip_sample_001,2,562a992ab3724ba1873439cb5aa79c5f,f753d3f87e5b40af87ff2cbf7c8e7082,f1010738ac3a4f56b936fa3a077571b5,human.pedestrian.adult,v80-100,True,all corners behind or at the camera plane,0.0,0.0,0.0,0.0,0.0,0.0,0.0,0.0,False,0.0,2,0
clip_sample_001,2,562a992ab3724ba1873439cb5aa79c5f,f753d3f87e5b40af87ff2cbf7c8e7082,f3995943006145ca8a7bc375527f0aba,vehicle.car,v80-100,True,all corners behind or at the camera plane,0.0,0.0,0.0,0.0,0.0,0.0,0.0,0.0,False,0.0,1,0
clip_sample_001,2,562a992ab3724ba1873439cb5aa79c5f,f753d3f87e5b40af87ff2cbf7c8e7082,fa107c6dd0dc4d15b94b86cbf5b990c0,human.pedestrian.adult,v60-80,True,all corners behind or at the camera plane,0.0,0.0,0.0,0.0,0.0,0.0,0.0,0.0,False,0.0,2,0
clip_sample_001,2,562a992ab3724ba1873439cb5aa79c5f,f753d3f87e5b40af87ff2cbf7c8e7082,fef3f0c1f8f944e393315c5460263f17,human.pedestrian.adult,v0-40,True,all corners behind or at the camera plane,0.0,0.0,0.0,0.0,0.0,0.0,0.0,0.0,False,0.0,3,0
clip_sample_001,2,562a992ab3724ba1873439cb5aa79c5f,f753d3f87e5b40af87ff2cbf7c8e7082,ff7dc6c94901476e9b5f6198e3b2103f,human.pedestrian.adult,v80-100,True,all corners behind or at the camera plane,0.0,0.0,0.0,0.0,0.0,0.0,0.0,0.0,False,0.0,2,0
clip_sample_001,8,a1c59120cae444969fe633dce315bfaf,b22fa0b3c34f47b6a360b60f35d5d567,045cd82a77a1472499e8c15100cb5ff3,vehicle.car,v80-100,False,,497.98,466.09,674.07,571.06,497.98,466.09,674.07,571.06,False,21.154,22,3
clip_sample_001,8,a1c59120cae444969fe633dce315bfaf,b22fa0b3c34f47b6a360b60f35d5d567,06509e54d29547119ed212877c7f310f,movable_object.pushable_pullable,v80-100,True,projected box falls entirely outside the image,0.0,0.0,0.0,0.0,0.0,0.0,0.0,0.0,False,0.0,4,0
clip_sample_001,8,a1c59120cae444969fe633dce315bfaf,b22fa0b3c34f47b6a360b60f35d5d567,06ff24b7f1e8479b934f1b74348028bc,vehicle.car,v80-100,False,,995.58,454.05,1055.61,505.12,995.58,454.05,1055.61,505.12,False,41.393,7,0
clip_sample_001,8,a1c59120cae444969fe633dce315bfaf,b22fa0b3c34f47b6a360b60f35d5d567,0809d64df9264121bead0772ee9b5984,human.pedestrian.adult,v0-40,False,,1223.44,444.5,1259.44,524.04,1223.44,444.5,1259.44,524.04,False,28.017,1,0
clip_sample_001,8,a1c59120cae444969fe633dce315bfaf,b22fa0b3c34f47b6a360b60f35d5d567,09810748e6c04aacb393ebf14fafa5e8,human.pedestrian.adult,v60-80,False,,1549.82,449.76,1600.0,618.69,1549.82,448.46,1658.57,618.69,True,13.751,9,0
clip_sample_001,8,a1c59120cae444969fe633dce315bfaf,b22fa0b3c34f47b6a360b60f35d5d567,0bfc7d407d09490cba7ac57897fcb100,vehicle.car,v0-40,False,,1333.68,431.15,1499.88,514.68,1333.68,431.15,1499.88,514.68,False,27.785,2,0
clip_sample_001,8,a1c59120cae444969fe633dce315bfaf,b22fa0b3c34f47b6a360b60f35d5d567,200c440c0e9b4627ad4f3047227016a2,vehicle.car,v80-100,True,all corners behind or at the camera plane,0.0,0.0,0.0,0.0,0.0,0.0,0.0,0.0,False,0.0,8,4
clip_sample_001,8,a1c59120cae444969fe633dce315bfaf,b22fa0b3c34f47b6a360b60f35d5d567,2ef4b4d20b064d34b754f68e48f5a5c2,vehicle.car,v0-40,False,,413.71,455.79,558.87,544.03,413.71,455.79,558.87,544.03,False,30.801,1,1
clip_sample_001,8,a1c59120cae444969fe633dce315bfaf,b22fa0b3c34f47b6a360b60f35d5d567,34aaf645a4174c6c8ff1874e6b33ccf6,human.pedestrian.adult,v80-100,True,all corners behind or at the camera plane,0.0,0.0,0.0,0.0,0.0,0.0,0.0,0.0,False,0.0,4,3
clip_sample_001,8,a1c59120cae444969fe633dce315bfaf,b22fa0b3c34f47b6a360b60f35d5d567,3620feb00d744241a94855f3a8913a78,vehicle.car,v80-100,False,,1188.41,451.5,1600.0,713.3,1188.41,448.37,1745.81,713.3,True,9.833,188,3
clip_sample_001,8,a1c59120cae444969fe633dce315bfaf,b22fa0b3c34f47b6a360b60f35d5d567,3b19bb63d0924f4da3034819357d6c8b,human.pedestrian.adult,v80-100,True,all corners behind or at the camera plane,0.0,0.0,0.0,0.0,0.0,0.0,0.0,0.0,False,0.0,1,0
clip_sample_001,8,a1c59120cae444969fe633dce315bfaf,b22fa0b3c34f47b6a360b60f35d5d567,3c7331d16ac6439e9bd5a57d75976446,human.pedestrian.child,v80-100,True,projected box falls entirely outside the image,0.0,0.0,0.0,0.0,0.0,0.0,0.0,0.0,False,0.0,10,0
clip_sample_001,8,a1c59120cae444969fe633dce315bfaf,b22fa0b3c34f47b6a360b60f35d5d567,48d06a263b314b48bd41343ea5f5d158,vehicle.car,v0-40,False,,933.96,450.84,963.97,482.35,933.96,450.84,963.97,482.35,False,81.191,0,0
clip_sample_001,8,a1c59120cae444969fe633dce315bfaf,b22fa0b3c34f47b6a360b60f35d5d567,4ce8f37952ad4203b1f5b23c728fb2e6,human.pedestrian.adult,v80-100,False,,0.0,484.11,46.26,601.02,-36.74,484.11,46.26,602.08,True,18.415,5,0
clip_sample_001,8,a1c59120cae444969fe633dce315bfaf,b22fa0b3c34f47b6a360b60f35d5d567,5d77c275683248658e7564ef24bf63b2,human.pedestrian.adult,v80-100,True,all corners behind or at the camera plane,0.0,0.0,0.0,0.0,0.0,0.0,0.0,0.0,False,0.0,5,0
clip_sample_001,8,a1c59120cae444969fe633dce315bfaf,b22fa0b3c34f47b6a360b60f35d5d567,5dd3f11916924b7cb93687c10c7c83b6,human.pedestrian.adult,v0-40,True,all corners behind or at the camera plane,0.0,0.0,0.0,0.0,0.0,0.0,0.0,0.0,False,0.0,3,0
clip_sample_001,8,a1c59120cae444969fe633dce315bfaf,b22fa0b3c34f47b6a360b60f35d5d567,62cd175b56cf4caa887eaf3462ccde5a,movable_object.trafficcone,v80-100,True,projected box falls entirely outside the image,0.0,0.0,0.0,0.0,0.0,0.0,0.0,0.0,False,0.0,1,0
clip_sample_001,8,a1c59120cae444969fe633dce315bfaf,b22fa0b3c34f47b6a360b60f35d5d567,6346de1c47584b34833d6df500d2ed6c,vehicle.car,v40-60,True,projected box falls entirely outside the image,0.0,0.0,0.0,0.0,0.0,0.0,0.0,0.0,False,0.0,11,1
clip_sample_001,8,a1c59120cae444969fe633dce315bfaf,b22fa0b3c34f47b6a360b60f35d5d567,6702a65bda8b4e2da8ac270c26e425bd,vehicle.motorcycle,v80-100,False,,1138.19,456.27,1157.76,498.39,1138.19,456.27,1157.76,498.39,False,41.161,1,0
clip_sample_001,8,a1c59120cae444969fe633dce315bfaf,b22fa0b3c34f47b6a360b60f35d5d567,68a40df2846e4298af0417ea12721b5c,human.pedestrian.adult,v60-80,True,all corners behind or at the camera plane,0.0,0.0,0.0,0.0,0.0,0.0,0.0,0.0,False,0.0,2,0
clip_sample_001,8,a1c59120cae444969fe633dce315bfaf,b22fa0b3c34f47b6a360b60f35d5d567,6e71a9ceaf9a4974a1d07a2bd3544506,human.pedestrian.adult,v0-40,True,all corners behind or at the camera plane,0.0,0.0,0.0,0.0,0.0,0.0,0.0,0.0,False,0.0,1,0
clip_sample_001,8,a1c59120cae444969fe633dce315bfaf,b22fa0b3c34f47b6a360b60f35d5d567,72137291381349428afb1038d4e5898c,human.pedestrian.adult,v80-100,True,all corners behind or at the camera plane,0.0,0.0,0.0,0.0,0.0,0.0,0.0,0.0,False,0.0,6,2
clip_sample_001,8,a1c59120cae444969fe633dce315bfaf,b22fa0b3c34f47b6a360b60f35d5d567,84755505e70547af890aff9db860f692,vehicle.car,v0-40,False,,1186.4,432.71,1274.34,484.41,1186.4,432.71,1274.34,484.41,False,52.092,0,0
clip_sample_001,8,a1c59120cae444969fe633dce315bfaf,b22fa0b3c34f47b6a360b60f35d5d567,84d4bf98117e477dae6b51bf1bf5c8bb,human.pedestrian.adult,v80-100,True,all corners behind or at the camera plane,0.0,0.0,0.0,0.0,0.0,0.0,0.0,0.0,False,0.0,3,0
clip_sample_001,8,a1c59120cae444969fe633dce315bfaf,b22fa0b3c34f47b6a360b60f35d5d567,8ce4fe54af77467d90c840465f69677f,vehicle.car,v0-40,False,,1249.8,428.69,1340.23,479.41,1249.8,428.69,1340.23,479.41,False,52.894,0,0
clip_sample_001,8,a1c59120cae444969fe633dce315bfaf,b22fa0b3c34f47b6a360b60f35d5d567,9439a24131dc4e1faa3b5b73f518f1da,vehicle.truck,v60-80,False,,632.28,435.21,713.3,506.04,632.28,435.21,713.3,506.04,False,57.768,1,0
clip_sample_001,8,a1c59120cae444969fe633dce315bfaf,b22fa0b3c34f47b6a360b60f35d5d567,996d9e039f7a4838ac48d5409ca89732,human.pedestrian.adult,v80-100,True,all corners behind or at the camera plane,0.0,0.0,0.0,0.0,0.0,0.0,0.0,0.0,False,0.0,3,3
clip_sample_001,8,a1c59120cae444969fe633dce315bfaf,b22fa0b3c34f47b6a360b60f35d5d567,99fbf1b9bf474215a4e8ad562bb7e9b2,human.pedestrian.adult,v0-40,True,all corners behind or at the camera plane,0.0,0.0,0.0,0.0,0.0,0.0,0.0,0.0,False,0.0,0,0
clip_sample_001,8,a1c59120cae444969fe633dce315bfaf,b22fa0b3c34f47b6a360b60f35d5d567,9e5f09bc19cd473dae219194ada64f3d,vehicle.car,v0-40,True,projected box falls entirely outside the image,0.0,0.0,0.0,0.0,0.0,0.0,0.0,0.0,False,0.0,5,0
clip_sample_001,8,a1c59120cae444969fe633dce315bfaf,b22fa0b3c34f47b6a360b60f35d5d567,a6ca1e8c4eee458cb4981e02f58c954f,vehicle.car,v0-40,True,projected box falls entirely outside the image,0.0,0.0,0.0,0.0,0.0,0.0,0.0,0.0,False,0.0,0,0
clip_sample_001,8,a1c59120cae444969fe633dce315bfaf,b22fa0b3c34f47b6a360b60f35d5d567,ab8d210d019b44abae3c4e0eee6ce8ba,human.pedestrian.adult,v80-100,True,all corners behind or at the camera plane,0.0,0.0,0.0,0.0,0.0,0.0,0.0,0.0,False,0.0,4,0
clip_sample_001,8,a1c59120cae444969fe633dce315bfaf,b22fa0b3c34f47b6a360b60f35d5d567,ad2ae385245f46d49b4d06f87e2ac544,human.pedestrian.adult,v80-100,True,all corners behind or at the camera plane,0.0,0.0,0.0,0.0,0.0,0.0,0.0,0.0,False,0.0,9,1
clip_sample_001,8,a1c59120cae444969fe633dce315bfaf,b22fa0b3c34f47b6a360b60f35d5d567,b3412553d70f40b3a1d19a0eb8529a08,human.pedestrian.adult,v80-100,True,projected box falls entirely outside the image,0.0,0.0,0.0,0.0,0.0,0.0,0.0,0.0,False,0.0,17,0
clip_sample_001,8,a1c59120cae444969fe633dce315bfaf,b22fa0b3c34f47b6a360b60f35d5d567,bc6bc2b076b24fc79ed0517f5747c1cf,human.pedestrian.adult,v80-100,True,all corners behind or at the camera plane,0.0,0.0,0.0,0.0,0.0,0.0,0.0,0.0,False,0.0,4,1
clip_sample_001,8,a1c59120cae444969fe633dce315bfaf,b22fa0b3c34f47b6a360b60f35d5d567,bfe685042aa34ab7b2b2f24ee0f1645f,static_object.bicycle_rack,v0-40,False,,520.15,471.38,661.21,524.09,520.15,471.38,661.21,524.09,False,42.328,0,0
clip_sample_001,8,a1c59120cae444969fe633dce315bfaf,b22fa0b3c34f47b6a360b60f35d5d567,c1fe224b76cc49e294847788c443e470,human.pedestrian.adult,v80-100,False,,29.29,481.45,96.71,601.45,29.29,481.45,96.71,601.45,False,18.93,8,0
clip_sample_001,8,a1c59120cae444969fe633dce315bfaf,b22fa0b3c34f47b6a360b60f35d5d567,c34cb46c7be6486a85ee49653850b174,human.pedestrian.adult,v80-100,True,all corners behind or at the camera plane,0.0,0.0,0.0,0.0,0.0,0.0,0.0,0.0,False,0.0,21,1
clip_sample_001,8,a1c59120cae444969fe633dce315bfaf,b22fa0b3c34f47b6a360b60f35d5d567,c6439c068e7045898c3a4ef0a96dea45,human.pedestrian.child,v80-100,True,all corners behind or at the camera plane,0.0,0.0,0.0,0.0,0.0,0.0,0.0,0.0,False,0.0,3,0
clip_sample_001,8,a1c59120cae444969fe633dce315bfaf,b22fa0b3c34f47b6a360b60f35d5d567,d0f5aace57684923b8a44b554b006fb2,vehicle.car,v80-100,True,all corners behind or at the camera plane,0.0,0.0,0.0,0.0,0.0,0.0,0.0,0.0,False,0.0,473,2
clip_sample_001,8,a1c59120cae444969fe633dce315bfaf,b22fa0b3c34f47b6a360b60f35d5d567,dc762bf1bc694d3e8141bf592f9b1456,vehicle.car,v80-100,False,,13.73,443.74,619.73,655.1,13.73,443.74,619.73,655.1,False,12.206,157,8
clip_sample_001,8,a1c59120cae444969fe633dce315bfaf,b22fa0b3c34f47b6a360b60f35d5d567,dce1fda2d70945c792dcc27074ec6aa9,vehicle.car,v80-100,True,projected box falls entirely outside the image,0.0,0.0,0.0,0.0,0.0,0.0,0.0,0.0,False,0.0,88,2
clip_sample_001,8,a1c59120cae444969fe633dce315bfaf,b22fa0b3c34f47b6a360b60f35d5d567,e147a4c07e06487592fb5d6135c27a78,human.pedestrian.adult,v80-100,True,projected box falls entirely outside the image,0.0,0.0,0.0,0.0,0.0,0.0,0.0,0.0,False,0.0,22,0
clip_sample_001,8,a1c59120cae444969fe633dce315bfaf,b22fa0b3c34f47b6a360b60f35d5d567,e73ba8faf67d40c8b6b653489393ef8b,vehicle.car,v60-80,False,,1240.07,436.94,1318.09,485.56,1240.07,436.94,1318.09,485.56,False,46.415,0,0
clip_sample_001,8,a1c59120cae444969fe633dce315bfaf,b22fa0b3c34f47b6a360b60f35d5d567,eaaf60765ee8478f8e0bd4942571c6fb,vehicle.car,v0-40,False,,269.95,483.47,464.51,583.05,269.95,483.47,464.51,583.05,False,24.078,2,0
clip_sample_001,8,a1c59120cae444969fe633dce315bfaf,b22fa0b3c34f47b6a360b60f35d5d567,ead6a822f86c432481c0a9d2e4e4f827,human.pedestrian.adult,v80-100,True,all corners behind or at the camera plane,0.0,0.0,0.0,0.0,0.0,0.0,0.0,0.0,False,0.0,2,1
clip_sample_001,8,a1c59120cae444969fe633dce315bfaf,b22fa0b3c34f47b6a360b60f35d5d567,f1010738ac3a4f56b936fa3a077571b5,human.pedestrian.adult,v80-100,True,all corners behind or at the camera plane,0.0,0.0,0.0,0.0,0.0,0.0,0.0,0.0,False,0.0,2,0
clip_sample_001,8,a1c59120cae444969fe633dce315bfaf,b22fa0b3c34f47b6a360b60f35d5d567,f3995943006145ca8a7bc375527f0aba,vehicle.car,v40-60,True,all corners behind or at the camera plane,0.0,0.0,0.0,0.0,0.0,0.0,0.0,0.0,False,0.0,4,0
clip_sample_001,8,a1c59120cae444969fe633dce315bfaf,b22fa0b3c34f47b6a360b60f35d5d567,fa107c6dd0dc4d15b94b86cbf5b990c0,human.pedestrian.adult,v60-80,True,all corners behind or at the camera plane,0.0,0.0,0.0,0.0,0.0,0.0,0.0,0.0,False,0.0,3,0
clip_sample_001,8,a1c59120cae444969fe633dce315bfaf,b22fa0b3c34f47b6a360b60f35d5d567,fef3f0c1f8f944e393315c5460263f17,human.pedestrian.adult,v0-40,True,all corners behind or at the camera plane,0.0,0.0,0.0,0.0,0.0,0.0,0.0,0.0,False,0.0,0,0
clip_sample_001,8,a1c59120cae444969fe633dce315bfaf,b22fa0b3c34f47b6a360b60f35d5d567,ff7dc6c94901476e9b5f6198e3b2103f,human.pedestrian.adult,v60-80,True,all corners behind or at the camera plane,0.0,0.0,0.0,0.0,0.0,0.0,0.0,0.0,False,0.0,1,0
clip_sample_001,14,46424bca0dce47e4b112431ecf260696,0a0d6b8c2e884134a3b48df43d54c36a,045cd82a77a1472499e8c15100cb5ff3,vehicle.car,v0-40,False,,465.0,476.69,671.57,588.28,465.0,476.69,671.57,588.28,False,20.148,5,0
clip_sample_001,14,46424bca0dce47e4b112431ecf260696,0a0d6b8c2e884134a3b48df43d54c36a,06509e54d29547119ed212877c7f310f,movable_object.pushable_pullable,v80-100,True,projected box falls entirely outside the image,0.0,0.0,0.0,0.0,0.0,0.0,0.0,0.0,False,0.0,8,0
clip_sample_001,14,46424bca0dce47e4b112431ecf260696,0a0d6b8c2e884134a3b48df43d54c36a,06ff24b7f1e8479b934f1b74348028bc,vehicle.car,v80-100,False,,999.36,461.69,1061.23,514.05,999.36,461.69,1061.23,514.05,False,40.456,4,1
clip_sample_001,14,46424bca0dce47e4b112431ecf260696,0a0d6b8c2e884134a3b48df43d54c36a,0809d64df9264121bead0772ee9b5984,human.pedestrian.adult,v80-100,False,,1228.25,450.67,1264.92,530.92,1228.25,450.67,1264.92,530.92,False,27.777,5,0
clip_sample_001,14,46424bca0dce47e4b112431ecf260696,0a0d6b8c2e884134a3b48df43d54c36a,09810748e6c04aacb393ebf14fafa5e8,human.pedestrian.adult,v60-80,True,projected box falls entirely outside the image,0.0,0.0,0.0,0.0,0.0,0.0,0.0,0.0,False,0.0,8,0
clip_sample_001,14,46424bca0dce47e4b112431ecf260696,0a0d6b8c2e884134a3b48df43d54c36a,0bfc7d407d09490cba7ac57897fcb100,vehicle.car,v0-40,False,,1349.14,432.51,1524.3,519.2,1349.14,432.51,1524.3,519.2,False,26.876,1,0
clip_sample_001,14,46424bca0dce47e4b112431ecf260696,0a0d6b8c2e884134a3b48df43d54c36a,200c440c0e9b4627ad4f3047227016a2,vehicle.car,v80-100,True,all corners behind or at the camera plane,0.0,0.0,0.0,0.0,0.0,0.0,0.0,0.0,False,0.0,7,5
clip_sample_001,14,46424bca0dce47e4b112431ecf260696,0a0d6b8c2e884134a3b48df43d54c36a,2ef4b4d20b064d34b754f68e48f5a5c2,vehicle.car,v0-40,False,,399.36,464.01,550.85,555.36,399.36,464.01,550.85,555.36,False,29.858,0,0
clip_sample_001,14,46424bca0dce47e4b112431ecf260696,0a0d6b8c2e884134a3b48df43d54c36a,34aaf645a4174c6c8ff1874e6b33ccf6,human.pedestrian.adult,v80-100,True,all corners behind or at the camera plane,0.0,0.0,0.0,0.0,0.0,0.0,0.0,0.0,False,0.0,6,4
clip_sample_001,14,46424bca0dce47e4b112431ecf260696,0a0d6b8c2e884134a3b48df43d54c36a,3620feb00d744241a94855f3a8913a78,vehicle.car,v80-100,False,,1219.64,460.79,1600.0,761.0,1219.64,455.16,1883.05,761.0,True,8.844,243,1
clip_sample_001,14,46424bca0dce47e4b112431ecf260696,0a0d6b8c2e884134a3b48df43d54c36a,377df4ee88ec46c9be892080557263f6,vehicle.car,v0-40,False,,671.95,465.44,726.38,506.42,671.95,465.44,726.38,506.42,False,65.099,1,0
clip_sample_001,14,46424bca0dce47e4b112431ecf260696,0a0d6b8c2e884134a3b48df43d54c36a,3b19bb63d0924f4da3034819357d6c8b,human.pedestrian.adult,v80-100,True,all corners behind or at the camera plane,0.0,0.0,0.0,0.0,0.0,0.0,0.0,0.0,False,0.0,2,0
clip_sample_001,14,46424bca0dce47e4b112431ecf260696,0a0d6b8c2e884134a3b48df43d54c36a,3c7331d16ac6439e9bd5a57d75976446,human.pedestrian.child,v80-100,True,projected box falls entirely outside the image,0.0,0.0,0.0,0.0,0.0,0.0,0.0,0.0,False,0.0,4,0
clip_sample_001,14,46424bca0dce47e4b112431ecf260696,0a0d6b8c2e884134a3b48df43d54c36a,48d06a263b314b48bd41343ea5f5d158,vehicle.car,v0-40,False,,935.54,459.73,966.01,491.64,935.54,459.73,966.01,491.64,False,80.255,1,0
clip_sample_001,14,46424bca0dce47e4b112431ecf260696,0a0d6b8c2e884134a3b48df43d54c36a,4ce8f37952ad4203b1f5b23c728fb2e6,human.pedestrian.adult,v80-100,True,projected box falls entirely outside the image,0.0,0.0,0.0,0.0,0.0,0.0,0.0,0.0,False,0.0,6,2
clip_sample_001,14,46424bca0dce47e4b112431ecf260696,0a0d6b8c2e884134a3b48df43d54c36a,5d77c275683248658e7564ef24bf63b2,human.pedestrian.adult,v80-100,True,all corners behind or at the camera plane,0.0,0.0,0.0,0.0,0.0,0.0,0.0,0.0,False,0.0,5,3
clip_sample_001,14,46424bca0dce47e4b112431ecf260696,0a0d6b8c2e884134a3b48df43d54c36a,5dd3f11916924b7cb93687c10c7c83b6,human.pedestrian.adult,v80-100,True,all corners behind or at the camera plane,0.0,0.0,0.0,0.0,0.0,0.0,0.0,0.0,False,0.0,2,0
clip_sample_001,14,46424bca0dce47e4b112431ecf260696,0a0d6b8c2e884134a3b48df43d54c36a,62cd175b56cf4caa887eaf3462ccde5a,movable_object.trafficcone,v80-100,True,projected box falls entirely outside the image,0.0,0.0,0.0,0.0,0.0,0.0,0.0,0.0,False,0.0,3,0
clip_sample_001,14,46424bca0dce47e4b112431ecf260696,0a0d6b8c2e884134a3b48df43d54c36a,6346de1c47584b34833d6df500d2ed6c,vehicle.car,v60-80,True,projected box falls entirely outside the image,0.0,0.0,0.0,0.0,0.0,0.0,0.0,0.0,False,0.0,17,0
clip_sample_001,14,46424bca0dce47e4b112431ecf260696,0a0d6b8c2e884134a3b48df43d54c36a,6702a65bda8b4e2da8ac270c26e425bd,vehicle.motorcycle,v80-100,False,,1145.88,463.64,1165.61,506.79,1145.88,463.64,1165.61,506.79,False,40.219,0,0
clip_sample_001,14,46424bca0dce47e4b112431ecf260696,0a0d6b8c2e884134a3b48df43d54c36a,6e71a9ceaf9a4974a1d07a2bd3544506,human.pedestrian.adult,v0-40,True,all corners behind or at the camera plane,0.0,0.0,0.0,0.0,0.0,0.0,0.0,0.0,False,0.0,1,0
clip_sample_001,14,46424bca0dce47e4b112431ecf260696,0a0d6b8c2e884134a3b48df43d54c36a,72137291381349428afb1038d4e5898c,human.pedestrian.adult,v80-100,True,all corners behind or at the camera plane,0.0,0.0,0.0,0.0,0.0,0.0,0.0,0.0,False,0.0,6,3
clip_sample_001,14,46424bca0dce47e4b112431ecf260696,0a0d6b8c2e884134a3b48df43d54c36a,84755505e70547af890aff9db860f692,vehicle.car,v0-40,False,,1192.74,437.27,1283.12,490.01,1192.74,437.27,1283.12,490.01,False,51.155,0,0
clip_sample_001,14,46424bca0dce47e4b112431ecf260696,0a0d6b8c2e884134a3b48df43d54c36a,84d4bf98117e477dae6b51bf1bf5c8bb,human.pedestrian.adult,v80-100,True,all corners behind or at the camera plane,0.0,0.0,0.0,0.0,0.0,0.0,0.0,0.0,False,0.0,6,0
clip_sample_001,14,46424bca0dce47e4b112431ecf260696,0a0d6b8c2e884134a3b48df43d54c36a,8ce4fe54af77467d90c840465f69677f,vehicle.car,v0-40,False,,1257.09,435.86,1350.01,487.56,1257.09,435.86,1350.01,487.56,False,51.972,0,0
clip_sample_001,14,46424bca0dce47e4b112431ecf260696,0a0d6b8c2e884134a3b48df43d54c36a,9439a24131dc4e1faa3b5b73f518f1da,vehicle.truck,v60-80,False,,629.05,439.94,711.74,512.06,629.05,439.94,711.74,512.06,False,56.84,7,3
clip_sample_001,14,46424bca0dce47e4b112431ecf260696,0a0d6b8c2e884134a3b48df43d54c36a,996d9e039f7a4838ac48d5409ca89732,human.pedestrian.adult,v80-100,True,all corners behind or at the camera plane,0.0,0.0,0.0,0.0,0.0,0.0,0.0,0.0,False,0.0,5,3
clip_sample_001,14,46424bca0dce47e4b112431ecf260696,0a0d6b8c2e884134a3b48df43d54c36a,99fbf1b9bf474215a4e8ad562bb7e9b2,human.pedestrian.adult,v0-40,True,all corners behind or at the camera plane,0.0,0.0,0.0,0.0,0.0,0.0,0.0,0.0,False,0.0,9,0
clip_sample_001,14,46424bca0dce47e4b112431ecf260696,0a0d6b8c2e884134a3b48df43d54c36a,9e5f09bc19cd473dae219194ada64f3d,vehicle.car,v0-40,True,projected box falls entirely outside the image,0.0,0.0,0.0,0.0,0.0,0.0,0.0,0.0,False,0.0,8,1
clip_sample_001,14,46424bca0dce47e4b112431ecf260696,0a0d6b8c2e884134a3b48df43d54c36a,a6ca1e8c4eee458cb4981e02f58c954f,vehicle.car,v0-40,True,projected box falls entirely outside the image,0.0,0.0,0.0,0.0,0.0,0.0,0.0,0.0,False,0.0,1,0
clip_sample_001,14,46424bca0dce47e4b112431ecf260696,0a0d6b8c2e884134a3b48df43d54c36a,ab8d210d019b44abae3c4e0eee6ce8ba,human.pedestrian.adult,v80-100,True,all corners behind or at the camera plane,0.0,0.0,0.0,0.0,0.0,0.0,0.0,0.0,False,0.0,3,1
clip_sample_001,14,46424bca0dce47e4b112431ecf260696,0a0d6b8c2e884134a3b48df43d54c36a,ad2ae385245f46d49b4d06f87e2ac544,human.pedestrian.adult,v80-100,True,all corners behind or at the camera plane,0.0,0.0,0.0,0.0,0.0,0.0,0.0,0.0,False,0.0,4,1
clip_sample_001,14,46424bca0dce47e4b112431ecf260696,0a0d6b8c2e884134a3b48df43d54c36a,b3412553d70f40b3a1d19a0eb8529a08,human.pedestrian.adult,v80-100,True,projected box falls entirely outside the image,0.0,0.0,0.0,0.0,0.0,0.0,0.0,0.0,False,0.0,7,0
clip_sample_001,14,46424bca0dce47e4b112431ecf260696,0a0d6b8c2e884134a3b48df43d54c36a,bc6bc2b076b24fc79ed0517f5747c1cf,human.pedestrian.adult,v80-100,True,all corners behind or at the camera plane,0.0,0.0,0.0,0.0,0.0,0.0,0.0,0.0,False,0.0,6,0
clip_sample_001,14,46424bca0dce47e4b112431ecf260696,0a0d6b8c2e884134a3b48df43d54c36a,bfe685042aa34ab7b2b2f24ee0f1645f,static_object.bicycle_rack,v0-40,False,,511.73,478.77,658.17,532.78,511.73,478.77,658.17,532.78,False,41.396,2,0
clip_sample_001,14,46424bca0dce47e4b112431ecf260696,0a0d6b8c2e884134a3b48df43d54c36a,c1fe224b76cc49e294847788c443e470,human.pedestrian.adult,v80-100,False,,0.0,488.37,34.44,617.44,-39.43,488.37,34.44,618.44,True,17.505,9,1
clip_sample_001,14,46424bca0dce47e4b112431ecf260696,0a0d6b8c2e884134a3b48df43d54c36a,c34cb46c7be6486a85ee49653850b174,human.pedestrian.adult,v80-100,True,all corners behind or at the camera plane,0.0,0.0,0.0,0.0,0.0,0.0,0.0,0.0,False,0.0,15,0
clip_sample_001,14,46424bca0dce47e4b112431ecf260696,0a0d6b8c2e884134a3b48df43d54c36a,c6439c068e7045898c3a4ef0a96dea45,human.pedestrian.child,v80-100,True,all corners behind or at the camera plane,0.0,0.0,0.0,0.0,0.0,0.0,0.0,0.0,False,0.0,2,0
clip_sample_001,14,46424bca0dce47e4b112431ecf260696,0a0d6b8c2e884134a3b48df43d54c36a,d0f5aace57684923b8a44b554b006fb2,vehicle.car,v80-100,True,all corners behind or at the camera plane,0.0,0.0,0.0,0.0,0.0,0.0,0.0,0.0,False,0.0,409,4
clip_sample_001,14,46424bca0dce47e4b112431ecf260696,0a0d6b8c2e884134a3b48df43d54c36a,dc762bf1bc694d3e8141bf592f9b1456,vehicle.car,v80-100,False,,194.49,450.41,768.67,664.04,194.49,450.41,768.67,664.04,False,12.267,148,4
clip_sample_001,14,46424bca0dce47e4b112431ecf260696,0a0d6b8c2e884134a3b48df43d54c36a,dce1fda2d70945c792dcc27074ec6aa9,vehicle.car,v80-100,True,projected box falls entirely outside the image,0.0,0.0,0.0,0.0,0.0,0.0,0.0,0.0,False,0.0,105,3
clip_sample_001,14,46424bca0dce47e4b112431ecf260696,0a0d6b8c2e884134a3b48df43d54c36a,e147a4c07e06487592fb5d6135c27a78,human.pedestrian.adult,v80-100,True,projected box falls entirely outside the image,0.0,0.0,0.0,0.0,0.0,0.0,0.0,0.0,False,0.0,22,0
clip_sample_001,14,46424bca0dce47e4b112431ecf260696,0a0d6b8c2e884134a3b48df43d54c36a,e73ba8faf67d40c8b6b653489393ef8b,vehicle.car,v60-80,False,,1248.29,442.95,1328.81,492.64,1248.29,442.95,1328.81,492.64,False,45.477,0,0
clip_sample_001,14,46424bca0dce47e4b112431ecf260696,0a0d6b8c2e884134a3b48df43d54c36a,eaaf60765ee8478f8e0bd4942571c6fb,vehicle.car,v0-40,False,,241.15,492.82,448.98,597.91,241.15,492.82,448.98,597.91,False,23.031,0,1
clip_sample_001,14,46424bca0dce47e4b112431ecf260696,0a0d6b8c2e884134a3b48df43d54c36a,ead6a822f86c432481c0a9d2e4e4f827,human.pedestrian.adult,v80-100,True,all corners behind or at the camera plane,0.0,0.0,0.0,0.0,0.0,0.0,0.0,0.0,False,0.0,2,0
clip_sample_001,14,46424bca0dce47e4b112431ecf260696,0a0d6b8c2e884134a3b48df43d54c36a,f1010738ac3a4f56b936fa3a077571b5,human.pedestrian.adult,v80-100,True,all corners behind or at the camera plane,0.0,0.0,0.0,0.0,0.0,0.0,0.0,0.0,False,0.0,2,0
clip_sample_001,14,46424bca0dce47e4b112431ecf260696,0a0d6b8c2e884134a3b48df43d54c36a,fa107c6dd0dc4d15b94b86cbf5b990c0,human.pedestrian.adult,v80-100,True,all corners behind or at the camera plane,0.0,0.0,0.0,0.0,0.0,0.0,0.0,0.0,False,0.0,3,0
clip_sample_001,14,46424bca0dce47e4b112431ecf260696,0a0d6b8c2e884134a3b48df43d54c36a,fef3f0c1f8f944e393315c5460263f17,human.pedestrian.adult,v0-40,True,all corners behind or at the camera plane,0.0,0.0,0.0,0.0,0.0,0.0,0.0,0.0,False,0.0,3,0
clip_sample_001,14,46424bca0dce47e4b112431ecf260696,0a0d6b8c2e884134a3b48df43d54c36a,ff7dc6c94901476e9b5f6198e3b2103f,human.pedestrian.adult,v0-40,True,all corners behind or at the camera plane,0.0,0.0,0.0,0.0,0.0,0.0,0.0,0.0,False,0.0,0,0
clip_sample_001,19,d05e01e43df24e35a7b4f11647e250f6,8e9c2cba0ee74056aa3746e8391d54a9,045cd82a77a1472499e8c15100cb5ff3,vehicle.car,v0-40,False,,423.94,483.16,651.87,604.33,423.94,483.16,651.87,604.33,False,18.829,0,1
clip_sample_001,19,d05e01e43df24e35a7b4f11647e250f6,8e9c2cba0ee74056aa3746e8391d54a9,06509e54d29547119ed212877c7f310f,movable_object.pushable_pullable,v80-100,True,projected box falls entirely outside the image,0.0,0.0,0.0,0.0,0.0,0.0,0.0,0.0,False,0.0,9,0
clip_sample_001,19,d05e01e43df24e35a7b4f11647e250f6,8e9c2cba0ee74056aa3746e8391d54a9,06ff24b7f1e8479b934f1b74348028bc,vehicle.car,v80-100,False,,1001.15,465.34,1064.48,518.72,1001.15,465.34,1064.48,518.72,False,39.712,6,2
clip_sample_001,19,d05e01e43df24e35a7b4f11647e250f6,8e9c2cba0ee74056aa3746e8391d54a9,0809d64df9264121bead0772ee9b5984,human.pedestrian.adult,v80-100,False,,1228.93,453.12,1266.32,533.51,1228.93,453.12,1266.32,533.51,False,27.734,3,0
clip_sample_001,19,d05e01e43df24e35a7b4f11647e250f6,8e9c2cba0ee74056aa3746e8391d54a9,09810748e6c04aacb393ebf14fafa5e8,human.pedestrian.adult,v60-80,True,projected box falls entirely outside the image,0.0,0.0,0.0,0.0,0.0,0.0,0.0,0.0,False,0.0,14,0
clip_sample_001,19,d05e01e43df24e35a7b4f11647e250f6,8e9c2cba0ee74056aa3746e8391d54a9,0bfc7d407d09490cba7ac57897fcb100,vehicle.car,v40-60,False,,1365.73,437.57,1550.72,527.55,1365.73,437.57,1550.72,527.55,False,25.964,9,0
clip_sample_001,19,d05e01e43df24e35a7b4f11647e250f6,8e9c2cba0ee74056aa3746e8391d54a9,143ecd5e93614768bdb3da695e76c409,vehicle.car,v40-60,False,,978.19,457.61,1060.03,514.5,978.19,457.61,1060.03,514.5,False,44.45,2,1
clip_sample_001,19,d05e01e43df24e35a7b4f11647e250f6,8e9c2cba0ee74056aa3746e8391d54a9,200c440c0e9b4627ad4f3047227016a2,vehicle.car,v80-100,True,all corners behind or at the camera plane,0.0,0.0,0.0,0.0,0.0,0.0,0.0,0.0,False,0.0,9,0
clip_sample_001,19,d05e01e43df24e35a7b4f11647e250f6,8e9c2cba0ee74056aa3746e8391d54a9,2a42fd0e123c455fbaeb1c5f03dba0b2,vehicle.car,v0-40,False,,1130.16,454.33,1216.41,506.66,1130.16,454.33,1216.41,506.66,False,50.518,1,1
clip_sample_001,19,d05e01e43df24e35a7b4f11647e250f6,8e9c2cba0ee74056aa3746e8391d54a9,2ef4b4d20b064d34b754f68e48f5a5c2,vehicle.car,v0-40,False,,385.56,467.55,542.6,561.5,385.56,467.55,542.6,561.5,False,29.094,0,0
clip_sample_001,19,d05e01e43df24e35a7b4f11647e250f6,8e9c2cba0ee74056aa3746e8391d54a9,34aaf645a4174c6c8ff1874e6b33ccf6,human.pedestrian.adult,v80-100,True,all corners behind or at the camera plane,0.0,0.0,0.0,0.0,0.0,0.0,0.0,0.0,False,0.0,5,2
clip_sample_001,19,d05e01e43df24e35a7b4f11647e250f6,8e9c2cba0ee74056aa3746e8391d54a9,3620feb00d744241a94855f3a8913a78,vehicle.car,v80-100,False,,1247.62,465.96,1600.0,804.37,1247.62,458.27,2025.63,807.04,True,8.046,275,2
clip_sample_001,19,d05e01e43df24e35a7b4f11647e250f6,8e9c2cba0ee74056aa3746e8391d54a9,377df4ee88ec46c9be892080557263f6,vehicle.car,v0-40,False,,668.96,468.77,724.16,510.25,668.96,468.77,724.16,510.25,False,64.346,0,0
clip_sample_001,19,d05e01e43df24e35a7b4f11647e250f6,8e9c2cba0ee74056aa3746e8391d54a9,3b19bb63d0924f4da3034819357d6c8b,human.pedestrian.adult,v80-100,True,all corners behind or at the camera plane,0.0,0.0,0.0,0.0,0.0,0.0,0.0,0.0,False,0.0,2,0
clip_sample_001,19,d05e01e43df24e35a7b4f11647e250f6,8e9c2cba0ee74056aa3746e8391d54a9,3c7331d16ac6439e9bd5a57d75976446,human.pedestrian.child,v80-100,True,projected box falls entirely outside the image,0.0,0.0,0.0,0.0,0.0,0.0,0.0,0.0,False,0.0,3,0
clip_sample_001,19,d05e01e43df24e35a7b4f11647e250f6,8e9c2cba0ee74056aa3746e8391d54a9,48d06a263b314b48bd41343ea5f5d158,vehicle.car,v0-40,False,,935.54,464.2,966.34,496.41,935.54,464.2,966.34,496.41,False,79.512,0,0
clip_sample_001,19,d05e01e43df24e35a7b4f11647e250f6,8e9c2cba0ee74056aa3746e8391d54a9,4ce8f37952ad4203b1f5b23c728fb2e6,human.pedestrian.adult,v80-100,True,projected box falls entirely outside the image,0.0,0.0,0.0,0.0,0.0,0.0,0.0,0.0,False,0.0,10,1
clip_sample_001,19,d05e01e43df24e35a7b4f11647e250f6,8e9c2cba0ee74056aa3746e8391d54a9,5d77c275683248658e7564ef24bf63b2,human.pedestrian.adult,v80-100,True,all corners behind or at the camera plane,0.0,0.0,0.0,0.0,0.0,0.0,0.0,0.0,False,0.0,6,1
clip_sample_001,19,d05e01e43df24e35a7b4f11647e250f6,8e9c2cba0ee74056aa3746e8391d54a9,5dd3f11916924b7cb93687c10c7c83b6,human.pedestrian.adult,v80-100,True,all corners behind or at the camera plane,0.0,0.0,0.0,0.0,0.0,0.0,0.0,0.0,False,0.0,3,0
clip_sample_001,19,d05e01e43df24e35a7b4f11647e250f6,8e9c2cba0ee74056aa3746e8391d54a9,62cd175b56cf4caa887eaf3462ccde5a,movable_object.trafficcone,v80-100,True,projected box falls entirely outside the image,0.0,0.0,0.0,0.0,0.0,0.0,0.0,0.0,False,0.0,6,0
clip_sample_001,19,d05e01e43df24e35a7b4f11647e250f6,8e9c2cba0ee74056aa3746e8391d54a9,6346de1c47584b34833d6df500d2ed6c,vehicle.car,v60-80,True,projected box falls entirely outside the image,0.0,0.0,0.0,0.0,0.0,0.0,0.0,0.0,False,0.0,8,0
clip_sample_001,19,d05e01e43df24e35a7b4f11647e250f6,8e9c2cba0ee74056aa3746e8391d54a9,6702a65bda8b4e2da8ac270c26e425bd,vehicle.motorcycle,v80-100,False,,1150.98,467.15,1171.09,511.13,1150.98,467.15,1171.09,511.13,False,39.473,0,0
clip_sample_001,19,d05e01e43df24e35a7b4f11647e250f6,8e9c2cba0ee74056aa3746e8391d54a9,68dbf490d231446f92fa7dbd366c8b93,vehicle.car,v0-40,False,,697.25,468.81,734.19,506.17,697.25,468.81,734.19,506.17,False,77.163,1,0
clip_sample_001,19,d05e01e43df24e35a7b4f11647e250f6,8e9c2cba0ee74056aa3746e8391d54a9,6e71a9ceaf9a4974a1d07a2bd3544506,human.pedestrian.adult,v0-40,True,all corners behind or at the camera plane,0.0,0.0,0.0,0.0,0.0,0.0,0.0,0.0,False,0.0,1,0
clip_sample_001,19,d05e01e43df24e35a7b4f11647e250f6,8e9c2cba0ee74056aa3746e8391d54a9,72137291381349428afb1038d4e5898c,human.pedestrian.adult,v80-100,True,all corners behind or at the camera plane,0.0,0.0,0.0,0.0,0.0,0.0,0.0,0.0,False,0.0,5,2
clip_sample_001,19,d05e01e43df24e35a7b4f11647e250f6,8e9c2cba0ee74056aa3746e8391d54a9,7581fd7e9c0f426cb0efb9ea1f3f2830,vehicle.car,v0-40,False,,1542.67,436.28,1600.0,523.42,1542.67,429.32,1779.73,528.09,True,25.949,2,1
clip_sample_001,19,d05e01e43df24e35a7b4f11647e250f6,8e9c2cba0ee74056aa3746e8391d54a9,84755505e70547af890aff9db860f692,vehicle.car,v0-40,False,,1196.66,440.96,1288.95,494.5,1196.66,440.96,1288.95,494.5,False,50.419,0,0
clip_sample_001,19,d05e01e43df24e35a7b4f11647e250f6,8e9c2cba0ee74056aa3746e8391d54a9,84d4bf98117e477dae6b51bf1bf5c8bb,human.pedestrian.adult,v80-100,True,all corners behind or at the camera plane,0.0,0.0,0.0,0.0,0.0,0.0,0.0,0.0,False,0.0,6,0
clip_sample_001,19,d05e01e43df24e35a7b4f11647e250f6,8e9c2cba0ee74056aa3746e8391d54a9,8ce4fe54af77467d90c840465f69677f,vehicle.car,v0-40,False,,1261.66,439.49,1356.51,491.93,1261.66,439.49,1356.51,491.93,False,51.254,0,0
clip_sample_001,19,d05e01e43df24e35a7b4f11647e250f6,8e9c2cba0ee74056aa3746e8391d54a9,9439a24131dc4e1faa3b5b73f518f1da,vehicle.truck,v0-40,False,,625.14,445.01,709.18,518.14,625.14,445.01,709.18,518.14,False,56.089,9,0
clip_sample_001,19,d05e01e43df24e35a7b4f11647e250f6,8e9c2cba0ee74056aa3746e8391d54a9,96c353e8f14d4a63ba2b844d43cffc42,vehicle.car,v0-40,False,,958.75,462.02,1012.91,506.59,958.75,462.02,1012.91,506.59,False,56.492,1,1
clip_sample_001,19,d05e01e43df24e35a7b4f11647e250f6,8e9c2cba0ee74056aa3746e8391d54a9,996d9e039f7a4838ac48d5409ca89732,human.pedestrian.adult,v80-100,True,all corners behind or at the camera plane,0.0,0.0,0.0,0.0,0.0,0.0,0.0,0.0,False,0.0,4,1
clip_sample_001,19,d05e01e43df24e35a7b4f11647e250f6,8e9c2cba0ee74056aa3746e8391d54a9,99fbf1b9bf474215a4e8ad562bb7e9b2,human.pedestrian.adult,v80-100,True,all corners behind or at the camera plane,0.0,0.0,0.0,0.0,0.0,0.0,0.0,0.0,False,0.0,9,0
clip_sample_001,19,d05e01e43df24e35a7b4f11647e250f6,8e9c2cba0ee74056aa3746e8391d54a9,9e5f09bc19cd473dae219194ada64f3d,vehicle.car,v0-40,True,projected box falls entirely outside the image,0.0,0.0,0.0,0.0,0.0,0.0,0.0,0.0,False,0.0,9,1
clip_sample_001,19,d05e01e43df24e35a7b4f11647e250f6,8e9c2cba0ee74056aa3746e8391d54a9,a6ca1e8c4eee458cb4981e02f58c954f,vehicle.car,v0-40,True,projected box falls entirely outside the image,0.0,0.0,0.0,0.0,0.0,0.0,0.0,0.0,False,0.0,2,0
clip_sample_001,19,d05e01e43df24e35a7b4f11647e250f6,8e9c2cba0ee74056aa3746e8391d54a9,ab8d210d019b44abae3c4e0eee6ce8ba,human.pedestrian.adult,v80-100,True,all corners behind or at the camera plane,0.0,0.0,0.0,0.0,0.0,0.0,0.0,0.0,False,0.0,2,0
clip_sample_001,19,d05e01e43df24e35a7b4f11647e250f6,8e9c2cba0ee74056aa3746e8391d54a9,ad2ae385245f46d49b4d06f87e2ac544,human.pedestrian.adult,v80-100,True,all corners behind or at the camera plane,0.0,0.0,0.0,0.0,0.0,0.0,0.0,0.0,False,0.0,5,2
clip_sample_001,19,d05e01e43df24e35a7b4f11647e250f6,8e9c2cba0ee74056aa3746e8391d54a9,b3412553d70f40b3a1d19a0eb8529a08,human.pedestrian.adult,v80-100,True,projected box falls entirely outside the image,0.0,0.0,0.0,0.0,0.0,0.0,0.0,0.0,False,0.0,15,0
clip_sample_001,19,d05e01e43df24e35a7b4f11647e250f6,8e9c2cba0ee74056aa3746e8391d54a9,bc6bc2b076b24fc79ed0517f5747c1cf,human.pedestrian.adult,v80-100,True,all corners behind or at the camera plane,0.0,0.0,0.0,0.0,0.0,0.0,0.0,0.0,False,0.0,5,0
clip_sample_001,19,d05e01e43df24e35a7b4f11647e250f6,8e9c2cba0ee74056aa3746e8391d54a9,bfe685042aa34ab7b2b2f24ee0f1645f,static_object.bicycle_rack,v0-40,False,,503.18,481.96,654.26,536.97,503.18,481.96,654.26,536.97,False,40.643,0,0
clip_sample_001,19,d05e01e43df24e35a7b4f11647e250f6,8e9c2cba0ee74056aa3746e8391d54a9,c1fe224b76cc49e294847788c443e470,human.pedestrian.adult,v80-100,True,projected box falls entirely outside the image,0.0,0.0,0.0,0.0,0.0,0.0,0.0,0.0,False,0.0,9,1
clip_sample_001,19,d05e01e43df24e35a7b4f11647e250f6,8e9c2cba0ee74056aa3746e8391d54a9,c34cb46c7be6486a85ee49653850b174,human.pedestrian.adult,v80-100,True,all corners behind or at the camera plane,0.0,0.0,0.0,0.0,0.0,0.0,0.0,0.0,False,0.0,14,1
clip_sample_001,19,d05e01e43df24e35a7b4f11647e250f6,8e9c2cba0ee74056aa3746e8391d54a9,d0f5aace57684923b8a44b554b006fb2,vehicle.car,v80-100,True,all corners behind or at the camera plane,0.0,0.0,0.0,0.0,0.0,0.0,0.0,0.0,False,0.0,363,4
clip_sample_001,19,d05e01e43df24e35a7b4f11647e250f6,8e9c2cba0ee74056aa3746e8391d54a9,dc762bf1bc694d3e8141bf592f9b1456,vehicle.car,v80-100,False,,347.5,453.8,877.07,658.77,347.5,453.8,877.07,658.77,False,12.757,113,7
clip_sample_001,19,d05e01e43df24e35a7b4f11647e250f6,8e9c2cba0ee74056aa3746e8391d54a9,dce1fda2d70945c792dcc27074ec6aa9,vehicle.car,v80-100,True,projected box falls entirely outside the image,0.0,0.0,0.0,0.0,0.0,0.0,0.0,0.0,False,0.0,117,2
clip_sample_001,19,d05e01e43df24e35a7b4f11647e250f6,8e9c2cba0ee74056aa3746e8391d54a9,e147a4c07e06487592fb5d6135c27a78,human.pedestrian.adult,v80-100,True,projected box falls entirely outside the image,0.0,0.0,0.0,0.0,0.0,0.0,0.0,0.0,False,0.0,11,0
clip_sample_001,19,d05e01e43df24e35a7b4f11647e250f6,8e9c2cba0ee74056aa3746e8391d54a9,e73ba8faf67d40c8b6b653489393ef8b,vehicle.car,v60-80,False,,1253.7,446.34,1336.19,496.89,1253.7,446.34,1336.19,496.89,False,44.74,0,0
clip_sample_001,19,d05e01e43df24e35a7b4f11647e250f6,8e9c2cba0ee74056aa3746e8391d54a9,eaaf60765ee8478f8e0bd4942571c6fb,vehicle.car,v40-60,False,,213.37,497.3,433.58,607.17,213.37,497.3,433.58,607.17,False,22.162,27,3
clip_sample_001,19,d05e01e43df24e35a7b4f11647e250f6,8e9c2cba0ee74056aa3746e8391d54a9,ead6a822f86c432481c0a9d2e4e4f827,human.pedestrian.adult,v80-100,True,all corners behind or at the camera plane,0.0,0.0,0.0,0.0,0.0,0.0,0.0,0.0,False,0.0,2,0
clip_sample_001,19,d05e01e43df24e35a7b4f11647e250f6,8e9c2cba0ee74056aa3746e8391d54a9,f1010738ac3a4f56b936fa3a077571b5,human.pedestrian.adult,v80-100,True,all corners behind or at the camera plane,0.0,0.0,0.0,0.0,0.0,0.0,0.0,0.0,False,0.0,2,0
clip_sample_001,19,d05e01e43df24e35a7b4f11647e250f6,8e9c2cba0ee74056aa3746e8391d54a9,f5c0c1968ef0486cb3183e521841352f,vehicle.car,v0-40,False,,1562.78,431.63,1600.0,490.44,1562.78,426.72,1719.97,491.1,True,40.752,1,0
clip_sample_001,19,d05e01e43df24e35a7b4f11647e250f6,8e9c2cba0ee74056aa3746e8391d54a9,fa107c6dd0dc4d15b94b86cbf5b990c0,human.pedestrian.adult,v80-100,True,all corners behind or at the camera plane,0.0,0.0,0.0,0.0,0.0,0.0,0.0,0.0,False,0.0,2,0
clip_sample_001,19,d05e01e43df24e35a7b4f11647e250f6,8e9c2cba0ee74056aa3746e8391d54a9,fef3f0c1f8f944e393315c5460263f17,human.pedestrian.adult,v0-40,True,all corners behind or at the camera plane,0.0,0.0,0.0,0.0,0.0,0.0,0.0,0.0,False,0.0,3,1
clip_sample_001,19,d05e01e43df24e35a7b4f11647e250f6,8e9c2cba0ee74056aa3746e8391d54a9,ff7dc6c94901476e9b5f6198e3b2103f,human.pedestrian.adult,v0-40,True,all corners behind or at the camera plane,0.0,0.0,0.0,0.0,0.0,0.0,0.0,0.0,False,0.0,2,0
clip_sample_001,25,c78c89d264e64b1f9f8542e5817fc6f1,fdc39b23ab4242eda6ec5e1e6574fe33,045cd82a77a1472499e8c15100cb5ff3,vehicle.car,v40-60,False,,370.72,487.57,626.51,620.85,370.72,487.57,626.51,620.85,False,17.415,32,1
clip_sample_001,25,c78c89d264e64b1f9f8542e5817fc6f1,fdc39b23ab4242eda6ec5e1e6574fe33,06509e54d29547119ed212877c7f310f,movable_object.pushable_pullable,v80-100,True,projected box falls entirely outside the image,0.0,0.0,0.0,0.0,0.0,0.0,0.0,0.0,False,0.0,10,0
clip_sample_001,25,c78c89d264e64b1f9f8542e5817fc6f1,fdc39b23ab4242eda6ec5e1e6574fe33,06ff24b7f1e8479b934f1b74348028bc,vehicle.car,v80-100,False,,1002.66,466.6,1068.11,521.43,1002.66,466.6,1068.11,521.43,False,38.693,2,2
clip_sample_001,25,c78c89d264e64b1f9f8542e5817fc6f1,fdc39b23ab4242eda6ec5e1e6574fe33,0809d64df9264121bead0772ee9b5984,human.pedestrian.adult,v80-100,False,,1228.5,453.21,1266.66,533.95,1228.5,453.21,1266.66,533.95,False,27.615,1,0
clip_sample_001,25,c78c89d264e64b1f9f8542e5817fc6f1,fdc39b23ab4242eda6ec5e1e6574fe33,09810748e6c04aacb393ebf14fafa5e8,human.pedestrian.adult,v80-100,True,projected box falls entirely outside the image,0.0,0.0,0.0,0.0,0.0,0.0,0.0,0.0,False,0.0,14,0
clip_sample_001,25,c78c89d264e64b1f9f8542e5817fc6f1,fdc39b23ab4242eda6ec5e1e6574fe33,0bfc7d407d09490cba7ac57897fcb100,vehicle.car,v60-80,False,,1383.56,437.52,1580.43,531.46,1383.56,437.52,1580.43,531.46,False,24.95,7,0
clip_sample_001,25,c78c89d264e64b1f9f8542e5817fc6f1,fdc39b23ab4242eda6ec5e1e6574fe33,143ecd5e93614768bdb3da695e76c409,vehicle.car,v40-60,False,,977.84,462.17,1061.55,520.19,977.84,462.17,1061.55,520.19,False,43.624,0,2
clip_sample_001,25,c78c89d264e64b1f9f8542e5817fc6f1,fdc39b23ab4242eda6ec5e1e6574fe33,200c440c0e9b4627ad4f3047227016a2,vehicle.car,v80-100,True,all corners behind or at the camera plane,0.0,0.0,0.0,0.0,0.0,0.0,0.0,0.0,False,0.0,6,0
clip_sample_001,25,c78c89d264e64b1f9f8542e5817fc6f1,fdc39b23ab4242eda6ec5e1e6574fe33,2a42fd0e123c455fbaeb1c5f03dba0b2,vehicle.car,v0-40,False,,1131.82,455.59,1219.96,508.8,1131.82,455.59,1219.96,508.8,False,49.707,0,0
clip_sample_001,25,c78c89d264e64b1f9f8542e5817fc6f1,fdc39b23ab4242eda6ec5e1e6574fe33,2ef4b4d20b064d34b754f68e48f5a5c2,vehicle.car,v0-40,False,,367.08,468.68,530.99,565.76,367.08,468.68,530.99,565.76,False,28.228,2,0
clip_sample_001,25,c78c89d264e64b1f9f8542e5817fc6f1,fdc39b23ab4242eda6ec5e1e6574fe33,34aaf645a4174c6c8ff1874e6b33ccf6,human.pedestrian.adult,v80-100,True,all corners behind or at the camera plane,0.0,0.0,0.0,0.0,0.0,0.0,0.0,0.0,False,0.0,6,1
clip_sample_001,25,c78c89d264e64b1f9f8542e5817fc6f1,fdc39b23ab4242eda6ec5e1e6574fe33,3620feb00d744241a94855f3a8913a78,vehicle.car,v80-100,False,,1282.29,479.36,1600.0,827.72,1282.29,477.53,2237.04,890.49,True,7.163,413,1
clip_sample_001,25,c78c89d264e64b1f9f8542e5817fc6f1,fdc39b23ab4242eda6ec5e1e6574fe33,377df4ee88ec46c9be892080557263f6,vehicle.car,v0-40,False,,663.79,470.33,719.9,512.37,663.79,470.33,719.9,512.37,False,63.494,0,0
clip_sample_001,25,c78c89d264e64b1f9f8542e5817fc6f1,fdc39b23ab4242eda6ec5e1e6574fe33,3b19bb63d0924f4da3034819357d6c8b,human.pedestrian.adult,v80-100,True,all corners behind or at the camera plane,0.0,0.0,0.0,0.0,0.0,0.0,0.0,0.0,False,0.0,3,0
clip_sample_001,25,c78c89d264e64b1f9f8542e5817fc6f1,fdc39b23ab4242eda6ec5e1e6574fe33,3c7331d16ac6439e9bd5a57d75976446,human.pedestrian.child,v80-100,True,projected box falls entirely outside the image,0.0,0.0,0.0,0.0,0.0,0.0,0.0,0.0,False,0.0,10,0
clip_sample_001,25,c78c89d264e64b1f9f8542e5817fc6f1,fdc39b23ab4242eda6ec5e1e6574fe33,48d06a263b314b48bd41343ea5f5d158,vehicle.car,v0-40,False,,933.82,465.92,964.97,498.46,933.82,465.92,964.97,498.46,False,78.689,0,0
clip_sample_001,25,c78c89d264e64b1f9f8542e5817fc6f1,fdc39b23ab4242eda6ec5e1e6574fe33,4ce8f37952ad4203b1f5b23c728fb2e6,human.pedestrian.adult,v80-100,True,projected box falls entirely outside the image,0.0,0.0,0.0,0.0,0.0,0.0,0.0,0.0,False,0.0,11,0
clip_sample_001,25,c78c89d264e64b1f9f8542e5817fc6f1,fdc39b23ab4242eda6ec5e1e6574fe33,5d77c275683248658e7564ef24bf63b2,human.pedestrian.adult,v80-100,True,all corners behind or at the camera plane,0.0,0.0,0.0,0.0,0.0,0.0,0.0,0.0,False,0.0,6,1
clip_sample_001,25,c78c89d264e64b1f9f8542e5817fc6f1,fdc39b23ab4242eda6ec5e1e6574fe33,5dd3f11916924b7cb93687c10c7c83b6,human.pedestrian.adult,v80-100,True,all corners behind or at the camera plane,0.0,0.0,0.0,0.0,0.0,0.0,0.0,0.0,False,0.0,2,0
clip_sample_001,25,c78c89d264e64b1f9f8542e5817fc6f1,fdc39b23ab4242eda6ec5e1e6574fe33,62cd175b56cf4caa887eaf3462ccde5a,movable_object.trafficcone,v80-100,True,projected box falls entirely outside the image,0.0,0.0,0.0,0.0,0.0,0.0,0.0,0.0,False,0.0,12,0
clip_sample_001,25,c78c89d264e64b1f9f8542e5817fc6f1,fdc39b23ab4242eda6ec5e1e6574fe33,6346de1c47584b34833d6df500d2ed6c,vehicle.car,v60-80,True,projected box falls entirely outside the image,0.0,0.0,0.0,0.0,0.0,0.0,0.0,0.0,False,0.0,17,0
clip_sample_001,25,c78c89d264e64b1f9f8542e5817fc6f1,fdc39b23ab4242eda6ec5e1e6574fe33,6702a65bda8b4e2da8ac270c26e425bd,vehicle.motorcycle,v80-100,False,,1155.02,468.36,1175.58,513.29,1155.02,468.36,1175.58,513.29,False,38.652,0,0
clip_sample_001,25,c78c89d264e64b1f9f8542e5817fc6f1,fdc39b23ab4242eda6ec5e1e6574fe33,68dbf490d231446f92fa7dbd366c8b93,vehicle.car,v0-40,False,,692.85,468.54,730.27,506.32,692.85,468.54,730.27,506.32,False,76.312,0,0
clip_sample_001,25,c78c89d264e64b1f9f8542e5817fc6f1,fdc39b23ab4242eda6ec5e1e6574fe33,6e71a9ceaf9a4974a1d07a2bd3544506,human.pedestrian.adult,v80-100,True,all corners behind or at the camera plane,0.0,0.0,0.0,0.0,0.0,0.0,0.0,0.0,False,0.0,2,1
clip_sample_001,25,c78c89d264e64b1f9f8542e5817fc6f1,fdc39b23ab4242eda6ec5e1e6574fe33,72137291381349428afb1038d4e5898c,human.pedestrian.adult,v80-100,True,all corners behind or at the camera plane,0.0,0.0,0.0,0.0,0.0,0.0,0.0,0.0,False,0.0,2,2
clip_sample_001,25,c78c89d264e64b1f9f8542e5817fc6f1,fdc39b23ab4242eda6ec5e1e6574fe33,7581fd7e9c0f426cb0efb9ea1f3f2830,vehicle.car,v0-40,False,,1560.08,437.94,1600.0,525.47,1560.08,429.47,1809.41,531.69,True,25.145,1,0
clip_sample_001,25,c78c89d264e64b1f9f8542e5817fc6f1,fdc39b23ab4242eda6ec5e1e6574fe33,84755505e70547af890aff9db860f692,vehicle.car,v0-40,False,,1199.33,442.36,1293.73,496.8,1199.33,442.36,1293.73,496.8,False,49.614,0,0
clip_sample_001,25,c78c89d264e64b1f9f8542e5817fc6f1,fdc39b23ab4242eda6ec5e1e6574fe33,84d4bf98117e477dae6b51bf1bf5c8bb,human.pedestrian.adult,v80-100,True,all corners behind or at the camera plane,0.0,0.0,0.0,0.0,0.0,0.0,0.0,0.0,False,0.0,2,0
clip_sample_001,25,c78c89d264e64b1f9f8542e5817fc6f1,fdc39b23ab4242eda6ec5e1e6574fe33,8ce4fe54af77467d90c840465f69677f,vehicle.car,v0-40,False,,1265.04,440.82,1361.98,494.11,1265.04,440.82,1361.98,494.11,False,50.472,0,0
clip_sample_001,25,c78c89d264e64b1f9f8542e5817fc6f1,fdc39b23ab4242eda6ec5e1e6574fe33,9439a24131dc4e1faa3b5b73f518f1da,vehicle.truck,v0-40,False,,618.78,445.98,704.46,520.3,618.78,445.98,704.46,520.3,False,55.237,5,0
clip_sample_001,25,c78c89d264e64b1f9f8542e5817fc6f1,fdc39b23ab4242eda6ec5e1e6574fe33,96c353e8f14d4a63ba2b844d43cffc42,vehicle.car,v0-40,False,,957.64,463.97,1012.75,509.21,957.64,463.97,1012.75,509.21,False,55.667,0,2
clip_sample_001,25,c78c89d264e64b1f9f8542e5817fc6f1,fdc39b23ab4242eda6ec5e1e6574fe33,996d9e039f7a4838ac48d5409ca89732,human.pedestrian.adult,v80-100,True,all corners behind or at the camera plane,0.0,0.0,0.0,0.0,0.0,0.0,0.0,0.0,False,0.0,3,0
clip_sample_001,25,c78c89d264e64b1f9f8542e5817fc6f1,fdc39b23ab4242eda6ec5e1e6574fe33,99fbf1b9bf474215a4e8ad562bb7e9b2,human.pedestrian.adult,v80-100,True,all corners behind or at the camera plane,0.0,0.0,0.0,0.0,0.0,0.0,0.0,0.0,False,0.0,10,1
clip_sample_001,25,c78c89d264e64b1f9f8542e5817fc6f1,fdc39b23ab4242eda6ec5e1e6574fe33,9e5f09bc19cd473dae219194ada64f3d,vehicle.car,v60-80,True,projected box falls entirely outside the image,0.0,0.0,0.0,0.0,0.0,0.0,0.0,0.0,False,0.0,11,1
clip_sample_001,25,c78c89d264e64b1f9f8542e5817fc6f1,fdc39b23ab4242eda6ec5e1e6574fe33,a6ca1e8c4eee458cb4981e02f58c954f,vehicle.car,v0-40,True,projected box falls entirely outside the image,0.0,0.0,0.0,0.0,0.0,0.0,0.0,0.0,False,0.0,3,0
clip_sample_001,25,c78c89d264e64b1f9f8542e5817fc6f1,fdc39b23ab4242eda6ec5e1e6574fe33,ab8d210d019b44abae3c4e0eee6ce8ba,human.pedestrian.adult,v80-100,True,all corners behind or at the camera plane,0.0,0.0,0.0,0.0,0.0,0.0,0.0,0.0,False,0.0,3,1
clip_sample_001,25,c78c89d264e64b1f9f8542e5817fc6f1,fdc39b23ab4242eda6ec5e1e6574fe33,ad2ae385245f46d49b4d06f87e2ac544,human.pedestrian.adult,v80-100,True,all corners behind or at the camera plane,0.0,0.0,0.0,0.0,0.0,0.0,0.0,0.0,False,0.0,4,1
clip_sample_001,25,c78c89d264e64b1f9f8542e5817fc6f1,fdc39b23ab4242eda6ec5e1e6574fe33,b3412553d70f40b3a1d19a0eb8529a08,human.pedestrian.adult,v80-100,True,projected box falls entirely outside the image,0.0,0.0,0.0,0.0,0.0,0.0,0.0,0.0,False,0.0,20,0
clip_sample_001,25,c78c89d264e64b1f9f8542e5817fc6f1,fdc39b23ab4242eda6ec5e1e6574fe33,bc6bc2b076b24fc79ed0517f5747c1cf,human.pedestrian.adult,v80-100,True,all corners behind or at the camera plane,0.0,0.0,0.0,0.0,0.0,0.0,0.0,0.0,False,0.0,6,1
clip_sample_001,25,c78c89d264e64b1f9f8542e5817fc6f1,fdc39b23ab4242eda6ec5e1e6574fe33,bfe685042aa34ab7b2b2f24ee0f1645f,static_object.bicycle_rack,v0-40,False,,491.24,482.87,647.98,539.03,491.24,482.87,647.98,539.03,False,39.789,0,1
clip_sample_001,25,c78c89d264e64b1f9f8542e5817fc6f1,fdc39b23ab4242eda6ec5e1e6574fe33,c1fe224b76cc49e294847788c443e470,human.pedestrian.adult,v80-100,True,projected box falls entirely outside the image,0.0,0.0,0.0,0.0,0.0,0.0,0.0,0.0,False,0.0,13,0
clip_sample_001,25,c78c89d264e64b1f9f8542e5817fc6f1,fdc39b23ab4242eda6ec5e1e6574fe33,c34cb46c7be6486a85ee49653850b174,human.pedestrian.adult,v0-40,True,all corners behind or at the camera plane,0.0,0.0,0.0,0.0,0.0,0.0,0.0,0.0,False,0.0,5,0
clip_sample_001,25,c78c89d264e64b1f9f8542e5817fc6f1,fdc39b23ab4242eda6ec5e1e6574fe33,d0f5aace57684923b8a44b554b006fb2,vehicle.car,v80-100,True,all corners behind or at the camera plane,0.0,0.0,0.0,0.0,0.0,0.0,0.0,0.0,False,0.0,295,4
clip_sample_001,25,c78c89d264e64b1f9f8542e5817fc6f1,fdc39b23ab4242eda6ec5e1e6574fe33,db7d65690f2e412e887468596e2ddabf,vehicle.car,v0-40,False,,968.68,463.15,1028.69,512.86,968.68,463.15,1028.69,512.86,False,49.46,1,0
clip_sample_001,25,c78c89d264e64b1f9f8542e5817fc6f1,fdc39b23ab4242eda6ec5e1e6574fe33,dc762bf1bc694d3e8141bf592f9b1456,vehicle.car,v80-100,False,,484.45,454.41,942.01,648.98,484.45,454.41,942.01,648.98,False,13.365,100,3
clip_sample_001,25,c78c89d264e64b1f9f8542e5817fc6f1,fdc39b23ab4242eda6ec5e1e6574fe33,dce1fda2d70945c792dcc27074ec6aa9,vehicle.car,v80-100,True,projected box falls entirely outside the image,0.0,0.0,0.0,0.0,0.0,0.0,0.0,0.0,False,0.0,132,1
clip_sample_001,25,c78c89d264e64b1f9f8542e5817fc6f1,fdc39b23ab4242eda6ec5e1e6574fe33,e147a4c07e06487592fb5d6135c27a78,human.pedestrian.adult,v80-100,True,projected box falls entirely outside the image,0.0,0.0,0.0,0.0,0.0,0.0,0.0,0.0,False,0.0,28,0
clip_sample_001,25,c78c89d264e64b1f9f8542e5817fc6f1,fdc39b23ab4242eda6ec5e1e6574fe33,e73ba8faf67d40c8b6b653489393ef8b,vehicle.car,v80-100,False,,1258.14,450.42,1342.82,501.92,1258.14,450.42,1342.82,501.92,False,43.934,1,0
clip_sample_001,25,c78c89d264e64b1f9f8542e5817fc6f1,fdc39b23ab4242eda6ec5e1e6574fe33,eaaf60765ee8478f8e0bd4942571c6fb,vehicle.car,v80-100,False,,180.12,499.51,415.33,615.08,180.12,499.51,415.33,615.08,False,21.208,39,1
clip_sample_001,25,c78c89d264e64b1f9f8542e5817fc6f1,fdc39b23ab4242eda6ec5e1e6574fe33,ead6a822f86c432481c0a9d2e4e4f827,human.pedestrian.adult,v80-100,True,all corners behind or at the camera plane,0.0,0.0,0.0,0.0,0.0,0.0,0.0,0.0,False,0.0,1,0
clip_sample_001,25,c78c89d264e64b1f9f8542e5817fc6f1,fdc39b23ab4242eda6ec5e1e6574fe33,f1010738ac3a4f56b936fa3a077571b5,human.pedestrian.adult,v0-40,True,all corners behind or at the camera plane,0.0,0.0,0.0,0.0,0.0,0.0,0.0,0.0,False,0.0,2,0
clip_sample_001,25,c78c89d264e64b1f9f8542e5817fc6f1,fdc39b23ab4242eda6ec5e1e6574fe33,f5c0c1968ef0486cb3183e521841352f,vehicle.car,v0-40,False,,1573.27,432.51,1600.0,491.61,1573.27,426.7,1735.26,492.4,True,39.966,1,0
clip_sample_001,25,c78c89d264e64b1f9f8542e5817fc6f1,fdc39b23ab4242eda6ec5e1e6574fe33,fa107c6dd0dc4d15b94b86cbf5b990c0,human.pedestrian.adult,v80-100,True,all corners behind or at the camera plane,0.0,0.0,0.0,0.0,0.0,0.0,0.0,0.0,False,0.0,4,0
clip_sample_001,25,c78c89d264e64b1f9f8542e5817fc6f1,fdc39b23ab4242eda6ec5e1e6574fe33,fef3f0c1f8f944e393315c5460263f17,human.pedestrian.adult,v0-40,True,all corners behind or at the camera plane,0.0,0.0,0.0,0.0,0.0,0.0,0.0,0.0,False,0.0,2,0
clip_sample_001,25,c78c89d264e64b1f9f8542e5817fc6f1,fdc39b23ab4242eda6ec5e1e6574fe33,ff7dc6c94901476e9b5f6198e3b2103f,human.pedestrian.adult,v60-80,True,all corners behind or at the camera plane,0.0,0.0,0.0,0.0,0.0,0.0,0.0,0.0,False,0.0,1,0
clip_sample_001,31,d9a8ad39503a411a8eb7501846d8dfc9,9ee4020153674b9e9943d395ff8cfdf3,045cd82a77a1472499e8c15100cb5ff3,vehicle.car,v80-100,False,,280.03,490.74,606.35,639.32,280.03,490.74,606.35,639.32,False,15.891,68,2
clip_sample_001,31,d9a8ad39503a411a8eb7501846d8dfc9,9ee4020153674b9e9943d395ff8cfdf3,06509e54d29547119ed212877c7f310f,movable_object.pushable_pullable,v80-100,True,projected box falls entirely outside the image,0.0,0.0,0.0,0.0,0.0,0.0,0.0,0.0,False,0.0,10,0
clip_sample_001,31,d9a8ad39503a411a8eb7501846d8dfc9,9ee4020153674b9e9943d395ff8cfdf3,06ff24b7f1e8479b934f1b74348028bc,vehicle.car,v80-100,False,,1003.28,471.17,1070.7,527.39,1003.28,471.17,1070.7,527.39,False,37.792,9,2
clip_sample_001,31,d9a8ad39503a411a8eb7501846d8dfc9,9ee4020153674b9e9943d395ff8cfdf3,0809d64df9264121bead0772ee9b5984,human.pedestrian.adult,v0-40,False,,1228.87,454.59,1268.0,535.93,1228.87,454.59,1268.0,535.93,False,27.421,3,0
clip_sample_001,31,d9a8ad39503a411a8eb7501846d8dfc9,9ee4020153674b9e9943d395ff8cfdf3,09810748e6c04aacb393ebf14fafa5e8,human.pedestrian.adult,v80-100,True,projected box falls entirely outside the image,0.0,0.0,0.0,0.0,0.0,0.0,0.0,0.0,False,0.0,24,0
clip_sample_001,31,d9a8ad39503a411a8eb7501846d8dfc9,9ee4020153674b9e9943d395ff8cfdf3,0bfc7d407d09490cba7ac57897fcb100,vehicle.car,v60-80,False,,1398.68,444.67,1600.0,542.35,1398.68,444.57,1606.94,542.35,True,24.063,7,0
clip_sample_001,31,d9a8ad39503a411a8eb7501846d8dfc9,9ee4020153674b9e9943d395ff8cfdf3,143ecd5e93614768bdb3da695e76c409,vehicle.car,v40-60,False,,977.52,464.46,1063.39,523.8,977.52,464.46,1063.39,523.8,False,42.724,0,0
clip_sample_001,31,d9a8ad39503a411a8eb7501846d8dfc9,9ee4020153674b9e9943d395ff8cfdf3,200c440c0e9b4627ad4f3047227016a2,vehicle.car,v80-100,True,all corners behind or at the camera plane,0.0,0.0,0.0,0.0,0.0,0.0,0.0,0.0,False,0.0,7,0
clip_sample_001,31,d9a8ad39503a411a8eb7501846d8dfc9,9ee4020153674b9e9943d395ff8cfdf3,2a42fd0e123c455fbaeb1c5f03dba0b2,vehicle.car,v0-40,False,,1133.85,458.21,1224.18,512.46,1133.85,458.21,1224.18,512.46,False,48.822,0,1
clip_sample_001,31,d9a8ad39503a411a8eb7501846d8dfc9,9ee4020153674b9e9943d395ff8cfdf3,2ef4b4d20b064d34b754f68e48f5a5c2,vehicle.car,v0-40,False,,345.03,471.67,517.42,572.6,345.03,471.67,517.42,572.6,False,27.253,0,1
clip_sample_001,31,d9a8ad39503a411a8eb7501846d8dfc9,9ee4020153674b9e9943d395ff8cfdf3,34aaf645a4174c6c8ff1874e6b33ccf6,human.pedestrian.adult,v80-100,True,all corners behind or at the camera plane,0.0,0.0,0.0,0.0,0.0,0.0,0.0,0.0,False,0.0,4,2
clip_sample_001,31,d9a8ad39503a411a8eb7501846d8dfc9,9ee4020153674b9e9943d395ff8cfdf3,3620feb00d744241a94855f3a8913a78,vehicle.car,v80-100,False,,1323.38,479.25,1600.0,829.34,1323.38,472.58,2555.64,982.56,True,6.259,480,2
clip_sample_001,31,d9a8ad39503a411a8eb7501846d8dfc9,9ee4020153674b9e9943d395ff8cfdf3,377df4ee88ec46c9be892080557263f6,vehicle.car,v0-40,False,,658.13,473.58,715.3,516.3,658.13,473.58,715.3,516.3,False,62.566,1,0
clip_sample_001,31,d9a8ad39503a411a8eb7501846d8dfc9,9ee4020153674b9e9943d395ff8cfdf3,3b19bb63d0924f4da3034819357d6c8b,human.pedestrian.adult,v80-100,True,all corners behind or at the camera plane,0.0,0.0,0.0,0.0,0.0,0.0,0.0,0.0,False,0.0,1,0
clip_sample_001,31,d9a8ad39503a411a8eb7501846d8dfc9,9ee4020153674b9e9943d395ff8cfdf3,3c7331d16ac6439e9bd5a57d75976446,human.pedestrian.child,v80-100,True,projected box falls entirely outside the image,0.0,0.0,0.0,0.0,0.0,0.0,0.0,0.0,False,0.0,5,0
clip_sample_001,31,d9a8ad39503a411a8eb7501846d8dfc9,9ee4020153674b9e9943d395ff8cfdf3,48d06a263b314b48bd41343ea5f5d158,vehicle.car,v0-40,False,,932.01,468.32,963.58,501.27,932.01,468.32,963.58,501.27,False,77.791,0,0
clip_sample_001,31,d9a8ad39503a411a8eb7501846d8dfc9,9ee4020153674b9e9943d395ff8cfdf3,4ce8f37952ad4203b1f5b23c728fb2e6,human.pedestrian.adult,v80-100,True,projected box falls entirely outside the image,0.0,0.0,0.0,0.0,0.0,0.0,0.0,0.0,False,0.0,14,0
clip_sample_001,31,d9a8ad39503a411a8eb7501846d8dfc9,9ee4020153674b9e9943d395ff8cfdf3,5d77c275683248658e7564ef24bf63b2,human.pedestrian.adult,v80-100,True,all corners behind or at the camera plane,0.0,0.0,0.0,0.0,0.0,0.0,0.0,0.0,False,0.0,4,1
clip_sample_001,31,d9a8ad39503a411a8eb7501846d8dfc9,9ee4020153674b9e9943d395ff8cfdf3,5dd3f11916924b7cb93687c10c7c83b6,human.pedestrian.adult,v80-100,True,all corners behind or at the camera plane,0.0,0.0,0.0,0.0,0.0,0.0,0.0,0.0,False,0.0,2,0
clip_sample_001,31,d9a8ad39503a411a8eb7501846d8dfc9,9ee4020153674b9e9943d395ff8cfdf3,62cd175b56cf4caa887eaf3462ccde5a,movable_object.trafficcone,v80-100,True,projected box falls entirely outside the image,0.0,0.0,0.0,0.0,0.0,0.0,0.0,0.0,False,0.0,16,0
clip_sample_001,31,d9a8ad39503a411a8eb7501846d8dfc9,9ee4020153674b9e9943d395ff8cfdf3,6346de1c47584b34833d6df500d2ed6c,vehicle.car,v40-60,True,projected box falls entirely outside the image,0.0,0.0,0.0,0.0,0.0,0.0,0.0,0.0,False,0.0,13,0
clip_sample_001,31,d9a8ad39503a411a8eb7501846d8dfc9,9ee4020153674b9e9943d395ff8cfdf3,6702a65bda8b4e2da8ac270c26e425bd,vehicle.motorcycle,v80-100,False,,1159.41,470.99,1180.9,517.03,1159.41,470.99,1180.9,517.03,False,37.756,0,0
clip_sample_001,31,d9a8ad39503a411a8eb7501846d8dfc9,9ee4020153674b9e9943d395ff8cfdf3,68dbf490d231446f92fa7dbd366c8b93,vehicle.car,v0-40,False,,688.13,472.04,726.12,510.32,688.13,472.04,726.12,510.32,False,75.383,0,0
clip_sample_001,31,d9a8ad39503a411a8eb7501846d8dfc9,9ee4020153674b9e9943d395ff8cfdf3,6e71a9ceaf9a4974a1d07a2bd3544506,human.pedestrian.adult,v80-100,True,all corners behind or at the camera plane,0.0,0.0,0.0,0.0,0.0,0.0,0.0,0.0,False,0.0,4,0
clip_sample_001,31,d9a8ad39503a411a8eb7501846d8dfc9,9ee4020153674b9e9943d395ff8cfdf3,72137291381349428afb1038d4e5898c,human.pedestrian.adult,v80-100,True,all corners behind or at the camera plane,0.0,0.0,0.0,0.0,0.0,0.0,0.0,0.0,False,0.0,5,0
clip_sample_001,31,d9a8ad39503a411a8eb7501846d8dfc9,9ee4020153674b9e9943d395ff8cfdf3,7581fd7e9c0f426cb0efb9ea1f3f2830,vehicle.car,v0-40,False,,1581.36,440.82,1600.0,528.77,1581.36,430.36,1846.1,536.86,True,24.235,2,0
clip_sample_001,31,d9a8ad39503a411a8eb7501846d8dfc9,9ee4020153674b9e9943d395ff8cfdf3,84755505e70547af890aff9db860f692,vehicle.car,v0-40,False,,1202.47,445.09,1299.32,500.58,1202.47,445.09,1299.32,500.58,False,48.736,1,0
clip_sample_001,31,d9a8ad39503a411a8eb7501846d8dfc9,9ee4020153674b9e9943d395ff8cfdf3,84d4bf98117e477dae6b51bf1bf5c8bb,human.pedestrian.adult,v80-100,True,all corners behind or at the camera plane,0.0,0.0,0.0,0.0,0.0,0.0,0.0,0.0,False,0.0,1,0
clip_sample_001,31,d9a8ad39503a411a8eb7501846d8dfc9,9ee4020153674b9e9943d395ff8cfdf3,8ce4fe54af77467d90c840465f69677f,vehicle.car,v0-40,False,,1269.01,443.42,1368.39,497.69,1269.01,443.42,1368.39,497.69,False,49.617,0,0
clip_sample_001,31,d9a8ad39503a411a8eb7501846d8dfc9,9ee4020153674b9e9943d395ff8cfdf3,9439a24131dc4e1faa3b5b73f518f1da,vehicle.truck,v80-100,False,,611.76,448.63,699.33,524.32,611.76,448.63,699.33,524.32,False,54.308,5,2
clip_sample_001,31,d9a8ad39503a411a8eb7501846d8dfc9,9ee4020153674b9e9943d395ff8cfdf3,96c353e8f14d4a63ba2b844d43cffc42,vehicle.car,v0-40,False,,956.57,468.63,1012.78,514.67,956.57,468.63,1012.78,514.67,False,54.767,1,2
clip_sample_001,31,d9a8ad39503a411a8eb7501846d8dfc9,9ee4020153674b9e9943d395ff8cfdf3,996d9e039f7a4838ac48d5409ca89732,human.pedestrian.adult,v80-100,True,all corners behind or at the camera plane,0.0,0.0,0.0,0.0,0.0,0.0,0.0,0.0,False,0.0,2,0
clip_sample_001,31,d9a8ad39503a411a8eb7501846d8dfc9,9ee4020153674b9e9943d395ff8cfdf3,99fbf1b9bf474215a4e8ad562bb7e9b2,human.pedestrian.adult,v80-100,True,all corners behind or at the camera plane,0.0,0.0,0.0,0.0,0.0,0.0,0.0,0.0,False,0.0,13,0
clip_sample_001,31,d9a8ad39503a411a8eb7501846d8dfc9,9ee4020153674b9e9943d395ff8cfdf3,9e5f09bc19cd473dae219194ada64f3d,vehicle.car,v80-100,True,projected box falls entirely outside the image,0.0,0.0,0.0,0.0,0.0,0.0,0.0,0.0,False,0.0,22,2
clip_sample_001,31,d9a8ad39503a411a8eb7501846d8dfc9,9ee4020153674b9e9943d395ff8cfdf3,a6ca1e8c4eee458cb4981e02f58c954f,vehicle.car,v0-40,True,projected box falls entirely outside the image,0.0,0.0,0.0,0.0,0.0,0.0,0.0,0.0,False,0.0,4,0
clip_sample_001,31,d9a8ad39503a411a8eb7501846d8dfc9,9ee4020153674b9e9943d395ff8cfdf3,ab8d210d019b44abae3c4e0eee6ce8ba,human.pedestrian.adult,v80-100,True,all corners behind or at the camera plane,0.0,0.0,0.0,0.0,0.0,0.0,0.0,0.0,False,0.0,4,0
clip_sample_001,31,d9a8ad39503a411a8eb7501846d8dfc9,9ee4020153674b9e9943d395ff8cfdf3,ad2ae385245f46d49b4d06f87e2ac544,human.pedestrian.adult,v80-100,True,all corners behind or at the camera plane,0.0,0.0,0.0,0.0,0.0,0.0,0.0,0.0,False,0.0,5,1
clip_sample_001,31,d9a8ad39503a411a8eb7501846d8dfc9,9ee4020153674b9e9943d395ff8cfdf3,b3412553d70f40b3a1d19a0eb8529a08,human.pedestrian.adult,v80-100,True,projected box falls entirely outside the image,0.0,0.0,0.0,0.0,0.0,0.0,0.0,0.0,False,0.0,20,0
clip_sample_001,31,d9a8ad39503a411a8eb7501846d8dfc9,9ee4020153674b9e9943d395ff8cfdf3,bc6bc2b076b24fc79ed0517f5747c1cf,human.pedestrian.adult,v80-100,True,all corners behind or at the camera plane,0.0,0.0,0.0,0.0,0.0,0.0,0.0,0.0,False,0.0,5,0
clip_sample_001,31,d9a8ad39503a411a8eb7501846d8dfc9,9ee4020153674b9e9943d395ff8cfdf3,bfe685042aa34ab7b2b2f24ee0f1645f,static_object.bicycle_rack,v0-40,False,,477.72,485.54,641.06,543.17,477.72,485.54,641.06,543.17,False,38.859,2,2
clip_sample_001,31,d9a8ad39503a411a8eb7501846d8dfc9,9ee4020153674b9e9943d395ff8cfdf3,c1fe224b76cc49e294847788c443e470,human.pedestrian.adult,v80-100,True,projected box falls entirely outside the image,0.0,0.0,0.0,0.0,0.0,0.0,0.0,0.0,False,0.0,14,0
clip_sample_001,31,d9a8ad39503a411a8eb7501846d8dfc9,9ee4020153674b9e9943d395ff8cfdf3,c34cb46c7be6486a85ee49653850b174,human.pedestrian.adult,v80-100,True,all corners behind or at the camera plane,0.0,0.0,0.0,0.0,0.0,0.0,0.0,0.0,False,0.0,18,1
clip_sample_001,31,d9a8ad39503a411a8eb7501846d8dfc9,9ee4020153674b9e9943d395ff8cfdf3,d0f5aace57684923b8a44b554b006fb2,vehicle.car,v80-100,True,all corners behind or at the camera plane,0.0,0.0,0.0,0.0,0.0,0.0,0.0,0.0,False,0.0,243,6
clip_sample_001,31,d9a8ad39503a411a8eb7501846d8dfc9,9ee4020153674b9e9943d395ff8cfdf3,db7d65690f2e412e887468596e2ddabf,vehicle.car,v0-40,False,,967.95,465.76,1029.32,516.45,967.95,465.76,1029.32,516.45,False,48.56,1,0
clip_sample_001,31,d9a8ad39503a411a8eb7501846d8dfc9,9ee4020153674b9e9943d395ff8cfdf3,dc762bf1bc694d3e8141bf592f9b1456,vehicle.car,v80-100,False,,662.04,455.38,996.29,620.79,662.04,455.38,996.29,620.79,False,15.348,53,7
clip_sample_001,31,d9a8ad39503a411a8eb7501846d8dfc9,9ee4020153674b9e9943d395ff8cfdf3,dce1fda2d70945c792dcc27074ec6aa9,vehicle.car,v80-100,True,projected box falls entirely outside the image,0.0,0.0,0.0,0.0,0.0,0.0,0.0,0.0,False,0.0,106,0
clip_sample_001,31,d9a8ad39503a411a8eb7501846d8dfc9,9ee4020153674b9e9943d395ff8cfdf3,e147a4c07e06487592fb5d6135c27a78,human.pedestrian.adult,v60-80,True,projected box falls entirely outside the image,0.0,0.0,0.0,0.0,0.0,0.0,0.0,0.0,False,0.0,11,0
clip_sample_001,31,d9a8ad39503a411a8eb7501846d8dfc9,9ee4020153674b9e9943d395ff8cfdf3,e73ba8faf67d40c8b6b653489393ef8b,vehicle.car,v80-100,False,,1263.91,451.31,1351.21,503.92,1263.91,451.31,1351.21,503.92,False,43.057,4,0
clip_sample_001,31,d9a8ad39503a411a8eb7501846d8dfc9,9ee4020153674b9e9943d395ff8cfdf3,eaaf60765ee8478f8e0bd4942571c6fb,vehicle.car,v40-60,False,,143.46,503.75,395.02,625.48,143.46,503.75,395.02,625.48,False,20.307,29,1
clip_sample_001,31,d9a8ad39503a411a8eb7501846d8dfc9,9ee4020153674b9e9943d395ff8cfdf3,ead6a822f86c432481c0a9d2e4e4f827,human.pedestrian.adult,v0-40,True,all corners behind or at the camera plane,0.0,0.0,0.0,0.0,0.0,0.0,0.0,0.0,False,0.0,0,0
clip_sample_001,31,d9a8ad39503a411a8eb7501846d8dfc9,9ee4020153674b9e9943d395ff8cfdf3,f1010738ac3a4f56b936fa3a077571b5,human.pedestrian.adult,v0-40,True,all corners behind or at the camera plane,0.0,0.0,0.0,0.0,0.0,0.0,0.0,0.0,False,0.0,1,0
clip_sample_001,31,d9a8ad39503a411a8eb7501846d8dfc9,9ee4020153674b9e9943d395ff8cfdf3,f4af7fd215ee47aa8b64bac0443d7be8,vehicle.car,v0-40,True,projected box falls entirely outside the image,0.0,0.0,0.0,0.0,0.0,0.0,0.0,0.0,False,0.0,1,0
clip_sample_001,31,d9a8ad39503a411a8eb7501846d8dfc9,9ee4020153674b9e9943d395ff8cfdf3,f5c0c1968ef0486cb3183e521841352f,vehicle.car,v0-40,False,,1585.3,434.57,1600.0,493.98,1585.3,427.62,1752.9,494.86,True,39.11,0,0
clip_sample_001,31,d9a8ad39503a411a8eb7501846d8dfc9,9ee4020153674b9e9943d395ff8cfdf3,f7f666bf92c049bea8fabc42a8831005,vehicle.car,v0-40,False,,1400.31,440.7,1524.13,501.68,1400.31,440.7,1524.13,501.68,False,42.608,1,0
clip_sample_001,31,d9a8ad39503a411a8eb7501846d8dfc9,9ee4020153674b9e9943d395ff8cfdf3,fa107c6dd0dc4d15b94b86cbf5b990c0,human.pedestrian.adult,v80-100,True,all corners behind or at the camera plane,0.0,0.0,0.0,0.0,0.0,0.0,0.0,0.0,False,0.0,3,0
clip_sample_001,31,d9a8ad39503a411a8eb7501846d8dfc9,9ee4020153674b9e9943d395ff8cfdf3,fef3f0c1f8f944e393315c5460263f17,human.pedestrian.adult,v0-40,True,all corners behind or at the camera plane,0.0,0.0,0.0,0.0,0.0,0.0,0.0,0.0,False,0.0,3,0
clip_sample_001,31,d9a8ad39503a411a8eb7501846d8dfc9,9ee4020153674b9e9943d395ff8cfdf3,ff7dc6c94901476e9b5f6198e3b2103f,human.pedestrian.adult,v40-60,True,all corners behind or at the camera plane,0.0,0.0,0.0,0.0,0.0,0.0,0.0,0.0,False,0.0,1,0
clip_sample_003,1,6e76f277e47547bca0e38099ce01da54,dc03fe4e0a374592af7701c66d5276c4,01a9922c1b7d457cb37880b8de3b7093,movable_object.barrier,v80-100,True,all corners behind or at the camera plane,0.0,0.0,0.0,0.0,0.0,0.0,0.0,0.0,False,0.0,15,0
clip_sample_003,1,6e76f277e47547bca0e38099ce01da54,dc03fe4e0a374592af7701c66d5276c4,078a2d6a465b4200a2aab9ff75558fad,vehicle.car,v80-100,True,projected box falls entirely outside the image,0.0,0.0,0.0,0.0,0.0,0.0,0.0,0.0,False,0.0,0,0
clip_sample_003,1,6e76f277e47547bca0e38099ce01da54,dc03fe4e0a374592af7701c66d5276c4,07bf3d834d04482e8f90e3756358250e,movable_object.barrier,v80-100,True,all corners behind or at the camera plane,0.0,0.0,0.0,0.0,0.0,0.0,0.0,0.0,False,0.0,7,0
clip_sample_003,1,6e76f277e47547bca0e38099ce01da54,dc03fe4e0a374592af7701c66d5276c4,18cdcf0d2340409b95140ea38a70fd2e,human.pedestrian.adult,v80-100,True,projected box falls entirely outside the image,0.0,0.0,0.0,0.0,0.0,0.0,0.0,0.0,False,0.0,10,0
clip_sample_003,1,6e76f277e47547bca0e38099ce01da54,dc03fe4e0a374592af7701c66d5276c4,19804c352c0a4767b61b8d0709d1db99,human.pedestrian.adult,v80-100,True,projected box falls entirely outside the image,0.0,0.0,0.0,0.0,0.0,0.0,0.0,0.0,False,0.0,0,0
clip_sample_003,1,6e76f277e47547bca0e38099ce01da54,dc03fe4e0a374592af7701c66d5276c4,21d4060224a946e5b66fd00749282e82,human.pedestrian.adult,v80-100,True,projected box falls entirely outside the image,0.0,0.0,0.0,0.0,0.0,0.0,0.0,0.0,False,0.0,14,1
clip_sample_003,1,6e76f277e47547bca0e38099ce01da54,dc03fe4e0a374592af7701c66d5276c4,2397a588f42e4195bf7fb0148aa7a3d6,human.pedestrian.adult,v80-100,True,projected box falls entirely outside the image,0.0,0.0,0.0,0.0,0.0,0.0,0.0,0.0,False,0.0,12,0
clip_sample_003,1,6e76f277e47547bca0e38099ce01da54,dc03fe4e0a374592af7701c66d5276c4,254ca291f1ee4223a0b1e392d4885fd2,vehicle.truck,v80-100,True,all corners behind or at the camera plane,0.0,0.0,0.0,0.0,0.0,0.0,0.0,0.0,False,0.0,1393,1
clip_sample_003,1,6e76f277e47547bca0e38099ce01da54,dc03fe4e0a374592af7701c66d5276c4,2d7491faabc447769e1f2003f23c50e9,vehicle.car,v0-40,True,all corners behind or at the camera plane,0.0,0.0,0.0,0.0,0.0,0.0,0.0,0.0,False,0.0,0,3
clip_sample_003,1,6e76f277e47547bca0e38099ce01da54,dc03fe4e0a374592af7701c66d5276c4,2e19253f3bac458191cf64ff2b22ba2b,vehicle.bus.rigid,v0-40,True,projected box falls entirely outside the image,0.0,0.0,0.0,0.0,0.0,0.0,0.0,0.0,False,0.0,5,0
clip_sample_003,1,6e76f277e47547bca0e38099ce01da54,dc03fe4e0a374592af7701c66d5276c4,2fb9e666a5d04e3f9888dad909324f75,vehicle.car,v0-40,True,all corners behind or at the camera plane,0.0,0.0,0.0,0.0,0.0,0.0,0.0,0.0,False,0.0,0,1
clip_sample_003,1,6e76f277e47547bca0e38099ce01da54,dc03fe4e0a374592af7701c66d5276c4,340ccb3c0dcb492eaa032f0e4e3017bb,human.pedestrian.adult,v80-100,True,projected box falls entirely outside the image,0.0,0.0,0.0,0.0,0.0,0.0,0.0,0.0,False,0.0,19,0
clip_sample_003,1,6e76f277e47547bca0e38099ce01da54,dc03fe4e0a374592af7701c66d5276c4,3993afe444aa4497b1fec37c89fcc369,human.pedestrian.adult,v40-60,False,,759.6,483.02,769.63,509.21,759.6,483.02,769.63,509.21,False,87.575,0,1
clip_sample_003,1,6e76f277e47547bca0e38099ce01da54,dc03fe4e0a374592af7701c66d5276c4,39f727108189464dadaec4bf8d88ce6e,movable_object.barrier,v80-100,True,all corners behind or at the camera plane,0.0,0.0,0.0,0.0,0.0,0.0,0.0,0.0,False,0.0,32,0
clip_sample_003,1,6e76f277e47547bca0e38099ce01da54,dc03fe4e0a374592af7701c66d5276c4,3a4f8b672b5d47f594785b4ef502f005,movable_object.barrier,v80-100,False,,761.03,495.13,770.74,517.83,761.03,495.13,770.74,517.83,False,64.309,0,0
clip_sample_003,1,6e76f277e47547bca0e38099ce01da54,dc03fe4e0a374592af7701c66d5276c4,451f91f4b7b548f890ef4ba5c2685e8b,movable_object.barrier,v80-100,True,all corners behind or at the camera plane,0.0,0.0,0.0,0.0,0.0,0.0,0.0,0.0,False,0.0,5,0
clip_sample_003,1,6e76f277e47547bca0e38099ce01da54,dc03fe4e0a374592af7701c66d5276c4,4604a50b23154c4b88b1e8e2e724b2bf,movable_object.barrier,v80-100,True,all corners behind or at the camera plane,0.0,0.0,0.0,0.0,0.0,0.0,0.0,0.0,False,0.0,25,0
clip_sample_003,1,6e76f277e47547bca0e38099ce01da54,dc03fe4e0a374592af7701c66d5276c4,4c6a549e64dc4a0c9c1b75b2d615ae51,movable_object.barrier,v80-100,True,all corners behind or at the camera plane,0.0,0.0,0.0,0.0,0.0,0.0,0.0,0.0,False,0.0,23,0
clip_sample_003,1,6e76f277e47547bca0e38099ce01da54,dc03fe4e0a374592af7701c66d5276c4,4f41f55039c34783b0f63a3ebc196434,human.pedestrian.adult,v0-40,False,,78.01,486.96,100.35,534.57,78.01,486.96,100.35,534.57,False,45.119,1,0
clip_sample_003,1,6e76f277e47547bca0e38099ce01da54,dc03fe4e0a374592af7701c66d5276c4,6a0d7a293cc34a84b9857a4fa38cd4a3,vehicle.car,v80-100,False,,0.0,496.55,286.27,624.43,-146.76,496.45,286.27,624.43,True,16.854,65,1
clip_sample_003,1,6e76f277e47547bca0e38099ce01da54,dc03fe4e0a374592af7701c66d5276c4,6ae762f1bc254d00bfb5ae9d66ffe376,vehicle.car,v80-100,True,all corners behind or at the camera plane,0.0,0.0,0.0,0.0,0.0,0.0,0.0,0.0,False,0.0,476,5
clip_sample_003,1,6e76f277e47547bca0e38099ce01da54,dc03fe4e0a374592af7701c66d5276c4,6b9c9912fecb4847b93e81eb10da83a2,movable_object.barrier,v80-100,True,all corners behind or at the camera plane,0.0,0.0,0.0,0.0,0.0,0.0,0.0,0.0,False,0.0,19,2
clip_sample_003,1,6e76f277e47547bca0e38099ce01da54,dc03fe4e0a374592af7701c66d5276c4,73b29b41f1c34b7987da26755270451b,movable_object.barrier,v80-100,True,all corners behind or at the camera plane,0.0,0.0,0.0,0.0,0.0,0.0,0.0,0.0,False,0.0,41,0
clip_sample_003,1,6e76f277e47547bca0e38099ce01da54,dc03fe4e0a374592af7701c66d5276c4,75bbb97a65904d61b345fd500f3c6e2f,vehicle.trailer,v80-100,True,all corners behind or at the camera plane,0.0,0.0,0.0,0.0,0.0,0.0,0.0,0.0,False,0.0,334,7
clip_sample_003,1,6e76f277e47547bca0e38099ce01da54,dc03fe4e0a374592af7701c66d5276c4,7a8b24608009457b963da57aa18beb58,vehicle.car,v0-40,False,,36.8,494.78,294.3,564.54,36.8,494.78,294.3,564.54,False,26.911,11,1
clip_sample_003,1,6e76f277e47547bca0e38099ce01da54,dc03fe4e0a374592af7701c66d5276c4,7e799fdef2e94598b5e29af80a587359,vehicle.bus.rigid,v80-100,True,projected box falls entirely outside the image,0.0,0.0,0.0,0.0,0.0,0.0,0.0,0.0,False,0.0,40,6
clip_sample_003,1,6e76f277e47547bca0e38099ce01da54,dc03fe4e0a374592af7701c66d5276c4,888521a8b57f46258e81a89bf062278b,vehicle.car,v40-60,False,,576.8,478.68,602.42,500.52,576.8,478.68,602.42,500.52,False,116.57,0,3
clip_sample_003,1,6e76f277e47547bca0e38099ce01da54,dc03fe4e0a374592af7701c66d5276c4,94e0b9b077774f18a74f53c5305a368d,human.pedestrian.adult,v60-80,False,,820.27,491.72,839.8,525.54,820.27,491.72,839.8,525.54,False,49.449,0,1
clip_sample_003,1,6e76f277e47547bca0e38099ce01da54,dc03fe4e0a374592af7701c66d5276c4,9c81acda9a6d4d15bd4e4a315a669d71,vehicle.car,v80-100,True,projected box falls entirely outside the image,0.0,0.0,0.0,0.0,0.0,0.0,0.0,0.0,False,0.0,5,0
clip_sample_003,1,6e76f277e47547bca0e38099ce01da54,dc03fe4e0a374592af7701c66d5276c4,9e94bea2db384cf1ba7264e02920b1d8,vehicle.car,v80-100,True,all corners behind or at the camera plane,0.0,0.0,0.0,0.0,0.0,0.0,0.0,0.0,False,0.0,1,0
clip_sample_003,1,6e76f277e47547bca0e38099ce01da54,dc03fe4e0a374592af7701c66d5276c4,afd097377c71479ea8349eeae83b8143,human.pedestrian.adult,v0-40,True,projected box falls entirely outside the image,0.0,0.0,0.0,0.0,0.0,0.0,0.0,0.0,False,0.0,2,0
clip_sample_003,1,6e76f277e47547bca0e38099ce01da54,dc03fe4e0a374592af7701c66d5276c4,b4db00c7834047799104363c10eca351,movable_object.barrier,v80-100,False,,767.79,496.93,790.38,521.97,767.79,496.93,790.38,521.97,False,49.641,0,0
clip_sample_003,1,6e76f277e47547bca0e38099ce01da54,dc03fe4e0a374592af7701c66d5276c4,b61b72a5b5ad482e9bc94c203f75b8d4,human.pedestrian.adult,v80-100,True,projected box falls entirely outside the image,0.0,0.0,0.0,0.0,0.0,0.0,0.0,0.0,False,0.0,14,0
clip_sample_003,1,6e76f277e47547bca0e38099ce01da54,dc03fe4e0a374592af7701c66d5276c4,c7d9c788b68c4e2fae96140ccfa8e1c8,movable_object.barrier,v80-100,True,all corners behind or at the camera plane,0.0,0.0,0.0,0.0,0.0,0.0,0.0,0.0,False,0.0,35,0
clip_sample_003,1,6e76f277e47547bca0e38099ce01da54,dc03fe4e0a374592af7701c66d5276c4,c99728ce46204cd38f19f1aa6c60b162,movable_object.barrier,v80-100,True,all corners behind or at the camera plane,0.0,0.0,0.0,0.0,0.0,0.0,0.0,0.0,False,0.0,26,0
clip_sample_003,1,6e76f277e47547bca0e38099ce01da54,dc03fe4e0a374592af7701c66d5276c4,ccf1034122fb42f99f0fb333310040ef,movable_object.barrier,v60-80,False,,760.31,494.99,770.19,516.19,760.31,494.99,770.19,516.19,False,67.264,0,1
clip_sample_003,1,6e76f277e47547bca0e38099ce01da54,dc03fe4e0a374592af7701c66d5276c4,d02ce7e39f534cb8b67ef101e32dbba7,vehicle.car,v60-80,True,projected box falls entirely outside the image,0.0,0.0,0.0,0.0,0.0,0.0,0.0,0.0,False,0.0,7,0
clip_sample_003,1,6e76f277e47547bca0e38099ce01da54,dc03fe4e0a374592af7701c66d5276c4,d5f34ea24e844aa284d3ebc1b057a918,movable_object.barrier,v80-100,False,,761.11,496.1,771.58,521.59,761.11,496.1,771.58,521.59,False,61.37,0,0
clip_sample_003,1,6e76f277e47547bca0e38099ce01da54,dc03fe4e0a374592af7701c66d5276c4,d9a4df9e92804a44a039eb21e0dc1349,vehicle.car,v80-100,False,,597.22,479.97,620.87,497.31,597.22,479.97,620.87,497.31,False,129.383,0,0
clip_sample_003,1,6e76f277e47547bca0e38099ce01da54,dc03fe4e0a374592af7701c66d5276c4,de98ed230109473dae7d8d84af61208e,movable_object.barrier,v80-100,True,all corners behind or at the camera plane,0.0,0.0,0.0,0.0,0.0,0.0,0.0,0.0,False,0.0,2,3
clip_sample_003,1,6e76f277e47547bca0e38099ce01da54,dc03fe4e0a374592af7701c66d5276c4,e2afd7eaa5c04cff9e59ca025e14249c,vehicle.bicycle,v80-100,True,projected box falls entirely outside the image,0.0,0.0,0.0,0.0,0.0,0.0,0.0,0.0,False,0.0,16,0
clip_sample_003,1,6e76f277e47547bca0e38099ce01da54,dc03fe4e0a374592af7701c66d5276c4,e8ee78065abc41ac9dcae839a29eac0b,vehicle.truck,v80-100,True,projected box falls entirely outside the image,0.0,0.0,0.0,0.0,0.0,0.0,0.0,0.0,False,0.0,27,4
clip_sample_003,1,6e76f277e47547bca0e38099ce01da54,dc03fe4e0a374592af7701c66d5276c4,eba0e66da99b4127bcbc5f75e8dd8a1a,movable_object.barrier,v80-100,False,,762.55,495.93,778.74,519.27,762.55,495.93,778.74,519.27,False,52.592,0,1
clip_sample_003,1,6e76f277e47547bca0e38099ce01da54,dc03fe4e0a374592af7701c66d5276c4,ecf7d2d3b0984505a33fc612ac350e6b,movable_object.pushable_pullable,v80-100,True,projected box falls entirely outside the image,0.0,0.0,0.0,0.0,0.0,0.0,0.0,0.0,False,0.0,10,1
clip_sample_003,1,6e76f277e47547bca0e38099ce01da54,dc03fe4e0a374592af7701c66d5276c4,f53b4aa3d74e473c90afb956e618e3ce,human.pedestrian.adult,v80-100,False,,244.04,481.46,262.79,519.12,244.04,481.46,262.79,519.12,False,66.528,1,0
clip_sample_003,1,6e76f277e47547bca0e38099ce01da54,dc03fe4e0a374592af7701c66d5276c4,fb0b1fa4a33a43ea9cc802ba14a40586,vehicle.car,v0-40,True,projected box falls entirely outside the image,0.0,0.0,0.0,0.0,0.0,0.0,0.0,0.0,False,0.0,0,0
clip_sample_003,1,6e76f277e47547bca0e38099ce01da54,dc03fe4e0a374592af7701c66d5276c4,ff07eea720434dc0ba0ccdef45cb318c,vehicle.car,v80-100,True,projected box falls entirely outside the image,0.0,0.0,0.0,0.0,0.0,0.0,0.0,0.0,False,0.0,2593,0
clip_sample_003,7,85b9d897bc9d4d7094696a5a356b29f0,b7f64f73e8a548488e6d85d9b0e13242,01a9922c1b7d457cb37880b8de3b7093,movable_object.barrier,v80-100,True,all corners behind or at the camera plane,0.0,0.0,0.0,0.0,0.0,0.0,0.0,0.0,False,0.0,20,0
clip_sample_003,7,85b9d897bc9d4d7094696a5a356b29f0,b7f64f73e8a548488e6d85d9b0e13242,078a2d6a465b4200a2aab9ff75558fad,vehicle.car,v80-100,True,projected box falls entirely outside the image,0.0,0.0,0.0,0.0,0.0,0.0,0.0,0.0,False,0.0,1,0
clip_sample_003,7,85b9d897bc9d4d7094696a5a356b29f0,b7f64f73e8a548488e6d85d9b0e13242,07bf3d834d04482e8f90e3756358250e,movable_object.barrier,v80-100,True,all corners behind or at the camera plane,0.0,0.0,0.0,0.0,0.0,0.0,0.0,0.0,False,0.0,7,0
clip_sample_003,7,85b9d897bc9d4d7094696a5a356b29f0,b7f64f73e8a548488e6d85d9b0e13242,18cdcf0d2340409b95140ea38a70fd2e,human.pedestrian.adult,v80-100,True,projected box falls entirely outside the image,0.0,0.0,0.0,0.0,0.0,0.0,0.0,0.0,False,0.0,11,0
clip_sample_003,7,85b9d897bc9d4d7094696a5a356b29f0,b7f64f73e8a548488e6d85d9b0e13242,19804c352c0a4767b61b8d0709d1db99,human.pedestrian.adult,v80-100,True,projected box falls entirely outside the image,0.0,0.0,0.0,0.0,0.0,0.0,0.0,0.0,False,0.0,5,0
clip_sample_003,7,85b9d897bc9d4d7094696a5a356b29f0,b7f64f73e8a548488e6d85d9b0e13242,21d4060224a946e5b66fd00749282e82,human.pedestrian.adult,v80-100,True,projected box falls entirely outside the image,0.0,0.0,0.0,0.0,0.0,0.0,0.0,0.0,False,0.0,13,1
clip_sample_003,7,85b9d897bc9d4d7094696a5a356b29f0,b7f64f73e8a548488e6d85d9b0e13242,2397a588f42e4195bf7fb0148aa7a3d6,human.pedestrian.adult,v0-40,True,projected box falls entirely outside the image,0.0,0.0,0.0,0.0,0.0,0.0,0.0,0.0,False,0.0,4,0
clip_sample_003,7,85b9d897bc9d4d7094696a5a356b29f0,b7f64f73e8a548488e6d85d9b0e13242,254ca291f1ee4223a0b1e392d4885fd2,vehicle.truck,v80-100,True,all corners behind or at the camera plane,0.0,0.0,0.0,0.0,0.0,0.0,0.0,0.0,False,0.0,1386,1
clip_sample_003,7,85b9d897bc9d4d7094696a5a356b29f0,b7f64f73e8a548488e6d85d9b0e13242,2d7491faabc447769e1f2003f23c50e9,vehicle.car,v0-40,True,all corners behind or at the camera plane,0.0,0.0,0.0,0.0,0.0,0.0,0.0,0.0,False,0.0,0,3
clip_sample_003,7,85b9d897bc9d4d7094696a5a356b29f0,b7f64f73e8a548488e6d85d9b0e13242,2e19253f3bac458191cf64ff2b22ba2b,vehicle.bus.rigid,v0-40,True,projected box falls entirely outside the image,0.0,0.0,0.0,0.0,0.0,0.0,0.0,0.0,False,0.0,0,1
clip_sample_003,7,85b9d897bc9d4d7094696a5a356b29f0,b7f64f73e8a548488e6d85d9b0e13242,2fb9e666a5d04e3f9888dad909324f75,vehicle.car,v0-40,True,all corners behind or at the camera plane,0.0,0.0,0.0,0.0,0.0,0.0,0.0,0.0,False,0.0,0,1
clip_sample_003,7,85b9d897bc9d4d7094696a5a356b29f0,b7f64f73e8a548488e6d85d9b0e13242,340ccb3c0dcb492eaa032f0e4e3017bb,human.pedestrian.adult,v80-100,True,projected box falls entirely outside the image,0.0,0.0,0.0,0.0,0.0,0.0,0.0,0.0,False,0.0,19,0
clip_sample_003,7,85b9d897bc9d4d7094696a5a356b29f0,b7f64f73e8a548488e6d85d9b0e13242,3993afe444aa4497b1fec37c89fcc369,human.pedestrian.adult,v40-60,False,,760.04,483.53,770.17,509.95,760.04,483.53,770.17,509.95,False,86.821,0,0
clip_sample_003,7,85b9d897bc9d4d7094696a5a356b29f0,b7f64f73e8a548488e6d85d9b0e13242,39f727108189464dadaec4bf8d88ce6e,movable_object.barrier,v80-100,True,all corners behind or at the camera plane,0.0,0.0,0.0,0.0,0.0,0.0,0.0,0.0,False,0.0,34,0
clip_sample_003,7,85b9d897bc9d4d7094696a5a356b29f0,b7f64f73e8a548488e6d85d9b0e13242,3a4f8b672b5d47f594785b4ef502f005,movable_object.barrier,v80-100,False,,761.09,495.69,770.8,518.39,761.09,495.69,770.8,518.39,False,64.309,0,0
clip_sample_003,7,85b9d897bc9d4d7094696a5a356b29f0,b7f64f73e8a548488e6d85d9b0e13242,451f91f4b7b548f890ef4ba5c2685e8b,movable_object.barrier,v80-100,True,all corners behind or at the camera plane,0.0,0.0,0.0,0.0,0.0,0.0,0.0,0.0,False,0.0,7,0
clip_sample_003,7,85b9d897bc9d4d7094696a5a356b29f0,b7f64f73e8a548488e6d85d9b0e13242,4604a50b23154c4b88b1e8e2e724b2bf,movable_object.barrier,v80-100,True,all corners behind or at the camera plane,0.0,0.0,0.0,0.0,0.0,0.0,0.0,0.0,False,0.0,25,0
clip_sample_003,7,85b9d897bc9d4d7094696a5a356b29f0,b7f64f73e8a548488e6d85d9b0e13242,4c6a549e64dc4a0c9c1b75b2d615ae51,movable_object.barrier,v80-100,True,all corners behind or at the camera plane,0.0,0.0,0.0,0.0,0.0,0.0,0.0,0.0,False,0.0,24,0
clip_sample_003,7,85b9d897bc9d4d7094696a5a356b29f0,b7f64f73e8a548488e6d85d9b0e13242,4f41f55039c34783b0f63a3ebc196434,human.pedestrian.adult,v0-40,False,,89.12,487.71,110.97,534.52,89.12,487.71,110.97,534.52,False,45.885,0,0
clip_sample_003,7,85b9d897bc9d4d7094696a5a356b29f0,b7f64f73e8a548488e6d85d9b0e13242,6a0d7a293cc34a84b9857a4fa38cd4a3,vehicle.car,v80-100,False,,177.11,478.99,587.76,608.41,177.11,478.99,587.76,608.41,False,16.571,93,4
clip_sample_003,7,85b9d897bc9d4d7094696a5a356b29f0,b7f64f73e8a548488e6d85d9b0e13242,6ae762f1bc254d00bfb5ae9d66ffe376,vehicle.car,v80-100,True,all corners behind or at the camera plane,0.0,0.0,0.0,0.0,0.0,0.0,0.0,0.0,False,0.0,484,6
clip_sample_003,7,85b9d897bc9d4d7094696a5a356b29f0,b7f64f73e8a548488e6d85d9b0e13242,6b9c9912fecb4847b93e81eb10da83a2,movable_object.barrier,v80-100,True,all corners behind or at the camera plane,0.0,0.0,0.0,0.0,0.0,0.0,0.0,0.0,False,0.0,21,0
clip_sample_003,7,85b9d897bc9d4d7094696a5a356b29f0,b7f64f73e8a548488e6d85d9b0e13242,73b29b41f1c34b7987da26755270451b,movable_object.barrier,v80-100,True,all corners behind or at the camera plane,0.0,0.0,0.0,0.0,0.0,0.0,0.0,0.0,False,0.0,52,0
clip_sample_003,7,85b9d897bc9d4d7094696a5a356b29f0,b7f64f73e8a548488e6d85d9b0e13242,75bbb97a65904d61b345fd500f3c6e2f,vehicle.trailer,v80-100,True,all corners behind or at the camera plane,0.0,0.0,0.0,0.0,0.0,0.0,0.0,0.0,False,0.0,335,7
clip_sample_003,7,85b9d897bc9d4d7094696a5a356b29f0,b7f64f73e8a548488e6d85d9b0e13242,7a8b24608009457b963da57aa18beb58,vehicle.car,v0-40,False,,218.33,487.88,461.99,554.66,218.33,487.88,461.99,554.66,False,28.403,3,0
clip_sample_003,7,85b9d897bc9d4d7094696a5a356b29f0,b7f64f73e8a548488e6d85d9b0e13242,7c6e078abfa74db5a5439711383a8f5b,vehicle.car,v0-40,True,projected box falls entirely outside the image,0.0,0.0,0.0,0.0,0.0,0.0,0.0,0.0,False,0.0,2,0
clip_sample_003,7,85b9d897bc9d4d7094696a5a356b29f0,b7f64f73e8a548488e6d85d9b0e13242,7e799fdef2e94598b5e29af80a587359,vehicle.bus.rigid,v80-100,True,projected box falls entirely outside the image,0.0,0.0,0.0,0.0,0.0,0.0,0.0,0.0,False,0.0,43,4
clip_sample_003,7,85b9d897bc9d4d7094696a5a356b29f0,b7f64f73e8a548488e6d85d9b0e13242,888521a8b57f46258e81a89bf062278b,vehicle.car,v0-40,False,,569.5,485.67,596.01,508.81,569.5,485.67,596.01,508.81,False,110.027,0,3
clip_sample_003,7,85b9d897bc9d4d7094696a5a356b29f0,b7f64f73e8a548488e6d85d9b0e13242,94e0b9b077774f18a74f53c5305a368d,human.pedestrian.adult,v60-80,False,,820.28,492.3,839.81,526.12,820.28,492.3,839.81,526.12,False,49.449,0,1
clip_sample_003,7,85b9d897bc9d4d7094696a5a356b29f0,b7f64f73e8a548488e6d85d9b0e13242,9c81acda9a6d4d15bd4e4a315a669d71,vehicle.car,v80-100,True,projected box falls entirely outside the image,0.0,0.0,0.0,0.0,0.0,0.0,0.0,0.0,False,0.0,5,0
clip_sample_003,7,85b9d897bc9d4d7094696a5a356b29f0,b7f64f73e8a548488e6d85d9b0e13242,9e94bea2db384cf1ba7264e02920b1d8,vehicle.car,v80-100,True,all corners behind or at the camera plane,0.0,0.0,0.0,0.0,0.0,0.0,0.0,0.0,False,0.0,0,0
clip_sample_003,7,85b9d897bc9d4d7094696a5a356b29f0,b7f64f73e8a548488e6d85d9b0e13242,afd097377c71479ea8349eeae83b8143,human.pedestrian.adult,v0-40,True,projected box falls entirely outside the image,0.0,0.0,0.0,0.0,0.0,0.0,0.0,0.0,False,0.0,5,0
clip_sample_003,7,85b9d897bc9d4d7094696a5a356b29f0,b7f64f73e8a548488e6d85d9b0e13242,b4db00c7834047799104363c10eca351,movable_object.barrier,v80-100,False,,767.82,497.49,790.42,522.52,767.82,497.49,790.42,522.52,False,49.643,0,0
clip_sample_003,7,85b9d897bc9d4d7094696a5a356b29f0,b7f64f73e8a548488e6d85d9b0e13242,b61b72a5b5ad482e9bc94c203f75b8d4,human.pedestrian.adult,v80-100,True,projected box falls entirely outside the image,0.0,0.0,0.0,0.0,0.0,0.0,0.0,0.0,False,0.0,14,0
clip_sample_003,7,85b9d897bc9d4d7094696a5a356b29f0,b7f64f73e8a548488e6d85d9b0e13242,c7d9c788b68c4e2fae96140ccfa8e1c8,movable_object.barrier,v80-100,True,all corners behind or at the camera plane,0.0,0.0,0.0,0.0,0.0,0.0,0.0,0.0,False,0.0,38,0
clip_sample_003,7,85b9d897bc9d4d7094696a5a356b29f0,b7f64f73e8a548488e6d85d9b0e13242,c99728ce46204cd38f19f1aa6c60b162,movable_object.barrier,v80-100,True,all corners behind or at the camera plane,0.0,0.0,0.0,0.0,0.0,0.0,0.0,0.0,False,0.0,27,0
clip_sample_003,7,85b9d897bc9d4d7094696a5a356b29f0,b7f64f73e8a548488e6d85d9b0e13242,ccf1034122fb42f99f0fb333310040ef,movable_object.barrier,v60-80,False,,760.37,495.57,770.26,516.77,760.37,495.57,770.26,516.77,False,67.264,0,0
clip_sample_003,7,85b9d897bc9d4d7094696a5a356b29f0,b7f64f73e8a548488e6d85d9b0e13242,d02ce7e39f534cb8b67ef101e32dbba7,vehicle.car,v60-80,True,projected box falls entirely outside the image,0.0,0.0,0.0,0.0,0.0,0.0,0.0,0.0,False,0.0,7,0
clip_sample_003,7,85b9d897bc9d4d7094696a5a356b29f0,b7f64f73e8a548488e6d85d9b0e13242,d5f34ea24e844aa284d3ebc1b057a918,movable_object.barrier,v80-100,False,,761.18,496.68,771.65,522.17,761.18,496.68,771.65,522.17,False,61.37,0,0
clip_sample_003,7,85b9d897bc9d4d7094696a5a356b29f0,b7f64f73e8a548488e6d85d9b0e13242,d9a4df9e92804a44a039eb21e0dc1349,vehicle.car,v80-100,False,,594.31,481.15,618.76,499.08,594.31,481.15,618.76,499.08,False,125.163,0,0
clip_sample_003,7,85b9d897bc9d4d7094696a5a356b29f0,b7f64f73e8a548488e6d85d9b0e13242,de98ed230109473dae7d8d84af61208e,movable_object.barrier,v80-100,True,all corners behind or at the camera plane,0.0,0.0,0.0,0.0,0.0,0.0,0.0,0.0,False,0.0,2,3
clip_sample_003,7,85b9d897bc9d4d7094696a5a356b29f0,b7f64f73e8a548488e6d85d9b0e13242,e2afd7eaa5c04cff9e59ca025e14249c,vehicle.bicycle,v80-100,True,projected box falls entirely outside the image,0.0,0.0,0.0,0.0,0.0,0.0,0.0,0.0,False,0.0,12,0
clip_sample_003,7,85b9d897bc9d4d7094696a5a356b29f0,b7f64f73e8a548488e6d85d9b0e13242,e8ee78065abc41ac9dcae839a29eac0b,vehicle.truck,v80-100,False,,0.0,464.4,180.18,613.62,-294.51,463.62,180.18,613.62,True,20.662,72,9
clip_sample_003,7,85b9d897bc9d4d7094696a5a356b29f0,b7f64f73e8a548488e6d85d9b0e13242,eba0e66da99b4127bcbc5f75e8dd8a1a,movable_object.barrier,v80-100,False,,762.59,496.46,778.79,519.8,762.59,496.46,778.79,519.8,False,52.592,0,0
clip_sample_003,7,85b9d897bc9d4d7094696a5a356b29f0,b7f64f73e8a548488e6d85d9b0e13242,ecf7d2d3b0984505a33fc612ac350e6b,movable_object.pushable_pullable,v80-100,True,projected box falls entirely outside the image,0.0,0.0,0.0,0.0,0.0,0.0,0.0,0.0,False,0.0,5,0
clip_sample_003,7,85b9d897bc9d4d7094696a5a356b29f0,b7f64f73e8a548488e6d85d9b0e13242,f53b4aa3d74e473c90afb956e618e3ce,human.pedestrian.adult,v0-40,False,,243.97,485.08,262.88,523.04,243.97,485.08,262.88,523.04,False,65.999,1,0
clip_sample_003,7,85b9d897bc9d4d7094696a5a356b29f0,b7f64f73e8a548488e6d85d9b0e13242,fb0b1fa4a33a43ea9cc802ba14a40586,vehicle.car,v0-40,True,projected box falls entirely outside the image,0.0,0.0,0.0,0.0,0.0,0.0,0.0,0.0,False,0.0,0,0
clip_sample_003,7,85b9d897bc9d4d7094696a5a356b29f0,b7f64f73e8a548488e6d85d9b0e13242,ff07eea720434dc0ba0ccdef45cb318c,vehicle.car,v80-100,True,projected box falls entirely outside the image,0.0,0.0,0.0,0.0,0.0,0.0,0.0,0.0,False,0.0,2608,0
clip_sample_003,13,435543e1321b411ea5c930633e0883d9,6dabc0fb1df045558f802246dd186b3f,01a9922c1b7d457cb37880b8de3b7093,movable_object.barrier,v80-100,True,all corners behind or at the camera plane,0.0,0.0,0.0,0.0,0.0,0.0,0.0,0.0,False,0.0,23,0
clip_sample_003,13,435543e1321b411ea5c930633e0883d9,6dabc0fb1df045558f802246dd186b3f,078a2d6a465b4200a2aab9ff75558fad,vehicle.car,v80-100,True,projected box falls entirely outside the image,0.0,0.0,0.0,0.0,0.0,0.0,0.0,0.0,False,0.0,1,0
clip_sample_003,13,435543e1321b411ea5c930633e0883d9,6dabc0fb1df045558f802246dd186b3f,07bf3d834d04482e8f90e3756358250e,movable_object.barrier,v80-100,True,all corners behind or at the camera plane,0.0,0.0,0.0,0.0,0.0,0.0,0.0,0.0,False,0.0,7,0
clip_sample_003,13,435543e1321b411ea5c930633e0883d9,6dabc0fb1df045558f802246dd186b3f,18cdcf0d2340409b95140ea38a70fd2e,human.pedestrian.adult,v80-100,True,projected box falls entirely outside the image,0.0,0.0,0.0,0.0,0.0,0.0,0.0,0.0,False,0.0,9,0
clip_sample_003,13,435543e1321b411ea5c930633e0883d9,6dabc0fb1df045558f802246dd186b3f,19804c352c0a4767b61b8d0709d1db99,human.pedestrian.adult,v80-100,True,projected box falls entirely outside the image,0.0,0.0,0.0,0.0,0.0,0.0,0.0,0.0,False,0.0,9,0
clip_sample_003,13,435543e1321b411ea5c930633e0883d9,6dabc0fb1df045558f802246dd186b3f,21d4060224a946e5b66fd00749282e82,human.pedestrian.adult,v80-100,True,projected box falls entirely outside the image,0.0,0.0,0.0,0.0,0.0,0.0,0.0,0.0,False,0.0,18,0
clip_sample_003,13,435543e1321b411ea5c930633e0883d9,6dabc0fb1df045558f802246dd186b3f,2397a588f42e4195bf7fb0148aa7a3d6,human.pedestrian.adult,v0-40,True,projected box falls entirely outside the image,0.0,0.0,0.0,0.0,0.0,0.0,0.0,0.0,False,0.0,0,0
clip_sample_003,13,435543e1321b411ea5c930633e0883d9,6dabc0fb1df045558f802246dd186b3f,254ca291f1ee4223a0b1e392d4885fd2,vehicle.truck,v80-100,True,all corners behind or at the camera plane,0.0,0.0,0.0,0.0,0.0,0.0,0.0,0.0,False,0.0,1394,0
clip_sample_003,13,435543e1321b411ea5c930633e0883d9,6dabc0fb1df045558f802246dd186b3f,2d7491faabc447769e1f2003f23c50e9,vehicle.car,v0-40,True,all corners behind or at the camera plane,0.0,0.0,0.0,0.0,0.0,0.0,0.0,0.0,False,0.0,0,3
clip_sample_003,13,435543e1321b411ea5c930633e0883d9,6dabc0fb1df045558f802246dd186b3f,2e19253f3bac458191cf64ff2b22ba2b,vehicle.bus.rigid,v0-40,True,projected box falls entirely outside the image,0.0,0.0,0.0,0.0,0.0,0.0,0.0,0.0,False,0.0,6,2
clip_sample_003,13,435543e1321b411ea5c930633e0883d9,6dabc0fb1df045558f802246dd186b3f,2fb9e666a5d04e3f9888dad909324f75,vehicle.car,v0-40,True,all corners behind or at the camera plane,0.0,0.0,0.0,0.0,0.0,0.0,0.0,0.0,False,0.0,0,1
clip_sample_003,13,435543e1321b411ea5c930633e0883d9,6dabc0fb1df045558f802246dd186b3f,340ccb3c0dcb492eaa032f0e4e3017bb,human.pedestrian.adult,v80-100,True,projected box falls entirely outside the image,0.0,0.0,0.0,0.0,0.0,0.0,0.0,0.0,False,0.0,8,1
clip_sample_003,13,435543e1321b411ea5c930633e0883d9,6dabc0fb1df045558f802246dd186b3f,3993afe444aa4497b1fec37c89fcc369,human.pedestrian.adult,v0-40,False,,760.52,483.44,770.74,510.09,760.52,483.44,770.74,510.09,False,86.067,0,0
clip_sample_003,13,435543e1321b411ea5c930633e0883d9,6dabc0fb1df045558f802246dd186b3f,39f727108189464dadaec4bf8d88ce6e,movable_object.barrier,v80-100,True,all corners behind or at the camera plane,0.0,0.0,0.0,0.0,0.0,0.0,0.0,0.0,False,0.0,35,0
clip_sample_003,13,435543e1321b411ea5c930633e0883d9,6dabc0fb1df045558f802246dd186b3f,3a4f8b672b5d47f594785b4ef502f005,movable_object.barrier,v80-100,False,,761.18,495.63,770.89,518.33,761.18,495.63,770.89,518.33,False,64.309,0,0
clip_sample_003,13,435543e1321b411ea5c930633e0883d9,6dabc0fb1df045558f802246dd186b3f,451f91f4b7b548f890ef4ba5c2685e8b,movable_object.barrier,v80-100,True,all corners behind or at the camera plane,0.0,0.0,0.0,0.0,0.0,0.0,0.0,0.0,False,0.0,7,0
clip_sample_003,13,435543e1321b411ea5c930633e0883d9,6dabc0fb1df045558f802246dd186b3f,4604a50b23154c4b88b1e8e2e724b2bf,movable_object.barrier,v80-100,True,all corners behind or at the camera plane,0.0,0.0,0.0,0.0,0.0,0.0,0.0,0.0,False,0.0,27,0
clip_sample_003,13,435543e1321b411ea5c930633e0883d9,6dabc0fb1df045558f802246dd186b3f,4c6a549e64dc4a0c9c1b75b2d615ae51,movable_object.barrier,v80-100,True,all corners behind or at the camera plane,0.0,0.0,0.0,0.0,0.0,0.0,0.0,0.0,False,0.0,24,0
clip_sample_003,13,435543e1321b411ea5c930633e0883d9,6dabc0fb1df045558f802246dd186b3f,4f41f55039c34783b0f63a3ebc196434,human.pedestrian.adult,v0-40,False,,99.93,487.82,121.32,533.86,99.93,487.82,121.32,533.86,False,46.65,0,0
clip_sample_003,13,435543e1321b411ea5c930633e0883d9,6dabc0fb1df045558f802246dd186b3f,6a0d7a293cc34a84b9857a4fa38cd4a3,vehicle.car,v80-100,False,,537.38,460.05,920.72,590.98,537.38,460.05,920.72,590.98,False,16.323,125,10
clip_sample_003,13,435543e1321b411ea5c930633e0883d9,6dabc0fb1df045558f802246dd186b3f,6ae762f1bc254d00bfb5ae9d66ffe376,vehicle.car,v80-100,True,all corners behind or at the camera plane,0.0,0.0,0.0,0.0,0.0,0.0,0.0,0.0,False,0.0,485,5
clip_sample_003,13,435543e1321b411ea5c930633e0883d9,6dabc0fb1df045558f802246dd186b3f,6b9c9912fecb4847b93e81eb10da83a2,movable_object.barrier,v80-100,True,all corners behind or at the camera plane,0.0,0.0,0.0,0.0,0.0,0.0,0.0,0.0,False,0.0,21,1
clip_sample_003,13,435543e1321b411ea5c930633e0883d9,6dabc0fb1df045558f802246dd186b3f,73b29b41f1c34b7987da26755270451b,movable_object.barrier,v80-100,True,all corners behind or at the camera plane,0.0,0.0,0.0,0.0,0.0,0.0,0.0,0.0,False,0.0,50,0
clip_sample_003,13,435543e1321b411ea5c930633e0883d9,6dabc0fb1df045558f802246dd186b3f,75bbb97a65904d61b345fd500f3c6e2f,vehicle.trailer,v80-100,True,all corners behind or at the camera plane,0.0,0.0,0.0,0.0,0.0,0.0,0.0,0.0,False,0.0,333,7
clip_sample_003,13,435543e1321b411ea5c930633e0883d9,6dabc0fb1df045558f802246dd186b3f,7a8b24608009457b963da57aa18beb58,vehicle.car,v80-100,False,,375.86,481.14,573.07,542.59,375.86,481.14,573.07,542.59,False,30.852,18,5
clip_sample_003,13,435543e1321b411ea5c930633e0883d9,6dabc0fb1df045558f802246dd186b3f,7c6e078abfa74db5a5439711383a8f5b,vehicle.car,v80-100,True,projected box falls entirely outside the image,0.0,0.0,0.0,0.0,0.0,0.0,0.0,0.0,False,0.0,2,0
clip_sample_003,13,435543e1321b411ea5c930633e0883d9,6dabc0fb1df045558f802246dd186b3f,7e799fdef2e94598b5e29af80a587359,vehicle.bus.rigid,v80-100,True,projected box falls entirely outside the image,0.0,0.0,0.0,0.0,0.0,0.0,0.0,0.0,False,0.0,97,7
clip_sample_003,13,435543e1321b411ea5c930633e0883d9,6dabc0fb1df045558f802246dd186b3f,888521a8b57f46258e81a89bf062278b,vehicle.car,v0-40,False,,566.8,487.07,594.84,511.48,566.8,487.07,594.84,511.48,False,104.374,0,1
clip_sample_003,13,435543e1321b411ea5c930633e0883d9,6dabc0fb1df045558f802246dd186b3f,94e0b9b077774f18a74f53c5305a368d,human.pedestrian.adult,v60-80,False,,820.28,492.26,839.81,526.08,820.28,492.26,839.81,526.08,False,49.448,0,0
clip_sample_003,13,435543e1321b411ea5c930633e0883d9,6dabc0fb1df045558f802246dd186b3f,9c81acda9a6d4d15bd4e4a315a669d71,vehicle.car,v80-100,True,projected box falls entirely outside the image,0.0,0.0,0.0,0.0,0.0,0.0,0.0,0.0,False,0.0,5,0
clip_sample_003,13,435543e1321b411ea5c930633e0883d9,6dabc0fb1df045558f802246dd186b3f,9e94bea2db384cf1ba7264e02920b1d8,vehicle.car,v80-100,True,all corners behind or at the camera plane,0.0,0.0,0.0,0.0,0.0,0.0,0.0,0.0,False,0.0,0,0
clip_sample_003,13,435543e1321b411ea5c930633e0883d9,6dabc0fb1df045558f802246dd186b3f,afd097377c71479ea8349eeae83b8143,human.pedestrian.adult,v0-40,True,projected box falls entirely outside the image,0.0,0.0,0.0,0.0,0.0,0.0,0.0,0.0,False,0.0,5,0
clip_sample_003,13,435543e1321b411ea5c930633e0883d9,6dabc0fb1df045558f802246dd186b3f,b4db00c7834047799104363c10eca351,movable_object.barrier,v80-100,False,,767.9,497.42,790.49,522.45,767.9,497.42,790.49,522.45,False,49.644,0,0
clip_sample_003,13,435543e1321b411ea5c930633e0883d9,6dabc0fb1df045558f802246dd186b3f,b61b72a5b5ad482e9bc94c203f75b8d4,human.pedestrian.adult,v80-100,True,projected box falls entirely outside the image,0.0,0.0,0.0,0.0,0.0,0.0,0.0,0.0,False,0.0,15,0
clip_sample_003,13,435543e1321b411ea5c930633e0883d9,6dabc0fb1df045558f802246dd186b3f,bdb82f4d50ce47e6b3925471c049355e,vehicle.car,v80-100,True,projected box falls entirely outside the image,0.0,0.0,0.0,0.0,0.0,0.0,0.0,0.0,False,0.0,0,1
clip_sample_003,13,435543e1321b411ea5c930633e0883d9,6dabc0fb1df045558f802246dd186b3f,c7d9c788b68c4e2fae96140ccfa8e1c8,movable_object.barrier,v80-100,True,all corners behind or at the camera plane,0.0,0.0,0.0,0.0,0.0,0.0,0.0,0.0,False,0.0,36,0
clip_sample_003,13,435543e1321b411ea5c930633e0883d9,6dabc0fb1df045558f802246dd186b3f,c99728ce46204cd38f19f1aa6c60b162,movable_object.barrier,v80-100,True,all corners behind or at the camera plane,0.0,0.0,0.0,0.0,0.0,0.0,0.0,0.0,False,0.0,25,0
clip_sample_003,13,435543e1321b411ea5c930633e0883d9,6dabc0fb1df045558f802246dd186b3f,ccf1034122fb42f99f0fb333310040ef,movable_object.barrier,v60-80,False,,760.46,495.53,770.35,516.73,760.46,495.53,770.35,516.73,False,67.264,0,0
clip_sample_003,13,435543e1321b411ea5c930633e0883d9,6dabc0fb1df045558f802246dd186b3f,d02ce7e39f534cb8b67ef101e32dbba7,vehicle.car,v60-80,True,projected box falls entirely outside the image,0.0,0.0,0.0,0.0,0.0,0.0,0.0,0.0,False,0.0,8,0
clip_sample_003,13,435543e1321b411ea5c930633e0883d9,6dabc0fb1df045558f802246dd186b3f,d5f34ea24e844aa284d3ebc1b057a918,movable_object.barrier,v80-100,False,,761.27,496.64,771.74,522.13,761.27,496.64,771.74,522.13,False,61.371,0,0
clip_sample_003,13,435543e1321b411ea5c930633e0883d9,6dabc0fb1df045558f802246dd186b3f,d9a4df9e92804a44a039eb21e0dc1349,vehicle.car,v0-40,False,,588.92,481.47,614.29,500.02,588.92,481.47,614.29,500.02,False,121.047,0,0
clip_sample_003,13,435543e1321b411ea5c930633e0883d9,6dabc0fb1df045558f802246dd186b3f,de98ed230109473dae7d8d84af61208e,movable_object.barrier,v80-100,True,all corners behind or at the camera plane,0.0,0.0,0.0,0.0,0.0,0.0,0.0,0.0,False,0.0,1,1
clip_sample_003,13,435543e1321b411ea5c930633e0883d9,6dabc0fb1df045558f802246dd186b3f,e2afd7eaa5c04cff9e59ca025e14249c,vehicle.bicycle,v80-100,True,projected box falls entirely outside the image,0.0,0.0,0.0,0.0,0.0,0.0,0.0,0.0,False,0.0,9,0
clip_sample_003,13,435543e1321b411ea5c930633e0883d9,6dabc0fb1df045558f802246dd186b3f,e8ee78065abc41ac9dcae839a29eac0b,vehicle.truck,v80-100,False,,0.0,448.49,402.22,601.58,-54.28,448.4,402.22,601.58,True,20.226,124,6
clip_sample_003,13,435543e1321b411ea5c930633e0883d9,6dabc0fb1df045558f802246dd186b3f,eba0e66da99b4127bcbc5f75e8dd8a1a,movable_object.barrier,v80-100,False,,762.68,496.4,778.88,519.74,762.68,496.4,778.88,519.74,False,52.592,0,0
clip_sample_003,13,435543e1321b411ea5c930633e0883d9,6dabc0fb1df045558f802246dd186b3f,ecf7d2d3b0984505a33fc612ac350e6b,movable_object.pushable_pullable,v80-100,True,projected box falls entirely outside the image,0.0,0.0,0.0,0.0,0.0,0.0,0.0,0.0,False,0.0,9,0
clip_sample_003,13,435543e1321b411ea5c930633e0883d9,6dabc0fb1df045558f802246dd186b3f,f442a98a9a354484aef5240bb21e7691,vehicle.car,v80-100,True,projected box falls entirely outside the image,0.0,0.0,0.0,0.0,0.0,0.0,0.0,0.0,False,0.0,1,0
clip_sample_003,13,435543e1321b411ea5c930633e0883d9,6dabc0fb1df045558f802246dd186b3f,f53b4aa3d74e473c90afb956e618e3ce,human.pedestrian.adult,v0-40,False,,239.99,485.46,259.14,523.81,239.99,485.46,259.14,523.81,False,65.318,0,0
clip_sample_003,13,435543e1321b411ea5c930633e0883d9,6dabc0fb1df045558f802246dd186b3f,fb0b1fa4a33a43ea9cc802ba14a40586,vehicle.car,v0-40,True,projected box falls entirely outside the image,0.0,0.0,0.0,0.0,0.0,0.0,0.0,0.0,False,0.0,0,0
clip_sample_003,13,435543e1321b411ea5c930633e0883d9,6dabc0fb1df045558f802246dd186b3f,ff07eea720434dc0ba0ccdef45cb318c,vehicle.car,v80-100,True,projected box falls entirely outside the image,0.0,0.0,0.0,0.0,0.0,0.0,0.0,0.0,False,0.0,2605,0
clip_sample_003,19,cf3f00e98842449696a4cb4edb1e1c5e,82597244941b4e79aa3e1e9cc6386f8b,01a9922c1b7d457cb37880b8de3b7093,movable_object.barrier,v80-100,True,all corners behind or at the camera plane,0.0,0.0,0.0,0.0,0.0,0.0,0.0,0.0,False,0.0,20,0
clip_sample_003,19,cf3f00e98842449696a4cb4edb1e1c5e,82597244941b4e79aa3e1e9cc6386f8b,078a2d6a465b4200a2aab9ff75558fad,vehicle.car,v80-100,True,projected box falls entirely outside the image,0.0,0.0,0.0,0.0,0.0,0.0,0.0,0.0,False,0.0,1,0
clip_sample_003,19,cf3f00e98842449696a4cb4edb1e1c5e,82597244941b4e79aa3e1e9cc6386f8b,07bf3d834d04482e8f90e3756358250e,movable_object.barrier,v80-100,True,all corners behind or at the camera plane,0.0,0.0,0.0,0.0,0.0,0.0,0.0,0.0,False,0.0,7,0
clip_sample_003,19,cf3f00e98842449696a4cb4edb1e1c5e,82597244941b4e79aa3e1e9cc6386f8b,18cdcf0d2340409b95140ea38a70fd2e,human.pedestrian.adult,v80-100,True,projected box falls entirely outside the image,0.0,0.0,0.0,0.0,0.0,0.0,0.0,0.0,False,0.0,10,0
clip_sample_003,19,cf3f00e98842449696a4cb4edb1e1c5e,82597244941b4e79aa3e1e9cc6386f8b,19804c352c0a4767b61b8d0709d1db99,human.pedestrian.adult,v80-100,True,projected box falls entirely outside the image,0.0,0.0,0.0,0.0,0.0,0.0,0.0,0.0,False,0.0,8,0
clip_sample_003,19,cf3f00e98842449696a4cb4edb1e1c5e,82597244941b4e79aa3e1e9cc6386f8b,21d4060224a946e5b66fd00749282e82,human.pedestrian.adult,v80-100,True,projected box falls entirely outside the image,0.0,0.0,0.0,0.0,0.0,0.0,0.0,0.0,False,0.0,15,0
clip_sample_003,19,cf3f00e98842449696a4cb4edb1e1c5e,82597244941b4e79aa3e1e9cc6386f8b,2397a588f42e4195bf7fb0148aa7a3d6,human.pedestrian.adult,v0-40,True,projected box falls entirely outside the image,0.0,0.0,0.0,0.0,0.0,0.0,0.0,0.0,False,0.0,0,0
clip_sample_003,19,cf3f00e98842449696a4cb4edb1e1c5e,82597244941b4e79aa3e1e9cc6386f8b,254ca291f1ee4223a0b1e392d4885fd2,vehicle.truck,v80-100,True,all corners behind or at the camera plane,0.0,0.0,0.0,0.0,0.0,0.0,0.0,0.0,False,0.0,1384,1
clip_sample_003,19,cf3f00e98842449696a4cb4edb1e1c5e,82597244941b4e79aa3e1e9cc6386f8b,2d7491faabc447769e1f2003f23c50e9,vehicle.car,v0-40,True,all corners behind or at the camera plane,0.0,0.0,0.0,0.0,0.0,0.0,0.0,0.0,False,0.0,0,3
clip_sample_003,19,cf3f00e98842449696a4cb4edb1e1c5e,82597244941b4e79aa3e1e9cc6386f8b,2e19253f3bac458191cf64ff2b22ba2b,vehicle.bus.rigid,v0-40,True,projected box falls entirely outside the image,0.0,0.0,0.0,0.0,0.0,0.0,0.0,0.0,False,0.0,13,3
clip_sample_003,19,cf3f00e98842449696a4cb4edb1e1c5e,82597244941b4e79aa3e1e9cc6386f8b,2fb9e666a5d04e3f9888dad909324f75,vehicle.car,v0-40,True,all corners behind or at the camera plane,0.0,0.0,0.0,0.0,0.0,0.0,0.0,0.0,False,0.0,0,1
clip_sample_003,19,cf3f00e98842449696a4cb4edb1e1c5e,82597244941b4e79aa3e1e9cc6386f8b,340ccb3c0dcb492eaa032f0e4e3017bb,human.pedestrian.adult,v80-100,True,projected box falls entirely outside the image,0.0,0.0,0.0,0.0,0.0,0.0,0.0,0.0,False,0.0,6,0
clip_sample_003,19,cf3f00e98842449696a4cb4edb1e1c5e,82597244941b4e79aa3e1e9cc6386f8b,3993afe444aa4497b1fec37c89fcc369,human.pedestrian.adult,v40-60,False,,760.91,483.22,771.23,510.11,760.91,483.22,771.23,510.11,False,85.313,0,0
clip_sample_003,19,cf3f00e98842449696a4cb4edb1e1c5e,82597244941b4e79aa3e1e9cc6386f8b,39f727108189464dadaec4bf8d88ce6e,movable_object.barrier,v80-100,True,all corners behind or at the camera plane,0.0,0.0,0.0,0.0,0.0,0.0,0.0,0.0,False,0.0,35,0
clip_sample_003,19,cf3f00e98842449696a4cb4edb1e1c5e,82597244941b4e79aa3e1e9cc6386f8b,3a4f8b672b5d47f594785b4ef502f005,movable_object.barrier,v80-100,False,,761.18,495.45,770.89,518.15,761.18,495.45,770.89,518.15,False,64.309,0,0
clip_sample_003,19,cf3f00e98842449696a4cb4edb1e1c5e,82597244941b4e79aa3e1e9cc6386f8b,451f91f4b7b548f890ef4ba5c2685e8b,movable_object.barrier,v80-100,True,all corners behind or at the camera plane,0.0,0.0,0.0,0.0,0.0,0.0,0.0,0.0,False,0.0,7,0
clip_sample_003,19,cf3f00e98842449696a4cb4edb1e1c5e,82597244941b4e79aa3e1e9cc6386f8b,4604a50b23154c4b88b1e8e2e724b2bf,movable_object.barrier,v80-100,True,all corners behind or at the camera plane,0.0,0.0,0.0,0.0,0.0,0.0,0.0,0.0,False,0.0,25,0
clip_sample_003,19,cf3f00e98842449696a4cb4edb1e1c5e,82597244941b4e79aa3e1e9cc6386f8b,4c6a549e64dc4a0c9c1b75b2d615ae51,movable_object.barrier,v80-100,True,all corners behind or at the camera plane,0.0,0.0,0.0,0.0,0.0,0.0,0.0,0.0,False,0.0,24,0
clip_sample_003,19,cf3f00e98842449696a4cb4edb1e1c5e,82597244941b4e79aa3e1e9cc6386f8b,4f41f55039c34783b0f63a3ebc196434,human.pedestrian.adult,v0-40,False,,110.28,487.76,131.21,533.06,110.28,487.76,131.21,533.06,False,47.414,0,0
clip_sample_003,19,cf3f00e98842449696a4cb4edb1e1c5e,82597244941b4e79aa3e1e9cc6386f8b,6a0d7a293cc34a84b9857a4fa38cd4a3,vehicle.car,v80-100,False,,936.18,444.34,1336.06,576.35,936.18,444.34,1336.06,576.35,False,16.118,94,5
clip_sample_003,19,cf3f00e98842449696a4cb4edb1e1c5e,82597244941b4e79aa3e1e9cc6386f8b,6ae762f1bc254d00bfb5ae9d66ffe376,vehicle.car,v80-100,True,all corners behind or at the camera plane,0.0,0.0,0.0,0.0,0.0,0.0,0.0,0.0,False,0.0,482,6
clip_sample_003,19,cf3f00e98842449696a4cb4edb1e1c5e,82597244941b4e79aa3e1e9cc6386f8b,6b9c9912fecb4847b93e81eb10da83a2,movable_object.barrier,v80-100,True,all corners behind or at the camera plane,0.0,0.0,0.0,0.0,0.0,0.0,0.0,0.0,False,0.0,21,1
clip_sample_003,19,cf3f00e98842449696a4cb4edb1e1c5e,82597244941b4e79aa3e1e9cc6386f8b,73b29b41f1c34b7987da26755270451b,movable_object.barrier,v80-100,True,all corners behind or at the camera plane,0.0,0.0,0.0,0.0,0.0,0.0,0.0,0.0,False,0.0,50,0
clip_sample_003,19,cf3f00e98842449696a4cb4edb1e1c5e,82597244941b4e79aa3e1e9cc6386f8b,75bbb97a65904d61b345fd500f3c6e2f,vehicle.trailer,v80-100,True,all corners behind or at the camera plane,0.0,0.0,0.0,0.0,0.0,0.0,0.0,0.0,False,0.0,335,7
clip_sample_003,19,cf3f00e98842449696a4cb4edb1e1c5e,82597244941b4e79aa3e1e9cc6386f8b,7a8b24608009457b963da57aa18beb58,vehicle.car,v0-40,False,,487.17,481.58,640.99,535.5,487.17,481.58,640.99,535.5,False,34.827,0,0
clip_sample_003,19,cf3f00e98842449696a4cb4edb1e1c5e,82597244941b4e79aa3e1e9cc6386f8b,7c6e078abfa74db5a5439711383a8f5b,vehicle.car,v80-100,True,projected box falls entirely outside the image,0.0,0.0,0.0,0.0,0.0,0.0,0.0,0.0,False,0.0,1,0
clip_sample_003,19,cf3f00e98842449696a4cb4edb1e1c5e,82597244941b4e79aa3e1e9cc6386f8b,7e799fdef2e94598b5e29af80a587359,vehicle.bus.rigid,v80-100,False,,0.0,393.77,201.2,623.08,-497.32,392.95,201.2,623.08,True,16.764,156,10
clip_sample_003,19,cf3f00e98842449696a4cb4edb1e1c5e,82597244941b4e79aa3e1e9cc6386f8b,888521a8b57f46258e81a89bf062278b,vehicle.car,v0-40,False,,563.99,485.31,593.5,510.94,563.99,485.31,593.5,510.94,False,99.56,0,0
clip_sample_003,19,cf3f00e98842449696a4cb4edb1e1c5e,82597244941b4e79aa3e1e9cc6386f8b,94e0b9b077774f18a74f53c5305a368d,human.pedestrian.adult,v60-80,False,,820.2,492.11,839.73,525.93,820.2,492.11,839.73,525.93,False,49.448,0,1
clip_sample_003,19,cf3f00e98842449696a4cb4edb1e1c5e,82597244941b4e79aa3e1e9cc6386f8b,9c81acda9a6d4d15bd4e4a315a669d71,vehicle.car,v80-100,True,projected box falls entirely outside the image,0.0,0.0,0.0,0.0,0.0,0.0,0.0,0.0,False,0.0,5,0
clip_sample_003,19,cf3f00e98842449696a4cb4edb1e1c5e,82597244941b4e79aa3e1e9cc6386f8b,9e94bea2db384cf1ba7264e02920b1d8,vehicle.car,v80-100,True,all corners behind or at the camera plane,0.0,0.0,0.0,0.0,0.0,0.0,0.0,0.0,False,0.0,0,0
clip_sample_003,19,cf3f00e98842449696a4cb4edb1e1c5e,82597244941b4e79aa3e1e9cc6386f8b,afd097377c71479ea8349eeae83b8143,human.pedestrian.adult,v0-40,True,projected box falls entirely outside the image,0.0,0.0,0.0,0.0,0.0,0.0,0.0,0.0,False,0.0,1,0
clip_sample_003,19,cf3f00e98842449696a4cb4edb1e1c5e,82597244941b4e79aa3e1e9cc6386f8b,b4db00c7834047799104363c10eca351,movable_object.barrier,v80-100,False,,767.88,497.24,790.47,522.27,767.88,497.24,790.47,522.27,False,49.645,0,0
clip_sample_003,19,cf3f00e98842449696a4cb4edb1e1c5e,82597244941b4e79aa3e1e9cc6386f8b,b61b72a5b5ad482e9bc94c203f75b8d4,human.pedestrian.adult,v80-100,True,projected box falls entirely outside the image,0.0,0.0,0.0,0.0,0.0,0.0,0.0,0.0,False,0.0,17,0
clip_sample_003,19,cf3f00e98842449696a4cb4edb1e1c5e,82597244941b4e79aa3e1e9cc6386f8b,bdb82f4d50ce47e6b3925471c049355e,vehicle.car,v0-40,True,projected box falls entirely outside the image,0.0,0.0,0.0,0.0,0.0,0.0,0.0,0.0,False,0.0,0,0
clip_sample_003,19,cf3f00e98842449696a4cb4edb1e1c5e,82597244941b4e79aa3e1e9cc6386f8b,c7d9c788b68c4e2fae96140ccfa8e1c8,movable_object.barrier,v80-100,True,all corners behind or at the camera plane,0.0,0.0,0.0,0.0,0.0,0.0,0.0,0.0,False,0.0,34,0
clip_sample_003,19,cf3f00e98842449696a4cb4edb1e1c5e,82597244941b4e79aa3e1e9cc6386f8b,c99728ce46204cd38f19f1aa6c60b162,movable_object.barrier,v80-100,True,all corners behind or at the camera plane,0.0,0.0,0.0,0.0,0.0,0.0,0.0,0.0,False,0.0,19,0
clip_sample_003,19,cf3f00e98842449696a4cb4edb1e1c5e,82597244941b4e79aa3e1e9cc6386f8b,ccf1034122fb42f99f0fb333310040ef,movable_object.barrier,v60-80,False,,760.45,495.37,770.34,516.57,760.45,495.37,770.34,516.57,False,67.264,0,0
clip_sample_003,19,cf3f00e98842449696a4cb4edb1e1c5e,82597244941b4e79aa3e1e9cc6386f8b,d02ce7e39f534cb8b67ef101e32dbba7,vehicle.car,v60-80,True,projected box falls entirely outside the image,0.0,0.0,0.0,0.0,0.0,0.0,0.0,0.0,False,0.0,8,0
clip_sample_003,19,cf3f00e98842449696a4cb4edb1e1c5e,82597244941b4e79aa3e1e9cc6386f8b,d5f34ea24e844aa284d3ebc1b057a918,movable_object.barrier,v80-100,False,,761.26,496.48,771.73,521.98,761.26,496.48,771.73,521.98,False,61.371,0,0
clip_sample_003,19,cf3f00e98842449696a4cb4edb1e1c5e,82597244941b4e79aa3e1e9cc6386f8b,d9a4df9e92804a44a039eb21e0dc1349,vehicle.car,v0-40,False,,583.05,481.69,609.42,500.91,583.05,481.69,609.42,500.91,False,116.93,0,0
clip_sample_003,19,cf3f00e98842449696a4cb4edb1e1c5e,82597244941b4e79aa3e1e9cc6386f8b,de98ed230109473dae7d8d84af61208e,movable_object.barrier,v80-100,True,all corners behind or at the camera plane,0.0,0.0,0.0,0.0,0.0,0.0,0.0,0.0,False,0.0,1,3
clip_sample_003,19,cf3f00e98842449696a4cb4edb1e1c5e,82597244941b4e79aa3e1e9cc6386f8b,e2afd7eaa5c04cff9e59ca025e14249c,vehicle.bicycle,v80-100,True,projected box falls entirely outside the image,0.0,0.0,0.0,0.0,0.0,0.0,0.0,0.0,False,0.0,9,0
clip_sample_003,19,cf3f00e98842449696a4cb4edb1e1c5e,82597244941b4e79aa3e1e9cc6386f8b,e8ee78065abc41ac9dcae839a29eac0b,vehicle.truck,v80-100,False,,226.14,439.28,651.23,592.74,226.14,439.28,651.23,592.74,False,20.172,148,7
clip_sample_003,19,cf3f00e98842449696a4cb4edb1e1c5e,82597244941b4e79aa3e1e9cc6386f8b,eba0e66da99b4127bcbc5f75e8dd8a1a,movable_object.barrier,v80-100,False,,762.68,496.2,778.87,519.53,762.68,496.2,778.87,519.53,False,52.592,0,1
clip_sample_003,19,cf3f00e98842449696a4cb4edb1e1c5e,82597244941b4e79aa3e1e9cc6386f8b,ecf7d2d3b0984505a33fc612ac350e6b,movable_object.pushable_pullable,v80-100,True,projected box falls entirely outside the image,0.0,0.0,0.0,0.0,0.0,0.0,0.0,0.0,False,0.0,7,0
clip_sample_003,19,cf3f00e98842449696a4cb4edb1e1c5e,82597244941b4e79aa3e1e9cc6386f8b,f442a98a9a354484aef5240bb21e7691,vehicle.car,v80-100,True,projected box falls entirely outside the image,0.0,0.0,0.0,0.0,0.0,0.0,0.0,0.0,False,0.0,1,0
clip_sample_003,19,cf3f00e98842449696a4cb4edb1e1c5e,82597244941b4e79aa3e1e9cc6386f8b,f53b4aa3d74e473c90afb956e618e3ce,human.pedestrian.adult,v80-100,False,,235.82,481.8,255.23,520.56,235.82,481.8,255.23,520.56,False,64.64,1,0
clip_sample_003,19,cf3f00e98842449696a4cb4edb1e1c5e,82597244941b4e79aa3e1e9cc6386f8b,fb0b1fa4a33a43ea9cc802ba14a40586,vehicle.car,v0-40,True,projected box falls entirely outside the image,0.0,0.0,0.0,0.0,0.0,0.0,0.0,0.0,False,0.0,3,0
clip_sample_003,19,cf3f00e98842449696a4cb4edb1e1c5e,82597244941b4e79aa3e1e9cc6386f8b,ff07eea720434dc0ba0ccdef45cb318c,vehicle.car,v80-100,True,projected box falls entirely outside the image,0.0,0.0,0.0,0.0,0.0,0.0,0.0,0.0,False,0.0,2603,0
clip_sample_003,25,c7f783fe8173446383bfbbb7a783517f,8bf071b1b92c4ff1bd5016bfb30de3f7,01a9922c1b7d457cb37880b8de3b7093,movable_object.barrier,v80-100,True,all corners behind or at the camera plane,0.0,0.0,0.0,0.0,0.0,0.0,0.0,0.0,False,0.0,19,0
clip_sample_003,25,c7f783fe8173446383bfbbb7a783517f,8bf071b1b92c4ff1bd5016bfb30de3f7,07bf3d834d04482e8f90e3756358250e,movable_object.barrier,v80-100,True,all corners behind or at the camera plane,0.0,0.0,0.0,0.0,0.0,0.0,0.0,0.0,False,0.0,7,0
clip_sample_003,25,c7f783fe8173446383bfbbb7a783517f,8bf071b1b92c4ff1bd5016bfb30de3f7,18cdcf0d2340409b95140ea38a70fd2e,human.pedestrian.adult,v80-100,True,projected box falls entirely outside the image,0.0,0.0,0.0,0.0,0.0,0.0,0.0,0.0,False,0.0,13,0
clip_sample_003,25,c7f783fe8173446383bfbbb7a783517f,8bf071b1b92c4ff1bd5016bfb30de3f7,19804c352c0a4767b61b8d0709d1db99,human.pedestrian.adult,v80-100,True,projected box falls entirely outside the image,0.0,0.0,0.0,0.0,0.0,0.0,0.0,0.0,False,0.0,6,0
clip_sample_003,25,c7f783fe8173446383bfbbb7a783517f,8bf071b1b92c4ff1bd5016bfb30de3f7,21d4060224a946e5b66fd00749282e82,human.pedestrian.adult,v80-100,True,projected box falls entirely outside the image,0.0,0.0,0.0,0.0,0.0,0.0,0.0,0.0,False,0.0,19,0
clip_sample_003,25,c7f783fe8173446383bfbbb7a783517f,8bf071b1b92c4ff1bd5016bfb30de3f7,2397a588f42e4195bf7fb0148aa7a3d6,human.pedestrian.adult,v0-40,True,projected box falls entirely outside the image,0.0,0.0,0.0,0.0,0.0,0.0,0.0,0.0,False,0.0,0,0
clip_sample_003,25,c7f783fe8173446383bfbbb7a783517f,8bf071b1b92c4ff1bd5016bfb30de3f7,254ca291f1ee4223a0b1e392d4885fd2,vehicle.truck,v80-100,True,all corners behind or at the camera plane,0.0,0.0,0.0,0.0,0.0,0.0,0.0,0.0,False,0.0,1389,1
clip_sample_003,25,c7f783fe8173446383bfbbb7a783517f,8bf071b1b92c4ff1bd5016bfb30de3f7,2d7491faabc447769e1f2003f23c50e9,vehicle.car,v0-40,True,all corners behind or at the camera plane,0.0,0.0,0.0,0.0,0.0,0.0,0.0,0.0,False,0.0,0,3
clip_sample_003,25,c7f783fe8173446383bfbbb7a783517f,8bf071b1b92c4ff1bd5016bfb30de3f7,2e19253f3bac458191cf64ff2b22ba2b,vehicle.bus.rigid,v80-100,False,,0.0,424.3,27.22,577.63,-604.67,414.23,27.22,585.72,True,25.059,61,4
clip_sample_003,25,c7f783fe8173446383bfbbb7a783517f,8bf071b1b92c4ff1bd5016bfb30de3f7,2fb9e666a5d04e3f9888dad909324f75,vehicle.car,v0-40,True,all corners behind or at the camera plane,0.0,0.0,0.0,0.0,0.0,0.0,0.0,0.0,False,0.0,0,1
clip_sample_003,25,c7f783fe8173446383bfbbb7a783517f,8bf071b1b92c4ff1bd5016bfb30de3f7,340ccb3c0dcb492eaa032f0e4e3017bb,human.pedestrian.adult,v80-100,True,projected box falls entirely outside the image,0.0,0.0,0.0,0.0,0.0,0.0,0.0,0.0,False,0.0,19,1
clip_sample_003,25,c7f783fe8173446383bfbbb7a783517f,8bf071b1b92c4ff1bd5016bfb30de3f7,3993afe444aa4497b1fec37c89fcc369,human.pedestrian.adult,v0-40,False,,761.23,483.12,771.64,510.25,761.23,483.12,771.64,510.25,False,84.556,0,0
clip_sample_003,25,c7f783fe8173446383bfbbb7a783517f,8bf071b1b92c4ff1bd5016bfb30de3f7,39f727108189464dadaec4bf8d88ce6e,movable_object.barrier,v80-100,True,all corners behind or at the camera plane,0.0,0.0,0.0,0.0,0.0,0.0,0.0,0.0,False,0.0,36,1
clip_sample_003,25,c7f783fe8173446383bfbbb7a783517f,8bf071b1b92c4ff1bd5016bfb30de3f7,3a4f8b672b5d47f594785b4ef502f005,movable_object.barrier,v80-100,False,,761.09,495.41,770.8,518.11,761.09,495.41,770.8,518.11,False,64.309,0,0
clip_sample_003,25,c7f783fe8173446383bfbbb7a783517f,8bf071b1b92c4ff1bd5016bfb30de3f7,451f91f4b7b548f890ef4ba5c2685e8b,movable_object.barrier,v80-100,True,all corners behind or at the camera plane,0.0,0.0,0.0,0.0,0.0,0.0,0.0,0.0,False,0.0,6,0
clip_sample_003,25,c7f783fe8173446383bfbbb7a783517f,8bf071b1b92c4ff1bd5016bfb30de3f7,4604a50b23154c4b88b1e8e2e724b2bf,movable_object.barrier,v80-100,True,all corners behind or at the camera plane,0.0,0.0,0.0,0.0,0.0,0.0,0.0,0.0,False,0.0,27,0
clip_sample_003,25,c7f783fe8173446383bfbbb7a783517f,8bf071b1b92c4ff1bd5016bfb30de3f7,4c6a549e64dc4a0c9c1b75b2d615ae51,movable_object.barrier,v80-100,True,all corners behind or at the camera plane,0.0,0.0,0.0,0.0,0.0,0.0,0.0,0.0,False,0.0,23,0
clip_sample_003,25,c7f783fe8173446383bfbbb7a783517f,8bf071b1b92c4ff1bd5016bfb30de3f7,4f41f55039c34783b0f63a3ebc196434,human.pedestrian.adult,v0-40,False,,120.18,487.89,140.67,532.46,120.18,487.89,140.67,532.46,False,48.177,0,0
clip_sample_003,25,c7f783fe8173446383bfbbb7a783517f,8bf071b1b92c4ff1bd5016bfb30de3f7,6a0d7a293cc34a84b9857a4fa38cd4a3,vehicle.car,v80-100,False,,1294.29,429.19,1600.0,559.89,1294.29,429.19,1744.77,560.43,True,16.174,73,0
clip_sample_003,25,c7f783fe8173446383bfbbb7a783517f,8bf071b1b92c4ff1bd5016bfb30de3f7,6ae762f1bc254d00bfb5ae9d66ffe376,vehicle.car,v80-100,True,all corners behind or at the camera plane,0.0,0.0,0.0,0.0,0.0,0.0,0.0,0.0,False,0.0,484,5
clip_sample_003,25,c7f783fe8173446383bfbbb7a783517f,8bf071b1b92c4ff1bd5016bfb30de3f7,6b9c9912fecb4847b93e81eb10da83a2,movable_object.barrier,v80-100,True,all corners behind or at the camera plane,0.0,0.0,0.0,0.0,0.0,0.0,0.0,0.0,False,0.0,21,1
clip_sample_003,25,c7f783fe8173446383bfbbb7a783517f,8bf071b1b92c4ff1bd5016bfb30de3f7,73b29b41f1c34b7987da26755270451b,movable_object.barrier,v80-100,True,all corners behind or at the camera plane,0.0,0.0,0.0,0.0,0.0,0.0,0.0,0.0,False,0.0,45,0
clip_sample_003,25,c7f783fe8173446383bfbbb7a783517f,8bf071b1b92c4ff1bd5016bfb30de3f7,75bbb97a65904d61b345fd500f3c6e2f,vehicle.trailer,v80-100,True,all corners behind or at the camera plane,0.0,0.0,0.0,0.0,0.0,0.0,0.0,0.0,False,0.0,333,7
clip_sample_003,25,c7f783fe8173446383bfbbb7a783517f,8bf071b1b92c4ff1bd5016bfb30de3f7,7a8b24608009457b963da57aa18beb58,vehicle.car,v0-40,False,,560.87,481.96,679.36,529.82,560.87,481.96,679.36,529.82,False,38.942,0,0
clip_sample_003,25,c7f783fe8173446383bfbbb7a783517f,8bf071b1b92c4ff1bd5016bfb30de3f7,7c6e078abfa74db5a5439711383a8f5b,vehicle.car,v0-40,True,projected box falls entirely outside the image,0.0,0.0,0.0,0.0,0.0,0.0,0.0,0.0,False,0.0,0,0
clip_sample_003,25,c7f783fe8173446383bfbbb7a783517f,8bf071b1b92c4ff1bd5016bfb30de3f7,7e799fdef2e94598b5e29af80a587359,vehicle.bus.rigid,v80-100,False,,0.0,380.47,517.16,614.62,-145.43,380.28,517.16,614.62,True,16.471,229,12
clip_sample_003,25,c7f783fe8173446383bfbbb7a783517f,8bf071b1b92c4ff1bd5016bfb30de3f7,888521a8b57f46258e81a89bf062278b,vehicle.car,v0-40,False,,560.81,483.52,591.94,510.49,560.81,483.52,591.94,510.49,False,94.736,0,0
clip_sample_003,25,c7f783fe8173446383bfbbb7a783517f,8bf071b1b92c4ff1bd5016bfb30de3f7,94e0b9b077774f18a74f53c5305a368d,human.pedestrian.adult,v60-80,False,,820.06,492.06,839.59,525.88,820.06,492.06,839.59,525.88,False,49.448,0,0
clip_sample_003,25,c7f783fe8173446383bfbbb7a783517f,8bf071b1b92c4ff1bd5016bfb30de3f7,9c81acda9a6d4d15bd4e4a315a669d71,vehicle.car,v80-100,True,projected box falls entirely outside the image,0.0,0.0,0.0,0.0,0.0,0.0,0.0,0.0,False,0.0,5,0
clip_sample_003,25,c7f783fe8173446383bfbbb7a783517f,8bf071b1b92c4ff1bd5016bfb30de3f7,9cbb3b5b8bf849599abcb0228eea3edd,vehicle.car,v80-100,True,projected box falls entirely outside the image,0.0,0.0,0.0,0.0,0.0,0.0,0.0,0.0,False,0.0,2,0
clip_sample_003,25,c7f783fe8173446383bfbbb7a783517f,8bf071b1b92c4ff1bd5016bfb30de3f7,9e94bea2db384cf1ba7264e02920b1d8,vehicle.car,v80-100,True,all corners behind or at the camera plane,0.0,0.0,0.0,0.0,0.0,0.0,0.0,0.0,False,0.0,0,0
clip_sample_003,25,c7f783fe8173446383bfbbb7a783517f,8bf071b1b92c4ff1bd5016bfb30de3f7,afd097377c71479ea8349eeae83b8143,human.pedestrian.adult,v0-40,True,projected box falls entirely outside the image,0.0,0.0,0.0,0.0,0.0,0.0,0.0,0.0,False,0.0,3,0
clip_sample_003,25,c7f783fe8173446383bfbbb7a783517f,8bf071b1b92c4ff1bd5016bfb30de3f7,b2a522c239af44e0927a51c941bd256e,vehicle.car,v0-40,True,all corners behind or at the camera plane,0.0,0.0,0.0,0.0,0.0,0.0,0.0,0.0,False,0.0,0,0
clip_sample_003,25,c7f783fe8173446383bfbbb7a783517f,8bf071b1b92c4ff1bd5016bfb30de3f7,b4db00c7834047799104363c10eca351,movable_object.barrier,v80-100,False,,767.77,497.17,790.36,522.2,767.77,497.17,790.36,522.2,False,49.645,0,0
clip_sample_003,25,c7f783fe8173446383bfbbb7a783517f,8bf071b1b92c4ff1bd5016bfb30de3f7,b61b72a5b5ad482e9bc94c203f75b8d4,human.pedestrian.adult,v80-100,True,projected box falls entirely outside the image,0.0,0.0,0.0,0.0,0.0,0.0,0.0,0.0,False,0.0,14,0
clip_sample_003,25,c7f783fe8173446383bfbbb7a783517f,8bf071b1b92c4ff1bd5016bfb30de3f7,bdb82f4d50ce47e6b3925471c049355e,vehicle.car,v80-100,True,projected box falls entirely outside the image,0.0,0.0,0.0,0.0,0.0,0.0,0.0,0.0,False,0.0,0,0
clip_sample_003,25,c7f783fe8173446383bfbbb7a783517f,8bf071b1b92c4ff1bd5016bfb30de3f7,c7d9c788b68c4e2fae96140ccfa8e1c8,movable_object.barrier,v80-100,True,all corners behind or at the camera plane,0.0,0.0,0.0,0.0,0.0,0.0,0.0,0.0,False,0.0,36,0
clip_sample_003,25,c7f783fe8173446383bfbbb7a783517f,8bf071b1b92c4ff1bd5016bfb30de3f7,c99728ce46204cd38f19f1aa6c60b162,movable_object.barrier,v80-100,True,all corners behind or at the camera plane,0.0,0.0,0.0,0.0,0.0,0.0,0.0,0.0,False,0.0,25,0
clip_sample_003,25,c7f783fe8173446383bfbbb7a783517f,8bf071b1b92c4ff1bd5016bfb30de3f7,ccf1034122fb42f99f0fb333310040ef,movable_object.barrier,v60-80,False,,760.37,495.33,770.25,516.53,760.37,495.33,770.25,516.53,False,67.264,0,1
clip_sample_003,25,c7f783fe8173446383bfbbb7a783517f,8bf071b1b92c4ff1bd5016bfb30de3f7,d02ce7e39f534cb8b67ef101e32dbba7,vehicle.car,v60-80,True,projected box falls entirely outside the image,0.0,0.0,0.0,0.0,0.0,0.0,0.0,0.0,False,0.0,8,0
clip_sample_003,25,c7f783fe8173446383bfbbb7a783517f,8bf071b1b92c4ff1bd5016bfb30de3f7,d5f34ea24e844aa284d3ebc1b057a918,movable_object.barrier,v80-100,False,,761.18,496.44,771.64,521.93,761.18,496.44,771.64,521.93,False,61.37,0,0
clip_sample_003,25,c7f783fe8173446383bfbbb7a783517f,8bf071b1b92c4ff1bd5016bfb30de3f7,d9a4df9e92804a44a039eb21e0dc1349,vehicle.car,v0-40,False,,576.65,482.07,604.12,502.0,576.65,482.07,604.12,502.0,False,112.806,0,0
clip_sample_003,25,c7f783fe8173446383bfbbb7a783517f,8bf071b1b92c4ff1bd5016bfb30de3f7,de98ed230109473dae7d8d84af61208e,movable_object.barrier,v80-100,True,all corners behind or at the camera plane,0.0,0.0,0.0,0.0,0.0,0.0,0.0,0.0,False,0.0,2,6
clip_sample_003,25,c7f783fe8173446383bfbbb7a783517f,8bf071b1b92c4ff1bd5016bfb30de3f7,e2afd7eaa5c04cff9e59ca025e14249c,vehicle.bicycle,v80-100,True,projected box falls entirely outside the image,0.0,0.0,0.0,0.0,0.0,0.0,0.0,0.0,False,0.0,0,0
clip_sample_003,25,c7f783fe8173446383bfbbb7a783517f,8bf071b1b92c4ff1bd5016bfb30de3f7,e8ee78065abc41ac9dcae839a29eac0b,vehicle.truck,v80-100,False,,502.8,426.12,901.28,581.76,502.8,426.12,901.28,581.76,False,19.875,125,17
clip_sample_003,25,c7f783fe8173446383bfbbb7a783517f,8bf071b1b92c4ff1bd5016bfb30de3f7,eba0e66da99b4127bcbc5f75e8dd8a1a,movable_object.barrier,v80-100,False,,762.59,496.11,778.78,519.44,762.59,496.11,778.78,519.44,False,52.592,0,1
clip_sample_003,25,c7f783fe8173446383bfbbb7a783517f,8bf071b1b92c4ff1bd5016bfb30de3f7,ecf7d2d3b0984505a33fc612ac350e6b,movable_object.pushable_pullable,v80-100,True,projected box falls entirely outside the image,0.0,0.0,0.0,0.0,0.0,0.0,0.0,0.0,False,0.0,5,0
clip_sample_003,25,c7f783fe8173446383bfbbb7a783517f,8bf071b1b92c4ff1bd5016bfb30de3f7,f442a98a9a354484aef5240bb21e7691,vehicle.car,v80-100,True,projected box falls entirely outside the image,0.0,0.0,0.0,0.0,0.0,0.0,0.0,0.0,False,0.0,3,1
clip_sample_003,25,c7f783fe8173446383bfbbb7a783517f,8bf071b1b92c4ff1bd5016bfb30de3f7,f53b4aa3d74e473c90afb956e618e3ce,human.pedestrian.adult,v0-40,False,,230.19,482.67,249.87,521.86,230.19,482.67,249.87,521.86,False,63.935,0,0
clip_sample_003,25,c7f783fe8173446383bfbbb7a783517f,8bf071b1b92c4ff1bd5016bfb30de3f7,fb0b1fa4a33a43ea9cc802ba14a40586,vehicle.car,v80-100,True,projected box falls entirely outside the image,0.0,0.0,0.0,0.0,0.0,0.0,0.0,0.0,False,0.0,9,0
clip_sample_003,25,c7f783fe8173446383bfbbb7a783517f,8bf071b1b92c4ff1bd5016bfb30de3f7,ff07eea720434dc0ba0ccdef45cb318c,vehicle.car,v80-100,True,projected box falls entirely outside the image,0.0,0.0,0.0,0.0,0.0,0.0,0.0,0.0,False,0.0,2605,0
clip_sample_003,31,a409449573af464c9cd6775837c45967,b8766f4291d5449d95bab459ca724ad8,01a9922c1b7d457cb37880b8de3b7093,movable_object.barrier,v80-100,True,all corners behind or at the camera plane,0.0,0.0,0.0,0.0,0.0,0.0,0.0,0.0,False,0.0,22,0
clip_sample_003,31,a409449573af464c9cd6775837c45967,b8766f4291d5449d95bab459ca724ad8,07bf3d834d04482e8f90e3756358250e,movable_object.barrier,v80-100,True,all corners behind or at the camera plane,0.0,0.0,0.0,0.0,0.0,0.0,0.0,0.0,False,0.0,7,0
clip_sample_003,31,a409449573af464c9cd6775837c45967,b8766f4291d5449d95bab459ca724ad8,18cdcf0d2340409b95140ea38a70fd2e,human.pedestrian.adult,v80-100,True,projected box falls entirely outside the image,0.0,0.0,0.0,0.0,0.0,0.0,0.0,0.0,False,0.0,14,0
clip_sample_003,31,a409449573af464c9cd6775837c45967,b8766f4291d5449d95bab459ca724ad8,19804c352c0a4767b61b8d0709d1db99,human.pedestrian.adult,v80-100,True,projected box falls entirely outside the image,0.0,0.0,0.0,0.0,0.0,0.0,0.0,0.0,False,0.0,10,0
clip_sample_003,31,a409449573af464c9cd6775837c45967,b8766f4291d5449d95bab459ca724ad8,21d4060224a946e5b66fd00749282e82,human.pedestrian.adult,v80-100,True,projected box falls entirely outside the image,0.0,0.0,0.0,0.0,0.0,0.0,0.0,0.0,False,0.0,15,0
clip_sample_003,31,a409449573af464c9cd6775837c45967,b8766f4291d5449d95bab459ca724ad8,2397a588f42e4195bf7fb0148aa7a3d6,human.pedestrian.adult,v0-40,True,projected box falls entirely outside the image,0.0,0.0,0.0,0.0,0.0,0.0,0.0,0.0,False,0.0,10,0
clip_sample_003,31,a409449573af464c9cd6775837c45967,b8766f4291d5449d95bab459ca724ad8,254ca291f1ee4223a0b1e392d4885fd2,vehicle.truck,v80-100,True,all corners behind or at the camera plane,0.0,0.0,0.0,0.0,0.0,0.0,0.0,0.0,False,0.0,1398,2
clip_sample_003,31,a409449573af464c9cd6775837c45967,b8766f4291d5449d95bab459ca724ad8,2d7491faabc447769e1f2003f23c50e9,vehicle.car,v0-40,True,all corners behind or at the camera plane,0.0,0.0,0.0,0.0,0.0,0.0,0.0,0.0,False,0.0,0,3
clip_sample_003,31,a409449573af464c9cd6775837c45967,b8766f4291d5449d95bab459ca724ad8,2e19253f3bac458191cf64ff2b22ba2b,vehicle.bus.rigid,v80-100,False,,0.0,420.64,167.36,581.2,-440.58,414.58,167.36,585.04,True,25.593,72,7
clip_sample_003,31,a409449573af464c9cd6775837c45967,b8766f4291d5449d95bab459ca724ad8,2fb9e666a5d04e3f9888dad909324f75,vehicle.car,v0-40,True,all corners behind or at the camera plane,0.0,0.0,0.0,0.0,0.0,0.0,0.0,0.0,False,0.0,0,1
clip_sample_003,31,a409449573af464c9cd6775837c45967,b8766f4291d5449d95bab459ca724ad8,340ccb3c0dcb492eaa032f0e4e3017bb,human.pedestrian.adult,v80-100,True,projected box falls entirely outside the image,0.0,0.0,0.0,0.0,0.0,0.0,0.0,0.0,False,0.0,28,0
clip_sample_003,31,a409449573af464c9cd6775837c45967,b8766f4291d5449d95bab459ca724ad8,3993afe444aa4497b1fec37c89fcc369,human.pedestrian.adult,v0-40,False,,761.76,482.54,772.27,509.91,761.76,482.54,772.27,509.91,False,83.803,0,0
clip_sample_003,31,a409449573af464c9cd6775837c45967,b8766f4291d5449d95bab459ca724ad8,39f727108189464dadaec4bf8d88ce6e,movable_object.barrier,v80-100,True,all corners behind or at the camera plane,0.0,0.0,0.0,0.0,0.0,0.0,0.0,0.0,False,0.0,32,0
clip_sample_003,31,a409449573af464c9cd6775837c45967,b8766f4291d5449d95bab459ca724ad8,3a4f8b672b5d47f594785b4ef502f005,movable_object.barrier,v80-100,False,,761.21,494.86,770.92,517.56,761.21,494.86,770.92,517.56,False,64.31,0,0
clip_sample_003,31,a409449573af464c9cd6775837c45967,b8766f4291d5449d95bab459ca724ad8,451f91f4b7b548f890ef4ba5c2685e8b,movable_object.barrier,v80-100,True,all corners behind or at the camera plane,0.0,0.0,0.0,0.0,0.0,0.0,0.0,0.0,False,0.0,6,0
clip_sample_003,31,a409449573af464c9cd6775837c45967,b8766f4291d5449d95bab459ca724ad8,4604a50b23154c4b88b1e8e2e724b2bf,movable_object.barrier,v80-100,True,all corners behind or at the camera plane,0.0,0.0,0.0,0.0,0.0,0.0,0.0,0.0,False,0.0,24,0
clip_sample_003,31,a409449573af464c9cd6775837c45967,b8766f4291d5449d95bab459ca724ad8,4c6a549e64dc4a0c9c1b75b2d615ae51,movable_object.barrier,v80-100,True,all corners behind or at the camera plane,0.0,0.0,0.0,0.0,0.0,0.0,0.0,0.0,False,0.0,23,0
clip_sample_003,31,a409449573af464c9cd6775837c45967,b8766f4291d5449d95bab459ca724ad8,4f41f55039c34783b0f63a3ebc196434,human.pedestrian.adult,v0-40,False,,130.0,487.39,150.08,531.26,130.0,487.39,150.08,531.26,False,48.944,0,0
clip_sample_003,31,a409449573af464c9cd6775837c45967,b8766f4291d5449d95bab459ca724ad8,6a0d7a293cc34a84b9857a4fa38cd4a3,vehicle.car,v80-100,True,projected box falls entirely outside the image,0.0,0.0,0.0,0.0,0.0,0.0,0.0,0.0,False,0.0,38,1
clip_sample_003,31,a409449573af464c9cd6775837c45967,b8766f4291d5449d95bab459ca724ad8,6ae762f1bc254d00bfb5ae9d66ffe376,vehicle.car,v80-100,True,all corners behind or at the camera plane,0.0,0.0,0.0,0.0,0.0,0.0,0.0,0.0,False,0.0,486,5
clip_sample_003,31,a409449573af464c9cd6775837c45967,b8766f4291d5449d95bab459ca724ad8,6b9c9912fecb4847b93e81eb10da83a2,movable_object.barrier,v80-100,True,all corners behind or at the camera plane,0.0,0.0,0.0,0.0,0.0,0.0,0.0,0.0,False,0.0,20,2
clip_sample_003,31,a409449573af464c9cd6775837c45967,b8766f4291d5449d95bab459ca724ad8,73b29b41f1c34b7987da26755270451b,movable_object.barrier,v80-100,True,all corners behind or at the camera plane,0.0,0.0,0.0,0.0,0.0,0.0,0.0,0.0,False,0.0,51,0
clip_sample_003,31,a409449573af464c9cd6775837c45967,b8766f4291d5449d95bab459ca724ad8,75bbb97a65904d61b345fd500f3c6e2f,vehicle.trailer,v80-100,True,all corners behind or at the camera plane,0.0,0.0,0.0,0.0,0.0,0.0,0.0,0.0,False,0.0,335,7
clip_sample_003,31,a409449573af464c9cd6775837c45967,b8766f4291d5449d95bab459ca724ad8,7a8b24608009457b963da57aa18beb58,vehicle.car,v0-40,False,,606.22,481.71,696.11,524.64,606.22,481.71,696.11,524.64,False,43.128,0,1
clip_sample_003,31,a409449573af464c9cd6775837c45967,b8766f4291d5449d95bab459ca724ad8,7c6e078abfa74db5a5439711383a8f5b,vehicle.car,v80-100,True,projected box falls entirely outside the image,0.0,0.0,0.0,0.0,0.0,0.0,0.0,0.0,False,0.0,2,0
clip_sample_003,31,a409449573af464c9cd6775837c45967,b8766f4291d5449d95bab459ca724ad8,7e799fdef2e94598b5e29af80a587359,vehicle.bus.rigid,v80-100,False,,220.14,366.47,843.67,605.27,220.14,366.47,843.67,605.27,False,16.18,284,19
clip_sample_003,31,a409449573af464c9cd6775837c45967,b8766f4291d5449d95bab459ca724ad8,888521a8b57f46258e81a89bf062278b,vehicle.car,v0-40,False,,557.49,481.02,590.44,509.48,557.49,481.02,590.44,509.48,False,89.923,0,1
clip_sample_003,31,a409449573af464c9cd6775837c45967,b8766f4291d5449d95bab459ca724ad8,94e0b9b077774f18a74f53c5305a368d,human.pedestrian.adult,v60-80,False,,820.09,491.54,839.62,525.37,820.09,491.54,839.62,525.37,False,49.447,0,0
clip_sample_003,31,a409449573af464c9cd6775837c45967,b8766f4291d5449d95bab459ca724ad8,9c81acda9a6d4d15bd4e4a315a669d71,vehicle.car,v80-100,True,projected box falls entirely outside the image,0.0,0.0,0.0,0.0,0.0,0.0,0.0,0.0,False,0.0,5,0
clip_sample_003,31,a409449573af464c9cd6775837c45967,b8766f4291d5449d95bab459ca724ad8,9cbb3b5b8bf849599abcb0228eea3edd,vehicle.car,v80-100,True,projected box falls entirely outside the image,0.0,0.0,0.0,0.0,0.0,0.0,0.0,0.0,False,0.0,2,1
clip_sample_003,31,a409449573af464c9cd6775837c45967,b8766f4291d5449d95bab459ca724ad8,9e94bea2db384cf1ba7264e02920b1d8,vehicle.car,v80-100,True,all corners behind or at the camera plane,0.0,0.0,0.0,0.0,0.0,0.0,0.0,0.0,False,0.0,0,0
clip_sample_003,31,a409449573af464c9cd6775837c45967,b8766f4291d5449d95bab459ca724ad8,afd097377c71479ea8349eeae83b8143,human.pedestrian.adult,v80-100,True,projected box falls entirely outside the image,0.0,0.0,0.0,0.0,0.0,0.0,0.0,0.0,False,0.0,15,0
clip_sample_003,31,a409449573af464c9cd6775837c45967,b8766f4291d5449d95bab459ca724ad8,b2a522c239af44e0927a51c941bd256e,vehicle.car,v0-40,True,all corners behind or at the camera plane,0.0,0.0,0.0,0.0,0.0,0.0,0.0,0.0,False,0.0,0,0
clip_sample_003,31,a409449573af464c9cd6775837c45967,b8766f4291d5449d95bab459ca724ad8,b4db00c7834047799104363c10eca351,movable_object.barrier,v80-100,False,,767.88,496.62,790.47,521.65,767.88,496.62,790.47,521.65,False,49.646,0,0
clip_sample_003,31,a409449573af464c9cd6775837c45967,b8766f4291d5449d95bab459ca724ad8,b61b72a5b5ad482e9bc94c203f75b8d4,human.pedestrian.adult,v80-100,True,projected box falls entirely outside the image,0.0,0.0,0.0,0.0,0.0,0.0,0.0,0.0,False,0.0,12,0
clip_sample_003,31,a409449573af464c9cd6775837c45967,b8766f4291d5449d95bab459ca724ad8,bdb82f4d50ce47e6b3925471c049355e,vehicle.car,v80-100,True,projected box falls entirely outside the image,0.0,0.0,0.0,0.0,0.0,0.0,0.0,0.0,False,0.0,0,0
clip_sample_003,31,a409449573af464c9cd6775837c45967,b8766f4291d5449d95bab459ca724ad8,c7d9c788b68c4e2fae96140ccfa8e1c8,movable_object.barrier,v80-100,True,all corners behind or at the camera plane,0.0,0.0,0.0,0.0,0.0,0.0,0.0,0.0,False,0.0,39,0
clip_sample_003,31,a409449573af464c9cd6775837c45967,b8766f4291d5449d95bab459ca724ad8,c99728ce46204cd38f19f1aa6c60b162,movable_object.barrier,v80-100,True,all corners behind or at the camera plane,0.0,0.0,0.0,0.0,0.0,0.0,0.0,0.0,False,0.0,23,0
clip_sample_003,31,a409449573af464c9cd6775837c45967,b8766f4291d5449d95bab459ca724ad8,ccf1034122fb42f99f0fb333310040ef,movable_object.barrier,v60-80,False,,760.48,494.8,770.37,516.01,760.48,494.8,770.37,516.01,False,67.264,0,0
clip_sample_003,31,a409449573af464c9cd6775837c45967,b8766f4291d5449d95bab459ca724ad8,d02ce7e39f534cb8b67ef101e32dbba7,vehicle.car,v60-80,True,projected box falls entirely outside the image,0.0,0.0,0.0,0.0,0.0,0.0,0.0,0.0,False,0.0,8,0
clip_sample_003,31,a409449573af464c9cd6775837c45967,b8766f4291d5449d95bab459ca724ad8,d5f34ea24e844aa284d3ebc1b057a918,movable_object.barrier,v80-100,False,,761.29,495.92,771.76,521.41,761.29,495.92,771.76,521.41,False,61.371,0,0
clip_sample_003,31,a409449573af464c9cd6775837c45967,b8766f4291d5449d95bab459ca724ad8,d9a4df9e92804a44a039eb21e0dc1349,vehicle.car,v0-40,False,,569.97,481.96,598.64,502.67,569.97,481.96,598.64,502.67,False,108.692,0,0
clip_sample_003,31,a409449573af464c9cd6775837c45967,b8766f4291d5449d95bab459ca724ad8,de98ed230109473dae7d8d84af61208e,movable_object.barrier,v80-100,True,all corners behind or at the camera plane,0.0,0.0,0.0,0.0,0.0,0.0,0.0,0.0,False,0.0,1,3
clip_sample_003,31,a409449573af464c9cd6775837c45967,b8766f4291d5449d95bab459ca724ad8,e2afd7eaa5c04cff9e59ca025e14249c,vehicle.bicycle,v80-100,True,projected box falls entirely outside the image,0.0,0.0,0.0,0.0,0.0,0.0,0.0,0.0,False,0.0,0,0
clip_sample_003,31,a409449573af464c9cd6775837c45967,b8766f4291d5449d95bab459ca724ad8,e8ee78065abc41ac9dcae839a29eac0b,vehicle.truck,v80-100,False,,810.29,412.54,1218.47,569.63,810.29,412.54,1218.47,569.63,False,19.682,140,11
clip_sample_003,31,a409449573af464c9cd6775837c45967,b8766f4291d5449d95bab459ca724ad8,eba0e66da99b4127bcbc5f75e8dd8a1a,movable_object.barrier,v80-100,False,,762.71,495.56,778.9,518.89,762.71,495.56,778.9,518.89,False,52.592,0,0
clip_sample_003,31,a409449573af464c9cd6775837c45967,b8766f4291d5449d95bab459ca724ad8,ecf7d2d3b0984505a33fc612ac350e6b,movable_object.pushable_pullable,v80-100,True,projected box falls entirely outside the image,0.0,0.0,0.0,0.0,0.0,0.0,0.0,0.0,False,0.0,3,0
clip_sample_003,31,a409449573af464c9cd6775837c45967,b8766f4291d5449d95bab459ca724ad8,f442a98a9a354484aef5240bb21e7691,vehicle.car,v80-100,True,projected box falls entirely outside the image,0.0,0.0,0.0,0.0,0.0,0.0,0.0,0.0,False,0.0,2,2
clip_sample_003,31,a409449573af464c9cd6775837c45967,b8766f4291d5449d95bab459ca724ad8,f53b4aa3d74e473c90afb956e618e3ce,human.pedestrian.adult,v80-100,False,,224.66,483.95,244.63,523.58,224.66,483.95,244.63,523.58,False,63.234,2,0
clip_sample_003,31,a409449573af464c9cd6775837c45967,b8766f4291d5449d95bab459ca724ad8,fb0b1fa4a33a43ea9cc802ba14a40586,vehicle.car,v80-100,True,projected box falls entirely outside the image,0.0,0.0,0.0,0.0,0.0,0.0,0.0,0.0,False,0.0,8,0
clip_sample_003,31,a409449573af464c9cd6775837c45967,b8766f4291d5449d95bab459ca724ad8,ff07eea720434dc0ba0ccdef45cb318c,vehicle.car,v80-100,True,projected box falls entirely outside the image,0.0,0.0,0.0,0.0,0.0,0.0,0.0,0.0,False,0.0,2604,0
clip_sample_006,1,fc4cba53bd2c4923b17da19b2e6e44fa,9ecb1b79dbe140ca860efc4adebe854b,0c3833f73f0e43288758cb87c9d2a4fe,vehicle.car,v80-100,True,all corners behind or at the camera plane,0.0,0.0,0.0,0.0,0.0,0.0,0.0,0.0,False,0.0,742,7
clip_sample_006,1,fc4cba53bd2c4923b17da19b2e6e44fa,9ecb1b79dbe140ca860efc4adebe854b,11ae216987c84c0abefef802331df41c,vehicle.car,v80-100,True,projected box falls entirely outside the image,0.0,0.0,0.0,0.0,0.0,0.0,0.0,0.0,False,0.0,27,3
clip_sample_006,1,fc4cba53bd2c4923b17da19b2e6e44fa,9ecb1b79dbe140ca860efc4adebe854b,2a318666f9144553a5700cd042626988,vehicle.car,v80-100,True,all corners behind or at the camera plane,0.0,0.0,0.0,0.0,0.0,0.0,0.0,0.0,False,0.0,10,2
clip_sample_006,1,fc4cba53bd2c4923b17da19b2e6e44fa,9ecb1b79dbe140ca860efc4adebe854b,38798e421c51439f883ead7073ce7b79,vehicle.car,v80-100,False,,1156.95,426.82,1600.0,587.7,1156.95,426.82,1605.05,587.7,True,14.452,99,4
clip_sample_006,1,fc4cba53bd2c4923b17da19b2e6e44fa,9ecb1b79dbe140ca860efc4adebe854b,3c16d6997c70488ab7e9dfd0fbec962e,human.pedestrian.adult,v80-100,True,projected box falls entirely outside the image,0.0,0.0,0.0,0.0,0.0,0.0,0.0,0.0,False,0.0,9,0
clip_sample_006,1,fc4cba53bd2c4923b17da19b2e6e44fa,9ecb1b79dbe140ca860efc4adebe854b,3ca372ae40fc4727a1e0e245122ccf94,vehicle.car,v80-100,False,,801.54,437.72,1127.9,555.87,801.54,437.72,1127.9,555.87,False,19.065,52,7
clip_sample_006,1,fc4cba53bd2c4923b17da19b2e6e44fa,9ecb1b79dbe140ca860efc4adebe854b,4b086f653d5a47a79f73f1d4a4d956d8,human.pedestrian.adult,v80-100,True,projected box falls entirely outside the image,0.0,0.0,0.0,0.0,0.0,0.0,0.0,0.0,False,0.0,9,0
clip_sample_006,1,fc4cba53bd2c4923b17da19b2e6e44fa,9ecb1b79dbe140ca860efc4adebe854b,4d616eaf86724fedb29f72f96b7feb62,movable_object.trafficcone,v60-80,True,all corners behind or at the camera plane,0.0,0.0,0.0,0.0,0.0,0.0,0.0,0.0,False,0.0,11,0
clip_sample_006,1,fc4cba53bd2c4923b17da19b2e6e44fa,9ecb1b79dbe140ca860efc4adebe854b,58350757f1d04f628aab9b22cf33549b,vehicle.car,v80-100,True,projected box falls entirely outside the image,0.0,0.0,0.0,0.0,0.0,0.0,0.0,0.0,False,0.0,12,2
clip_sample_006,1,fc4cba53bd2c4923b17da19b2e6e44fa,9ecb1b79dbe140ca860efc4adebe854b,74f6177084924f27a7c2a0d9b7fe0085,movable_object.trafficcone,v80-100,True,all corners behind or at the camera plane,0.0,0.0,0.0,0.0,0.0,0.0,0.0,0.0,False,0.0,9,0
clip_sample_006,1,fc4cba53bd2c4923b17da19b2e6e44fa,9ecb1b79dbe140ca860efc4adebe854b,89f39b68d255409a8b3f172ccbd9d42b,vehicle.bus.rigid,v80-100,False,,651.19,409.03,706.68,471.09,651.19,409.03,706.68,471.09,False,82.912,5,0
clip_sample_006,1,fc4cba53bd2c4923b17da19b2e6e44fa,9ecb1b79dbe140ca860efc4adebe854b,9931995543b74a82ae95928ef340fef6,vehicle.car,v40-60,False,,73.2,436.21,387.25,568.0,73.2,436.21,387.25,568.0,False,21.957,3,0
clip_sample_006,1,fc4cba53bd2c4923b17da19b2e6e44fa,9ecb1b79dbe140ca860efc4adebe854b,ba9b515701e248b0a00c814447cea8a1,vehicle.bicycle,v80-100,False,,672.86,427.54,804.24,537.53,672.86,427.54,804.24,537.53,False,22.448,14,0
clip_sample_006,1,fc4cba53bd2c4923b17da19b2e6e44fa,9ecb1b79dbe140ca860efc4adebe854b,c02e9190395b41d6ae3db4e3d3c7ba4b,vehicle.car,v80-100,True,all corners behind or at the camera plane,0.0,0.0,0.0,0.0,0.0,0.0,0.0,0.0,False,0.0,2,2
clip_sample_006,1,fc4cba53bd2c4923b17da19b2e6e44fa,9ecb1b79dbe140ca860efc4adebe854b,c27a467cdb1c4643801745a2574d6a46,vehicle.car,v80-100,False,,0.0,459.61,376.92,597.98,-40.75,459.61,376.92,599.22,True,16.288,19,0
clip_sample_006,1,fc4cba53bd2c4923b17da19b2e6e44fa,9ecb1b79dbe140ca860efc4adebe854b,e75bb479e10c426e9dcf5ff1afefa84d,vehicle.truck,v80-100,False,,0.0,42.46,174.51,900.0,-782.37,42.46,177.04,1014.42,True,4.169,10006,2
clip_sample_006,1,fc4cba53bd2c4923b17da19b2e6e44fa,9ecb1b79dbe140ca860efc4adebe854b,fa6a5ac33235480f835203a30a9c2455,vehicle.car,v60-80,True,all corners behind or at the camera plane,0.0,0.0,0.0,0.0,0.0,0.0,0.0,0.0,False,0.0,0,2
clip_sample_006,1,fc4cba53bd2c4923b17da19b2e6e44fa,9ecb1b79dbe140ca860efc4adebe854b,ff8706c344604bb88d789adc41556aab,vehicle.construction,v80-100,True,all corners behind or at the camera plane,0.0,0.0,0.0,0.0,0.0,0.0,0.0,0.0,False,0.0,194,3
clip_sample_006,7,e26810c28df44cefa069778865bd832c,bad8a002637046178fe0f8216e5bc355,0c3833f73f0e43288758cb87c9d2a4fe,vehicle.car,v80-100,True,all corners behind or at the camera plane,0.0,0.0,0.0,0.0,0.0,0.0,0.0,0.0,False,0.0,745,6
clip_sample_006,7,e26810c28df44cefa069778865bd832c,bad8a002637046178fe0f8216e5bc355,11ae216987c84c0abefef802331df41c,vehicle.car,v80-100,False,,1563.15,433.0,1600.0,553.1,1563.15,415.12,2059.55,560.28,True,16.77,6,1
clip_sample_006,7,e26810c28df44cefa069778865bd832c,bad8a002637046178fe0f8216e5bc355,2a318666f9144553a5700cd042626988,vehicle.car,v80-100,True,all corners behind or at the camera plane,0.0,0.0,0.0,0.0,0.0,0.0,0.0,0.0,False,0.0,9,4
clip_sample_006,7,e26810c28df44cefa069778865bd832c,bad8a002637046178fe0f8216e5bc355,38798e421c51439f883ead7073ce7b79,vehicle.car,v80-100,False,,1482.73,433.23,1600.0,587.6,1482.73,417.32,2028.04,587.6,True,13.731,96,1
clip_sample_006,7,e26810c28df44cefa069778865bd832c,bad8a002637046178fe0f8216e5bc355,3c16d6997c70488ab7e9dfd0fbec962e,human.pedestrian.adult,v80-100,True,projected box falls entirely outside the image,0.0,0.0,0.0,0.0,0.0,0.0,0.0,0.0,False,0.0,9,0
clip_sample_006,7,e26810c28df44cefa069778865bd832c,bad8a002637046178fe0f8216e5bc355,3ca372ae40fc4727a1e0e245122ccf94,vehicle.car,v80-100,False,,565.74,443.24,887.64,556.65,565.74,443.24,887.64,556.65,False,19.88,47,3
clip_sample_006,7,e26810c28df44cefa069778865bd832c,bad8a002637046178fe0f8216e5bc355,4b086f653d5a47a79f73f1d4a4d956d8,human.pedestrian.adult,v80-100,True,projected box falls entirely outside the image,0.0,0.0,0.0,0.0,0.0,0.0,0.0,0.0,False,0.0,6,0
clip_sample_006,7,e26810c28df44cefa069778865bd832c,bad8a002637046178fe0f8216e5bc355,4d616eaf86724fedb29f72f96b7feb62,movable_object.trafficcone,v60-80,True,all corners behind or at the camera plane,0.0,0.0,0.0,0.0,0.0,0.0,0.0,0.0,False,0.0,9,0
clip_sample_006,7,e26810c28df44cefa069778865bd832c,bad8a002637046178fe0f8216e5bc355,58350757f1d04f628aab9b22cf33549b,vehicle.car,v80-100,True,projected box falls entirely outside the image,0.0,0.0,0.0,0.0,0.0,0.0,0.0,0.0,False,0.0,8,0
clip_sample_006,7,e26810c28df44cefa069778865bd832c,bad8a002637046178fe0f8216e5bc355,74f6177084924f27a7c2a0d9b7fe0085,movable_object.trafficcone,v80-100,True,all corners behind or at the camera plane,0.0,0.0,0.0,0.0,0.0,0.0,0.0,0.0,False,0.0,9,0
clip_sample_006,7,e26810c28df44cefa069778865bd832c,bad8a002637046178fe0f8216e5bc355,89f39b68d255409a8b3f172ccbd9d42b,vehicle.bus.rigid,v80-100,False,,650.44,411.57,702.91,469.93,650.44,411.57,702.91,469.93,False,87.726,4,0
clip_sample_006,7,e26810c28df44cefa069778865bd832c,bad8a002637046178fe0f8216e5bc355,9931995543b74a82ae95928ef340fef6,vehicle.car,v0-40,False,,0.0,448.01,205.16,572.17,-107.64,448.01,205.16,576.0,True,22.685,11,1
clip_sample_006,7,e26810c28df44cefa069778865bd832c,bad8a002637046178fe0f8216e5bc355,ba9b515701e248b0a00c814447cea8a1,vehicle.bicycle,v60-80,False,,564.03,432.29,695.05,539.9,564.03,432.29,695.05,539.9,False,22.95,9,0
clip_sample_006,7,e26810c28df44cefa069778865bd832c,bad8a002637046178fe0f8216e5bc355,c02e9190395b41d6ae3db4e3d3c7ba4b,vehicle.car,v80-100,True,all corners behind or at the camera plane,0.0,0.0,0.0,0.0,0.0,0.0,0.0,0.0,False,0.0,2,2
clip_sample_006,7,e26810c28df44cefa069778865bd832c,bad8a002637046178fe0f8216e5bc355,c27a467cdb1c4643801745a2574d6a46,vehicle.car,v80-100,False,,260.54,451.84,671.98,596.52,260.54,451.84,671.98,596.52,False,15.655,83,3
clip_sample_006,7,e26810c28df44cefa069778865bd832c,bad8a002637046178fe0f8216e5bc355,e75bb479e10c426e9dcf5ff1afefa84d,vehicle.truck,v80-100,False,,0.0,44.6,177.51,900.0,-768.51,44.6,179.54,1005.54,True,4.216,9911,1
clip_sample_006,7,e26810c28df44cefa069778865bd832c,bad8a002637046178fe0f8216e5bc355,fa6a5ac33235480f835203a30a9c2455,vehicle.car,v60-80,True,all corners behind or at the camera plane,0.0,0.0,0.0,0.0,0.0,0.0,0.0,0.0,False,0.0,0,2
clip_sample_006,7,e26810c28df44cefa069778865bd832c,bad8a002637046178fe0f8216e5bc355,ff8706c344604bb88d789adc41556aab,vehicle.construction,v80-100,True,all corners behind or at the camera plane,0.0,0.0,0.0,0.0,0.0,0.0,0.0,0.0,False,0.0,191,3
clip_sample_006,13,df1863e3fe614f288a9974d619343050,4d8ff5b287bb4e1ba6d0a0f79fc74457,0c3833f73f0e43288758cb87c9d2a4fe,vehicle.car,v80-100,True,all corners behind or at the camera plane,0.0,0.0,0.0,0.0,0.0,0.0,0.0,0.0,False,0.0,743,6
clip_sample_006,13,df1863e3fe614f288a9974d619343050,4d8ff5b287bb4e1ba6d0a0f79fc74457,11ae216987c84c0abefef802331df41c,vehicle.car,v80-100,False,,1255.05,423.53,1600.0,560.06,1255.05,423.21,1664.65,560.06,True,17.686,71,2
clip_sample_006,13,df1863e3fe614f288a9974d619343050,4d8ff5b287bb4e1ba6d0a0f79fc74457,2a318666f9144553a5700cd042626988,vehicle.car,v80-100,True,all corners behind or at the camera plane,0.0,0.0,0.0,0.0,0.0,0.0,0.0,0.0,False,0.0,11,3
clip_sample_006,13,df1863e3fe614f288a9974d619343050,4d8ff5b287bb4e1ba6d0a0f79fc74457,38798e421c51439f883ead7073ce7b79,vehicle.car,v80-100,True,projected box falls entirely outside the image,0.0,0.0,0.0,0.0,0.0,0.0,0.0,0.0,False,0.0,50,1
clip_sample_006,13,df1863e3fe614f288a9974d619343050,4d8ff5b287bb4e1ba6d0a0f79fc74457,3c16d6997c70488ab7e9dfd0fbec962e,human.pedestrian.adult,v80-100,True,projected box falls entirely outside the image,0.0,0.0,0.0,0.0,0.0,0.0,0.0,0.0,False,0.0,9,0
clip_sample_006,13,df1863e3fe614f288a9974d619343050,4d8ff5b287bb4e1ba6d0a0f79fc74457,3ca372ae40fc4727a1e0e245122ccf94,vehicle.car,v80-100,False,,349.22,448.04,669.55,557.01,349.22,448.04,669.55,557.01,False,20.696,44,5
clip_sample_006,13,df1863e3fe614f288a9974d619343050,4d8ff5b287bb4e1ba6d0a0f79fc74457,4b086f653d5a47a79f73f1d4a4d956d8,human.pedestrian.adult,v80-100,True,projected box falls entirely outside the image,0.0,0.0,0.0,0.0,0.0,0.0,0.0,0.0,False,0.0,7,0
clip_sample_006,13,df1863e3fe614f288a9974d619343050,4d8ff5b287bb4e1ba6d0a0f79fc74457,4d616eaf86724fedb29f72f96b7feb62,movable_object.trafficcone,v60-80,True,all corners behind or at the camera plane,0.0,0.0,0.0,0.0,0.0,0.0,0.0,0.0,False,0.0,13,0
clip_sample_006,13,df1863e3fe614f288a9974d619343050,4d8ff5b287bb4e1ba6d0a0f79fc74457,58350757f1d04f628aab9b22cf33549b,vehicle.car,v0-40,True,projected box falls entirely outside the image,0.0,0.0,0.0,0.0,0.0,0.0,0.0,0.0,False,0.0,1,1
clip_sample_006,13,df1863e3fe614f288a9974d619343050,4d8ff5b287bb4e1ba6d0a0f79fc74457,74f6177084924f27a7c2a0d9b7fe0085,movable_object.trafficcone,v80-100,True,all corners behind or at the camera plane,0.0,0.0,0.0,0.0,0.0,0.0,0.0,0.0,False,0.0,8,0
clip_sample_006,13,df1863e3fe614f288a9974d619343050,4d8ff5b287bb4e1ba6d0a0f79fc74457,89f39b68d255409a8b3f172ccbd9d42b,vehicle.bus.rigid,v80-100,False,,647.65,413.58,700.83,468.51,647.65,413.58,700.83,468.51,False,92.746,3,0
clip_sample_006,13,df1863e3fe614f288a9974d619343050,4d8ff5b287bb4e1ba6d0a0f79fc74457,ba9b515701e248b0a00c814447cea8a1,vehicle.bicycle,v0-40,False,,460.11,436.53,590.42,541.83,460.11,436.53,590.42,541.83,False,23.453,1,0
clip_sample_006,13,df1863e3fe614f288a9974d619343050,4d8ff5b287bb4e1ba6d0a0f79fc74457,c02e9190395b41d6ae3db4e3d3c7ba4b,vehicle.car,v80-100,True,all corners behind or at the camera plane,0.0,0.0,0.0,0.0,0.0,0.0,0.0,0.0,False,0.0,2,2
clip_sample_006,13,df1863e3fe614f288a9974d619343050,4d8ff5b287bb4e1ba6d0a0f79fc74457,c27a467cdb1c4643801745a2574d6a46,vehicle.car,v80-100,False,,588.0,443.05,992.34,593.15,588.0,443.05,992.34,593.15,False,15.023,122,11
clip_sample_006,13,df1863e3fe614f288a9974d619343050,4d8ff5b287bb4e1ba6d0a0f79fc74457,e75bb479e10c426e9dcf5ff1afefa84d,vehicle.truck,v80-100,False,,0.0,46.48,180.79,900.0,-754.51,46.48,182.31,996.48,True,4.264,9965,3
clip_sample_006,13,df1863e3fe614f288a9974d619343050,4d8ff5b287bb4e1ba6d0a0f79fc74457,fa6a5ac33235480f835203a30a9c2455,vehicle.car,v60-80,True,all corners behind or at the camera plane,0.0,0.0,0.0,0.0,0.0,0.0,0.0,0.0,False,0.0,0,1
clip_sample_006,13,df1863e3fe614f288a9974d619343050,4d8ff5b287bb4e1ba6d0a0f79fc74457,ff8706c344604bb88d789adc41556aab,vehicle.construction,v80-100,True,all corners behind or at the camera plane,0.0,0.0,0.0,0.0,0.0,0.0,0.0,0.0,False,0.0,181,2
clip_sample_006,19,9b6ce88572b947b3b8e141c8bfe96f5b,af8c2d8187aa463eab3cccbd6abc1573,0c3833f73f0e43288758cb87c9d2a4fe,vehicle.car,v80-100,True,all corners behind or at the camera plane,0.0,0.0,0.0,0.0,0.0,0.0,0.0,0.0,False,0.0,734,5
clip_sample_006,19,9b6ce88572b947b3b8e141c8bfe96f5b,af8c2d8187aa463eab3cccbd6abc1573,11ae216987c84c0abefef802331df41c,vehicle.car,v80-100,False,,960.8,429.95,1312.38,559.91,960.8,429.95,1312.38,559.91,False,18.603,8,5
clip_sample_006,19,9b6ce88572b947b3b8e141c8bfe96f5b,af8c2d8187aa463eab3cccbd6abc1573,2a318666f9144553a5700cd042626988,vehicle.car,v80-100,True,all corners behind or at the camera plane,0.0,0.0,0.0,0.0,0.0,0.0,0.0,0.0,False,0.0,9,2
clip_sample_006,19,9b6ce88572b947b3b8e141c8bfe96f5b,af8c2d8187aa463eab3cccbd6abc1573,38798e421c51439f883ead7073ce7b79,vehicle.car,v40-60,True,projected box falls entirely outside the image,0.0,0.0,0.0,0.0,0.0,0.0,0.0,0.0,False,0.0,4,0
clip_sample_006,19,9b6ce88572b947b3b8e141c8bfe96f5b,af8c2d8187aa463eab3cccbd6abc1573,3c16d6997c70488ab7e9dfd0fbec962e,human.pedestrian.adult,v80-100,True,projected box falls entirely outside the image,0.0,0.0,0.0,0.0,0.0,0.0,0.0,0.0,False,0.0,6,0
clip_sample_006,19,9b6ce88572b947b3b8e141c8bfe96f5b,af8c2d8187aa463eab3cccbd6abc1573,3ca372ae40fc4727a1e0e245122ccf94,vehicle.car,v80-100,False,,150.07,455.54,467.68,560.57,150.07,455.54,467.68,560.57,False,21.514,37,2
clip_sample_006,19,9b6ce88572b947b3b8e141c8bfe96f5b,af8c2d8187aa463eab3cccbd6abc1573,4b086f653d5a47a79f73f1d4a4d956d8,human.pedestrian.adult,v80-100,True,projected box falls entirely outside the image,0.0,0.0,0.0,0.0,0.0,0.0,0.0,0.0,False,0.0,10,0
clip_sample_006,19,9b6ce88572b947b3b8e141c8bfe96f5b,af8c2d8187aa463eab3cccbd6abc1573,4d616eaf86724fedb29f72f96b7feb62,movable_object.trafficcone,v60-80,True,all corners behind or at the camera plane,0.0,0.0,0.0,0.0,0.0,0.0,0.0,0.0,False,0.0,13,0
clip_sample_006,19,9b6ce88572b947b3b8e141c8bfe96f5b,af8c2d8187aa463eab3cccbd6abc1573,74f6177084924f27a7c2a0d9b7fe0085,movable_object.trafficcone,v80-100,True,all corners behind or at the camera plane,0.0,0.0,0.0,0.0,0.0,0.0,0.0,0.0,False,0.0,10,0
clip_sample_006,19,9b6ce88572b947b3b8e141c8bfe96f5b,af8c2d8187aa463eab3cccbd6abc1573,89f39b68d255409a8b3f172ccbd9d42b,vehicle.bus.rigid,v80-100,False,,643.98,415.61,697.64,467.5,643.98,415.61,697.64,467.5,False,97.751,2,0
clip_sample_006,19,9b6ce88572b947b3b8e141c8bfe96f5b,af8c2d8187aa463eab3cccbd6abc1573,ba9b515701e248b0a00c814447cea8a1,vehicle.bicycle,v80-100,False,,360.87,440.78,490.19,543.87,360.87,440.78,490.19,543.87,False,23.957,5,0
clip_sample_006,19,9b6ce88572b947b3b8e141c8bfe96f5b,af8c2d8187aa463eab3cccbd6abc1573,c02e9190395b41d6ae3db4e3d3c7ba4b,vehicle.car,v80-100,True,all corners behind or at the camera plane,0.0,0.0,0.0,0.0,0.0,0.0,0.0,0.0,False,0.0,2,2
clip_sample_006,19,9b6ce88572b947b3b8e141c8bfe96f5b,af8c2d8187aa463eab3cccbd6abc1573,c27a467cdb1c4643801745a2574d6a46,vehicle.car,v80-100,False,,927.77,434.75,1362.27,590.9,927.77,434.75,1362.27,590.9,False,14.42,131,9
clip_sample_006,19,9b6ce88572b947b3b8e141c8bfe96f5b,af8c2d8187aa463eab3cccbd6abc1573,e75bb479e10c426e9dcf5ff1afefa84d,vehicle.truck,v80-100,False,,0.0,48.3,183.85,900.0,-741.14,48.3,184.89,987.93,True,4.31,9958,3
clip_sample_006,19,9b6ce88572b947b3b8e141c8bfe96f5b,af8c2d8187aa463eab3cccbd6abc1573,fa6a5ac33235480f835203a30a9c2455,vehicle.car,v60-80,True,all corners behind or at the camera plane,0.0,0.0,0.0,0.0,0.0,0.0,0.0,0.0,False,0.0,0,1
clip_sample_006,19,9b6ce88572b947b3b8e141c8bfe96f5b,af8c2d8187aa463eab3cccbd6abc1573,ff8706c344604bb88d789adc41556aab,vehicle.construction,v80-100,True,all corners behind or at the camera plane,0.0,0.0,0.0,0.0,0.0,0.0,0.0,0.0,False,0.0,187,2
clip_sample_006,25,beea8d83b337481799c36c6561ec3de6,73ccc9c10a3547849b8ff130d50bac98,0c3833f73f0e43288758cb87c9d2a4fe,vehicle.car,v80-100,True,all corners behind or at the camera plane,0.0,0.0,0.0,0.0,0.0,0.0,0.0,0.0,False,0.0,733,5
clip_sample_006,25,beea8d83b337481799c36c6561ec3de6,73ccc9c10a3547849b8ff130d50bac98,11ae216987c84c0abefef802331df41c,vehicle.car,v80-100,False,,676.98,435.57,1006.1,559.55,676.98,435.57,1006.1,559.55,False,19.522,61,9
clip_sample_006,25,beea8d83b337481799c36c6561ec3de6,73ccc9c10a3547849b8ff130d50bac98,2a318666f9144553a5700cd042626988,vehicle.car,v80-100,True,all corners behind or at the camera plane,0.0,0.0,0.0,0.0,0.0,0.0,0.0,0.0,False,0.0,9,2
clip_sample_006,25,beea8d83b337481799c36c6561ec3de6,73ccc9c10a3547849b8ff130d50bac98,38798e421c51439f883ead7073ce7b79,vehicle.car,v60-80,True,projected box falls entirely outside the image,0.0,0.0,0.0,0.0,0.0,0.0,0.0,0.0,False,0.0,14,0
clip_sample_006,25,beea8d83b337481799c36c6561ec3de6,73ccc9c10a3547849b8ff130d50bac98,3c16d6997c70488ab7e9dfd0fbec962e,human.pedestrian.adult,v80-100,True,projected box falls entirely outside the image,0.0,0.0,0.0,0.0,0.0,0.0,0.0,0.0,False,0.0,10,0
clip_sample_006,25,beea8d83b337481799c36c6561ec3de6,73ccc9c10a3547849b8ff130d50bac98,3ca372ae40fc4727a1e0e245122ccf94,vehicle.car,v60-80,False,,0.0,462.23,279.55,562.49,-34.53,462.23,279.55,563.55,True,22.332,24,0
clip_sample_006,25,beea8d83b337481799c36c6561ec3de6,73ccc9c10a3547849b8ff130d50bac98,415f26c98be6425aa9bf929e724e9b90,vehicle.car,v80-100,True,projected box falls entirely outside the image,0.0,0.0,0.0,0.0,0.0,0.0,0.0,0.0,False,0.0,1,0
clip_sample_006,25,beea8d83b337481799c36c6561ec3de6,73ccc9c10a3547849b8ff130d50bac98,4b086f653d5a47a79f73f1d4a4d956d8,human.pedestrian.adult,v60-80,True,projected box falls entirely outside the image,0.0,0.0,0.0,0.0,0.0,0.0,0.0,0.0,False,0.0,7,0
clip_sample_006,25,beea8d83b337481799c36c6561ec3de6,73ccc9c10a3547849b8ff130d50bac98,4d616eaf86724fedb29f72f96b7feb62,movable_object.trafficcone,v60-80,True,all corners behind or at the camera plane,0.0,0.0,0.0,0.0,0.0,0.0,0.0,0.0,False,0.0,12,0
clip_sample_006,25,beea8d83b337481799c36c6561ec3de6,73ccc9c10a3547849b8ff130d50bac98,74f6177084924f27a7c2a0d9b7fe0085,movable_object.trafficcone,v80-100,True,all corners behind or at the camera plane,0.0,0.0,0.0,0.0,0.0,0.0,0.0,0.0,False,0.0,10,0
clip_sample_006,25,beea8d83b337481799c36c6561ec3de6,73ccc9c10a3547849b8ff130d50bac98,89f39b68d255409a8b3f172ccbd9d42b,vehicle.bus.rigid,v80-100,False,,638.52,417.32,692.42,466.49,638.52,417.32,692.42,466.49,False,102.728,1,0
clip_sample_006,25,beea8d83b337481799c36c6561ec3de6,73ccc9c10a3547849b8ff130d50bac98,ba9b515701e248b0a00c814447cea8a1,vehicle.bicycle,v80-100,False,,261.35,443.94,390.21,545.09,261.35,443.94,390.21,545.09,False,24.436,8,1
clip_sample_006,25,beea8d83b337481799c36c6561ec3de6,73ccc9c10a3547849b8ff130d50bac98,c02e9190395b41d6ae3db4e3d3c7ba4b,vehicle.car,v80-100,True,all corners behind or at the camera plane,0.0,0.0,0.0,0.0,0.0,0.0,0.0,0.0,False,0.0,2,2
clip_sample_006,25,beea8d83b337481799c36c6561ec3de6,73ccc9c10a3547849b8ff130d50bac98,c27a467cdb1c4643801745a2574d6a46,vehicle.car,v80-100,False,,1265.27,429.22,1600.0,588.23,1265.27,424.92,1774.33,588.23,True,13.817,89,4
clip_sample_006,25,beea8d83b337481799c36c6561ec3de6,73ccc9c10a3547849b8ff130d50bac98,e75bb479e10c426e9dcf5ff1afefa84d,vehicle.truck,v80-100,False,,0.0,45.77,181.18,900.0,-743.91,45.77,182.02,984.79,True,4.312,9976,4
clip_sample_006,25,beea8d83b337481799c36c6561ec3de6,73ccc9c10a3547849b8ff130d50bac98,fa6a5ac33235480f835203a30a9c2455,vehicle.car,v60-80,True,all corners behind or at the camera plane,0.0,0.0,0.0,0.0,0.0,0.0,0.0,0.0,False,0.0,0,1
clip_sample_006,25,beea8d83b337481799c36c6561ec3de6,73ccc9c10a3547849b8ff130d50bac98,ff8706c344604bb88d789adc41556aab,vehicle.construction,v80-100,True,all corners behind or at the camera plane,0.0,0.0,0.0,0.0,0.0,0.0,0.0,0.0,False,0.0,186,2
clip_sample_006,31,452cb8aa72de4124907764018407b8d8,e3bcde4a06124931a097ef2a211aaaef,0c3833f73f0e43288758cb87c9d2a4fe,vehicle.car,v80-100,True,all corners behind or at the camera plane,0.0,0.0,0.0,0.0,0.0,0.0,0.0,0.0,False,0.0,731,6
clip_sample_006,31,452cb8aa72de4124907764018407b8d8,e3bcde4a06124931a097ef2a211aaaef,11ae216987c84c0abefef802331df41c,vehicle.car,v80-100,False,,422.55,443.71,751.6,562.82,422.55,443.71,751.6,562.82,False,20.392,65,5
clip_sample_006,31,452cb8aa72de4124907764018407b8d8,e3bcde4a06124931a097ef2a211aaaef,2a318666f9144553a5700cd042626988,vehicle.car,v80-100,True,all corners behind or at the camera plane,0.0,0.0,0.0,0.0,0.0,0.0,0.0,0.0,False,0.0,10,4
clip_sample_006,31,452cb8aa72de4124907764018407b8d8,e3bcde4a06124931a097ef2a211aaaef,2c74f27891164c9182d5a0d0102dca8c,vehicle.truck,v0-40,True,projected box falls entirely outside the image,0.0,0.0,0.0,0.0,0.0,0.0,0.0,0.0,False,0.0,1,0
clip_sample_006,31,452cb8aa72de4124907764018407b8d8,e3bcde4a06124931a097ef2a211aaaef,38798e421c51439f883ead7073ce7b79,vehicle.car,v60-80,True,projected box falls entirely outside the image,0.0,0.0,0.0,0.0,0.0,0.0,0.0,0.0,False,0.0,9,1
clip_sample_006,31,452cb8aa72de4124907764018407b8d8,e3bcde4a06124931a097ef2a211aaaef,3c16d6997c70488ab7e9dfd0fbec962e,human.pedestrian.adult,v60-80,True,projected box falls entirely outside the image,0.0,0.0,0.0,0.0,0.0,0.0,0.0,0.0,False,0.0,15,0
clip_sample_006,31,452cb8aa72de4124907764018407b8d8,e3bcde4a06124931a097ef2a211aaaef,3ca372ae40fc4727a1e0e245122ccf94,vehicle.car,v40-60,False,,0.0,463.19,104.3,553.04,-206.21,463.19,104.3,560.84,True,23.147,2,1
clip_sample_006,31,452cb8aa72de4124907764018407b8d8,e3bcde4a06124931a097ef2a211aaaef,415f26c98be6425aa9bf929e724e9b90,vehicle.car,v60-80,True,projected box falls entirely outside the image,0.0,0.0,0.0,0.0,0.0,0.0,0.0,0.0,False,0.0,1,0
clip_sample_006,31,452cb8aa72de4124907764018407b8d8,e3bcde4a06124931a097ef2a211aaaef,4b086f653d5a47a79f73f1d4a4d956d8,human.pedestrian.adult,v0-40,True,projected box falls entirely outside the image,0.0,0.0,0.0,0.0,0.0,0.0,0.0,0.0,False,0.0,2,0
clip_sample_006,31,452cb8aa72de4124907764018407b8d8,e3bcde4a06124931a097ef2a211aaaef,4d616eaf86724fedb29f72f96b7feb62,movable_object.trafficcone,v60-80,True,all corners behind or at the camera plane,0.0,0.0,0.0,0.0,0.0,0.0,0.0,0.0,False,0.0,14,0
clip_sample_006,31,452cb8aa72de4124907764018407b8d8,e3bcde4a06124931a097ef2a211aaaef,74f6177084924f27a7c2a0d9b7fe0085,movable_object.trafficcone,v80-100,True,all corners behind or at the camera plane,0.0,0.0,0.0,0.0,0.0,0.0,0.0,0.0,False,0.0,14,0
clip_sample_006,31,452cb8aa72de4124907764018407b8d8,e3bcde4a06124931a097ef2a211aaaef,89f39b68d255409a8b3f172ccbd9d42b,vehicle.bus.rigid,v80-100,False,,633.64,419.01,687.79,465.73,633.64,419.01,687.79,465.73,False,107.705,3,0
clip_sample_006,31,452cb8aa72de4124907764018407b8d8,e3bcde4a06124931a097ef2a211aaaef,ba9b515701e248b0a00c814447cea8a1,vehicle.bicycle,v80-100,False,,165.73,447.07,294.26,546.32,165.73,447.07,294.26,546.32,False,24.914,3,0
clip_sample_006,31,452cb8aa72de4124907764018407b8d8,e3bcde4a06124931a097ef2a211aaaef,c02e9190395b41d6ae3db4e3d3c7ba4b,vehicle.car,v80-100,True,all corners behind or at the camera plane,0.0,0.0,0.0,0.0,0.0,0.0,0.0,0.0,False,0.0,2,2
clip_sample_006,31,452cb8aa72de4124907764018407b8d8,e3bcde4a06124931a097ef2a211aaaef,c27a467cdb1c4643801745a2574d6a46,vehicle.car,v80-100,True,projected box falls entirely outside the image,0.0,0.0,0.0,0.0,0.0,0.0,0.0,0.0,False,0.0,54,4
clip_sample_006,31,452cb8aa72de4124907764018407b8d8,e3bcde4a06124931a097ef2a211aaaef,e75bb479e10c426e9dcf5ff1afefa84d,vehicle.truck,v80-100,False,,0.0,43.71,178.67,900.0,-746.04,43.71,179.34,981.9,True,4.315,9944,4
clip_sample_006,31,452cb8aa72de4124907764018407b8d8,e3bcde4a06124931a097ef2a211aaaef,fa6a5ac33235480f835203a30a9c2455,vehicle.car,v60-80,True,all corners behind or at the camera plane,0.0,0.0,0.0,0.0,0.0,0.0,0.0,0.0,False,0.0,0,1
clip_sample_006,31,452cb8aa72de4124907764018407b8d8,e3bcde4a06124931a097ef2a211aaaef,ff8706c344604bb88d789adc41556aab,vehicle.construction,v80-100,True,all corners behind or at the camera plane,0.0,0.0,0.0,0.0,0.0,0.0,0.0,0.0,False,0.0,189,2
clip_sample_011,1,c1a7b405ddce4180bdc32190642cda91,3b594831ff7f4e27a9889c7b7d0d8e92,005855d523f84d8a9e3bef3031c93e56,human.pedestrian.adult,v80-100,True,projected box falls entirely outside the image,0.0,0.0,0.0,0.0,0.0,0.0,0.0,0.0,False,0.0,5,0
clip_sample_011,1,c1a7b405ddce4180bdc32190642cda91,3b594831ff7f4e27a9889c7b7d0d8e92,0a70b7f2364c4a0eb1512694661b4dc8,human.pedestrian.adult,v60-80,False,,1423.45,544.14,1456.51,610.94,1423.45,544.14,1456.51,610.94,False,30.663,1,0
clip_sample_011,1,c1a7b405ddce4180bdc32190642cda91,3b594831ff7f4e27a9889c7b7d0d8e92,0ae0723e31c9489492e6d53e21598d6c,human.pedestrian.adult,v80-100,False,,1468.14,547.83,1509.67,623.98,1468.14,547.83,1509.67,623.98,False,28.186,5,0
clip_sample_011,1,c1a7b405ddce4180bdc32190642cda91,3b594831ff7f4e27a9889c7b7d0d8e92,0c55b24f75814764ab76476f6d77c436,vehicle.car,v40-60,True,projected box falls entirely outside the image,0.0,0.0,0.0,0.0,0.0,0.0,0.0,0.0,False,0.0,2,0
clip_sample_011,1,c1a7b405ddce4180bdc32190642cda91,3b594831ff7f4e27a9889c7b7d0d8e92,13e93cfb18fa472cb347d1129cfbab9e,human.pedestrian.adult,v80-100,False,,1598.17,543.89,1600.0,617.54,1598.17,543.78,1638.33,619.61,True,29.903,3,0
clip_sample_011,1,c1a7b405ddce4180bdc32190642cda91,3b594831ff7f4e27a9889c7b7d0d8e92,155047a77309452a908e6c96ddd60b55,human.pedestrian.adult,v0-40,False,,581.11,529.3,702.77,694.14,581.11,529.3,702.77,694.14,False,13.791,0,0
clip_sample_011,1,c1a7b405ddce4180bdc32190642cda91,3b594831ff7f4e27a9889c7b7d0d8e92,27c29ce8b23147a9b30c905cee92fb0c,human.pedestrian.adult,v0-40,True,projected box falls entirely outside the image,0.0,0.0,0.0,0.0,0.0,0.0,0.0,0.0,False,0.0,1,0
clip_sample_011,1,c1a7b405ddce4180bdc32190642cda91,3b594831ff7f4e27a9889c7b7d0d8e92,2bfbbe1b78b341b7a1fc0474ef84bafb,human.pedestrian.adult,v80-100,True,projected box falls entirely outside the image,0.0,0.0,0.0,0.0,0.0,0.0,0.0,0.0,False,0.0,3,0
clip_sample_011,1,c1a7b405ddce4180bdc32190642cda91,3b594831ff7f4e27a9889c7b7d0d8e92,2c44e4c8d57345dfb834a2c524eee269,vehicle.bus.rigid,v0-40,True,projected box falls entirely outside the image,0.0,0.0,0.0,0.0,0.0,0.0,0.0,0.0,False,0.0,13,0
clip_sample_011,1,c1a7b405ddce4180bdc32190642cda91,3b594831ff7f4e27a9889c7b7d0d8e92,2c761ca3c6e745ab8b7553a3f3dc937e,human.pedestrian.adult,v80-100,True,projected box falls entirely outside the image,0.0,0.0,0.0,0.0,0.0,0.0,0.0,0.0,False,0.0,11,0
clip_sample_011,1,c1a7b405ddce4180bdc32190642cda91,3b594831ff7f4e27a9889c7b7d0d8e92,3288bc56cb484253b0e9d877d7d1f437,human.pedestrian.adult,v80-100,True,projected box falls entirely outside the image,0.0,0.0,0.0,0.0,0.0,0.0,0.0,0.0,False,0.0,4,0
clip_sample_011,1,c1a7b405ddce4180bdc32190642cda91,3b594831ff7f4e27a9889c7b7d0d8e92,3543efbc49b147c6a7151e945b999fe5,human.pedestrian.adult,v0-40,True,projected box falls entirely outside the image,0.0,0.0,0.0,0.0,0.0,0.0,0.0,0.0,False,0.0,12,0
clip_sample_011,1,c1a7b405ddce4180bdc32190642cda91,3b594831ff7f4e27a9889c7b7d0d8e92,3b12bb50abc6479aad7cdca503c4339d,vehicle.bicycle,v60-80,True,all corners behind or at the camera plane,0.0,0.0,0.0,0.0,0.0,0.0,0.0,0.0,False,0.0,8,0
clip_sample_011,1,c1a7b405ddce4180bdc32190642cda91,3b594831ff7f4e27a9889c7b7d0d8e92,3e6b4e722f39423f8b3a7da562449891,human.pedestrian.adult,v80-100,False,,1590.94,546.93,1600.0,619.41,1590.94,546.91,1629.74,620.58,True,30.779,1,0
clip_sample_011,1,c1a7b405ddce4180bdc32190642cda91,3b594831ff7f4e27a9889c7b7d0d8e92,3f81e988f45c44119cca8011a3274603,vehicle.car,v80-100,False,,355.79,476.59,854.08,878.59,355.79,476.59,854.08,878.59,False,8.175,414,3
clip_sample_011,1,c1a7b405ddce4180bdc32190642cda91,3b594831ff7f4e27a9889c7b7d0d8e92,41fd985de63547f48fe139c572ddbacb,vehicle.car,v0-40,True,projected box falls entirely outside the image,0.0,0.0,0.0,0.0,0.0,0.0,0.0,0.0,False,0.0,5,0
clip_sample_011,1,c1a7b405ddce4180bdc32190642cda91,3b594831ff7f4e27a9889c7b7d0d8e92,43e0b606c4dc44eabf8c2de8f44411b9,human.pedestrian.adult,v40-60,True,projected box falls entirely outside the image,0.0,0.0,0.0,0.0,0.0,0.0,0.0,0.0,False,0.0,1,0
clip_sample_011,1,c1a7b405ddce4180bdc32190642cda91,3b594831ff7f4e27a9889c7b7d0d8e92,46a3cc53b10846a3a6a61c51b0f3a7b5,human.pedestrian.adult,v0-40,True,projected box falls entirely outside the image,0.0,0.0,0.0,0.0,0.0,0.0,0.0,0.0,False,0.0,3,0
clip_sample_011,1,c1a7b405ddce4180bdc32190642cda91,3b594831ff7f4e27a9889c7b7d0d8e92,47304f98d3d3484d8af8d5e4c7428022,human.pedestrian.personal_mobility,v80-100,False,,0.0,424.14,60.63,809.51,-352.19,411.16,60.63,833.32,True,6.141,85,0
clip_sample_011,1,c1a7b405ddce4180bdc32190642cda91,3b594831ff7f4e27a9889c7b7d0d8e92,55f7fb5fa2854b0da825c2cd1c94b23b,human.pedestrian.adult,v80-100,True,projected box falls entirely outside the image,0.0,0.0,0.0,0.0,0.0,0.0,0.0,0.0,False,0.0,57,0
clip_sample_011,1,c1a7b405ddce4180bdc32190642cda91,3b594831ff7f4e27a9889c7b7d0d8e92,575b8651141f42d7bcaf03a8cab65bd3,human.pedestrian.adult,v80-100,False,,1078.13,561.19,1136.54,662.74,1078.13,561.19,1136.54,662.74,False,22.44,6,0
clip_sample_011,1,c1a7b405ddce4180bdc32190642cda91,3b594831ff7f4e27a9889c7b7d0d8e92,6a4b9f7abafd44f38ff670c3064b13dc,vehicle.car,v80-100,True,projected box falls entirely outside the image,0.0,0.0,0.0,0.0,0.0,0.0,0.0,0.0,False,0.0,94,1
clip_sample_011,1,c1a7b405ddce4180bdc32190642cda91,3b594831ff7f4e27a9889c7b7d0d8e92,7b8032aef1494ed28eb726c0fe7b7be7,vehicle.car,v80-100,False,,0.0,494.62,280.56,643.89,-12.91,494.62,280.56,643.89,True,19.937,38,3
clip_sample_011,1,c1a7b405ddce4180bdc32190642cda91,3b594831ff7f4e27a9889c7b7d0d8e92,7e7f7598a9094b23a1268c4fc85cfb17,human.pedestrian.adult,v40-60,True,projected box falls entirely outside the image,0.0,0.0,0.0,0.0,0.0,0.0,0.0,0.0,False,0.0,1,0
clip_sample_011,1,c1a7b405ddce4180bdc32190642cda91,3b594831ff7f4e27a9889c7b7d0d8e92,870c468534f7401cba587f6af0dc2eec,vehicle.car,v80-100,True,all corners behind or at the camera plane,0.0,0.0,0.0,0.0,0.0,0.0,0.0,0.0,False,0.0,225,8
clip_sample_011,1,c1a7b405ddce4180bdc32190642cda91,3b594831ff7f4e27a9889c7b7d0d8e92,8c3247533921448abe371a59d4696252,human.pedestrian.adult,v80-100,False,,1340.63,564.59,1390.57,660.84,1340.63,564.59,1390.57,660.84,False,23.574,6,0
clip_sample_011,1,c1a7b405ddce4180bdc32190642cda91,3b594831ff7f4e27a9889c7b7d0d8e92,911ed6e0595042f7a6fde8a57825726b,human.pedestrian.adult,v80-100,True,projected box falls entirely outside the image,0.0,0.0,0.0,0.0,0.0,0.0,0.0,0.0,False,0.0,7,0
clip_sample_011,1,c1a7b405ddce4180bdc32190642cda91,3b594831ff7f4e27a9889c7b7d0d8e92,9441225cd01f4730a02b5d8927063f53,human.pedestrian.adult,v80-100,True,projected box falls entirely outside the image,0.0,0.0,0.0,0.0,0.0,0.0,0.0,0.0,False,0.0,20,0
clip_sample_011,1,c1a7b405ddce4180bdc32190642cda91,3b594831ff7f4e27a9889c7b7d0d8e92,9777aa985269472595ff1ee88420008f,human.pedestrian.adult,v80-100,True,projected box falls entirely outside the image,0.0,0.0,0.0,0.0,0.0,0.0,0.0,0.0,False,0.0,31,0
clip_sample_011,1,c1a7b405ddce4180bdc32190642cda91,3b594831ff7f4e27a9889c7b7d0d8e92,986c792f751041d38689019012a2e97b,human.pedestrian.adult,v60-80,True,projected box falls entirely outside the image,0.0,0.0,0.0,0.0,0.0,0.0,0.0,0.0,False,0.0,3,0
clip_sample_011,1,c1a7b405ddce4180bdc32190642cda91,3b594831ff7f4e27a9889c7b7d0d8e92,a0328b62fcaa46a093c7de5ae9b53ecf,vehicle.car,v80-100,False,,143.1,460.59,494.24,622.0,143.1,460.59,494.24,622.0,False,26.352,64,0
clip_sample_011,1,c1a7b405ddce4180bdc32190642cda91,3b594831ff7f4e27a9889c7b7d0d8e92,a17eaee4f19f45e2a80e0ed11751b86b,vehicle.car,v0-40,True,projected box falls entirely outside the image,0.0,0.0,0.0,0.0,0.0,0.0,0.0,0.0,False,0.0,0,0
clip_sample_011,1,c1a7b405ddce4180bdc32190642cda91,3b594831ff7f4e27a9889c7b7d0d8e92,a2cf4f44341946b8b1359049c8bac214,human.pedestrian.adult,v80-100,True,projected box falls entirely outside the image,0.0,0.0,0.0,0.0,0.0,0.0,0.0,0.0,False,0.0,2,0
clip_sample_011,1,c1a7b405ddce4180bdc32190642cda91,3b594831ff7f4e27a9889c7b7d0d8e92,a811914d417942b182285ca2bad0d1a8,human.pedestrian.adult,v80-100,True,projected box falls entirely outside the image,0.0,0.0,0.0,0.0,0.0,0.0,0.0,0.0,False,0.0,6,0
clip_sample_011,1,c1a7b405ddce4180bdc32190642cda91,3b594831ff7f4e27a9889c7b7d0d8e92,af4dc3d76f18426d8a4541876cb997c0,human.pedestrian.adult,v0-40,False,,1101.3,505.71,1149.79,573.8,1101.3,505.71,1149.79,573.8,False,34.041,3,0
clip_sample_011,1,c1a7b405ddce4180bdc32190642cda91,3b594831ff7f4e27a9889c7b7d0d8e92,af9f8e591cf54233a6ac8bbb58c7872d,human.pedestrian.adult,v80-100,True,projected box falls entirely outside the image,0.0,0.0,0.0,0.0,0.0,0.0,0.0,0.0,False,0.0,4,0
clip_sample_011,1,c1a7b405ddce4180bdc32190642cda91,3b594831ff7f4e27a9889c7b7d0d8e92,b20e566fd73e4a6e9797b11a0657aa03,human.pedestrian.adult,v0-40,True,all corners behind or at the camera plane,0.0,0.0,0.0,0.0,0.0,0.0,0.0,0.0,False,0.0,3,0
clip_sample_011,1,c1a7b405ddce4180bdc32190642cda91,3b594831ff7f4e27a9889c7b7d0d8e92,b7fb892b65c04d319f238a827eb0a1e5,human.pedestrian.adult,v80-100,True,all corners behind or at the camera plane,0.0,0.0,0.0,0.0,0.0,0.0,0.0,0.0,False,0.0,3,0
clip_sample_011,1,c1a7b405ddce4180bdc32190642cda91,3b594831ff7f4e27a9889c7b7d0d8e92,b9cfadb6439a4ee5a9faf4f4ecbd2408,human.pedestrian.adult,v80-100,True,projected box falls entirely outside the image,0.0,0.0,0.0,0.0,0.0,0.0,0.0,0.0,False,0.0,8,0
clip_sample_011,1,c1a7b405ddce4180bdc32190642cda91,3b594831ff7f4e27a9889c7b7d0d8e92,bbab4b240644425ea76ee82dde094e49,vehicle.car,v0-40,False,,0.0,521.11,56.05,600.67,-213.06,516.35,56.05,601.65,True,25.242,5,0
clip_sample_011,1,c1a7b405ddce4180bdc32190642cda91,3b594831ff7f4e27a9889c7b7d0d8e92,c3c2aa02ee5f430a85a3d6bc3f33d1d4,human.pedestrian.adult,v80-100,True,all corners behind or at the camera plane,0.0,0.0,0.0,0.0,0.0,0.0,0.0,0.0,False,0.0,4,0
clip_sample_011,1,c1a7b405ddce4180bdc32190642cda91,3b594831ff7f4e27a9889c7b7d0d8e92,c5bf5dcd6ce44959812034babd813887,human.pedestrian.adult,v80-100,False,,1008.21,554.94,1052.8,641.59,1008.21,554.94,1052.8,641.59,False,25.09,3,0
clip_sample_011,1,c1a7b405ddce4180bdc32190642cda91,3b594831ff7f4e27a9889c7b7d0d8e92,c82d05b5d41b4618995950edb7922349,vehicle.car,v0-40,True,projected box falls entirely outside the image,0.0,0.0,0.0,0.0,0.0,0.0,0.0,0.0,False,0.0,5,0
clip_sample_011,1,c1a7b405ddce4180bdc32190642cda91,3b594831ff7f4e27a9889c7b7d0d8e92,cd1add73166f4b43aa014f51a30f662c,vehicle.bicycle,v60-80,True,all corners behind or at the camera plane,0.0,0.0,0.0,0.0,0.0,0.0,0.0,0.0,False,0.0,1,0
clip_sample_011,1,c1a7b405ddce4180bdc32190642cda91,3b594831ff7f4e27a9889c7b7d0d8e92,ce93ff973b8047f9b80668b81debca3b,human.pedestrian.adult,v80-100,False,,969.37,502.67,1003.85,574.76,969.37,502.67,1003.85,574.76,False,33.745,4,0
clip_sample_011,1,c1a7b405ddce4180bdc32190642cda91,3b594831ff7f4e27a9889c7b7d0d8e92,d0de3763c12f4eea8ff4eab91a887297,human.pedestrian.adult,v80-100,True,projected box falls entirely outside the image,0.0,0.0,0.0,0.0,0.0,0.0,0.0,0.0,False,0.0,5,0
clip_sample_011,1,c1a7b405ddce4180bdc32190642cda91,3b594831ff7f4e27a9889c7b7d0d8e92,d4caaa59277b48a5a750d5d9ead9e402,vehicle.car,v80-100,True,projected box falls entirely outside the image,0.0,0.0,0.0,0.0,0.0,0.0,0.0,0.0,False,0.0,2,0
clip_sample_011,1,c1a7b405ddce4180bdc32190642cda91,3b594831ff7f4e27a9889c7b7d0d8e92,d569afe307654e3c82846e568999afec,human.pedestrian.adult,v40-60,True,projected box falls entirely outside the image,0.0,0.0,0.0,0.0,0.0,0.0,0.0,0.0,False,0.0,2,0
clip_sample_011,1,c1a7b405ddce4180bdc32190642cda91,3b594831ff7f4e27a9889c7b7d0d8e92,d61323aefb8640da9d5258fae57c2d1c,human.pedestrian.adult,v80-100,True,projected box falls entirely outside the image,0.0,0.0,0.0,0.0,0.0,0.0,0.0,0.0,False,0.0,2,0
clip_sample_011,1,c1a7b405ddce4180bdc32190642cda91,3b594831ff7f4e27a9889c7b7d0d8e92,d8da4b1be5e14912b2a3b86ea27b7716,human.pedestrian.adult,v0-40,True,projected box falls entirely outside the image,0.0,0.0,0.0,0.0,0.0,0.0,0.0,0.0,False,0.0,1,0
clip_sample_011,1,c1a7b405ddce4180bdc32190642cda91,3b594831ff7f4e27a9889c7b7d0d8e92,dbdc553e768b4ee7abfc3b456a991fa2,vehicle.car,v0-40,True,projected box falls entirely outside the image,0.0,0.0,0.0,0.0,0.0,0.0,0.0,0.0,False,0.0,2,0
clip_sample_011,1,c1a7b405ddce4180bdc32190642cda91,3b594831ff7f4e27a9889c7b7d0d8e92,dc534f142fbf42afbdd38a1afae9df7f,human.pedestrian.adult,v80-100,True,all corners behind or at the camera plane,0.0,0.0,0.0,0.0,0.0,0.0,0.0,0.0,False,0.0,28,0
clip_sample_011,1,c1a7b405ddce4180bdc32190642cda91,3b594831ff7f4e27a9889c7b7d0d8e92,e6505be7823b40858d669c34afba37c4,human.pedestrian.adult,v0-40,False,,650.32,549.11,696.92,653.92,650.32,549.11,696.92,653.92,False,22.109,0,0
clip_sample_011,1,c1a7b405ddce4180bdc32190642cda91,3b594831ff7f4e27a9889c7b7d0d8e92,e6d7aee18c7c4c5c953ee4bcee294834,human.pedestrian.adult,v80-100,True,projected box falls entirely outside the image,0.0,0.0,0.0,0.0,0.0,0.0,0.0,0.0,False,0.0,5,0
clip_sample_011,1,c1a7b405ddce4180bdc32190642cda91,3b594831ff7f4e27a9889c7b7d0d8e92,ec69560d753043d28b2f905dffdea722,vehicle.car,v0-40,False,,76.68,530.29,375.0,625.33,76.68,530.29,375.0,625.33,False,23.579,9,1
clip_sample_011,1,c1a7b405ddce4180bdc32190642cda91,3b594831ff7f4e27a9889c7b7d0d8e92,f0af9c2de58e496687a6f81e36991492,vehicle.bicycle,v80-100,False,,992.26,577.17,1078.68,630.87,992.26,577.17,1078.68,630.87,False,27.616,11,0
clip_sample_011,1,c1a7b405ddce4180bdc32190642cda91,3b594831ff7f4e27a9889c7b7d0d8e92,f12d635edc9b4062897f56432583cc54,human.pedestrian.adult,v80-100,True,all corners behind or at the camera plane,0.0,0.0,0.0,0.0,0.0,0.0,0.0,0.0,False,0.0,12,0
clip_sample_011,1,c1a7b405ddce4180bdc32190642cda91,3b594831ff7f4e27a9889c7b7d0d8e92,f2e5400419984231855abb04d5efa716,human.pedestrian.adult,v0-40,True,projected box falls entirely outside the image,0.0,0.0,0.0,0.0,0.0,0.0,0.0,0.0,False,0.0,3,0
clip_sample_011,1,c1a7b405ddce4180bdc32190642cda91,3b594831ff7f4e27a9889c7b7d0d8e92,fbcad891cccb4d8a8fba633468335667,vehicle.car,v0-40,False,,582.64,536.09,780.02,604.09,582.64,536.09,780.02,604.09,False,31.649,0,0
clip_sample_011,1,c1a7b405ddce4180bdc32190642cda91,3b594831ff7f4e27a9889c7b7d0d8e92,ff7b5cbe03fa4c54ba9a3d07284b60a2,human.pedestrian.adult,v80-100,True,all corners behind or at the camera plane,0.0,0.0,0.0,0.0,0.0,0.0,0.0,0.0,False,0.0,4,0
clip_sample_011,7,4533b16ea9124957960f9ccd5eeb2429,8178cfbc864e4cb0b6e35746b32bed9f,005855d523f84d8a9e3bef3031c93e56,human.pedestrian.adult,v80-100,True,projected box falls entirely outside the image,0.0,0.0,0.0,0.0,0.0,0.0,0.0,0.0,False,0.0,5,0
clip_sample_011,7,4533b16ea9124957960f9ccd5eeb2429,8178cfbc864e4cb0b6e35746b32bed9f,0a70b7f2364c4a0eb1512694661b4dc8,human.pedestrian.adult,v60-80,False,,1415.1,522.45,1449.59,591.77,1415.1,522.45,1449.59,591.77,False,29.492,2,0
clip_sample_011,7,4533b16ea9124957960f9ccd5eeb2429,8178cfbc864e4cb0b6e35746b32bed9f,0ae0723e31c9489492e6d53e21598d6c,human.pedestrian.adult,v80-100,False,,1456.09,532.44,1500.97,611.89,1456.09,532.44,1500.97,611.89,False,26.979,4,1
clip_sample_011,7,4533b16ea9124957960f9ccd5eeb2429,8178cfbc864e4cb0b6e35746b32bed9f,0c55b24f75814764ab76476f6d77c436,vehicle.car,v60-80,True,projected box falls entirely outside the image,0.0,0.0,0.0,0.0,0.0,0.0,0.0,0.0,False,0.0,2,0
clip_sample_011,7,4533b16ea9124957960f9ccd5eeb2429,8178cfbc864e4cb0b6e35746b32bed9f,13e93cfb18fa472cb347d1129cfbab9e,human.pedestrian.adult,v80-100,True,projected box falls entirely outside the image,0.0,0.0,0.0,0.0,0.0,0.0,0.0,0.0,False,0.0,2,1
clip_sample_011,7,4533b16ea9124957960f9ccd5eeb2429,8178cfbc864e4cb0b6e35746b32bed9f,155047a77309452a908e6c96ddd60b55,human.pedestrian.adult,v0-40,False,,592.54,513.26,719.78,687.71,592.54,513.26,719.78,687.71,False,13.041,0,0
clip_sample_011,7,4533b16ea9124957960f9ccd5eeb2429,8178cfbc864e4cb0b6e35746b32bed9f,27c29ce8b23147a9b30c905cee92fb0c,human.pedestrian.adult,v0-40,True,projected box falls entirely outside the image,0.0,0.0,0.0,0.0,0.0,0.0,0.0,0.0,False,0.0,7,0
clip_sample_011,7,4533b16ea9124957960f9ccd5eeb2429,8178cfbc864e4cb0b6e35746b32bed9f,2bfbbe1b78b341b7a1fc0474ef84bafb,human.pedestrian.adult,v0-40,True,projected box falls entirely outside the image,0.0,0.0,0.0,0.0,0.0,0.0,0.0,0.0,False,0.0,0,0
clip_sample_011,7,4533b16ea9124957960f9ccd5eeb2429,8178cfbc864e4cb0b6e35746b32bed9f,2c44e4c8d57345dfb834a2c524eee269,vehicle.bus.rigid,v0-40,True,projected box falls entirely outside the image,0.0,0.0,0.0,0.0,0.0,0.0,0.0,0.0,False,0.0,9,5
clip_sample_011,7,4533b16ea9124957960f9ccd5eeb2429,8178cfbc864e4cb0b6e35746b32bed9f,2c761ca3c6e745ab8b7553a3f3dc937e,human.pedestrian.adult,v80-100,True,projected box falls entirely outside the image,0.0,0.0,0.0,0.0,0.0,0.0,0.0,0.0,False,0.0,13,0
clip_sample_011,7,4533b16ea9124957960f9ccd5eeb2429,8178cfbc864e4cb0b6e35746b32bed9f,3288bc56cb484253b0e9d877d7d1f437,human.pedestrian.adult,v80-100,True,projected box falls entirely outside the image,0.0,0.0,0.0,0.0,0.0,0.0,0.0,0.0,False,0.0,1,0
clip_sample_011,7,4533b16ea9124957960f9ccd5eeb2429,8178cfbc864e4cb0b6e35746b32bed9f,3543efbc49b147c6a7151e945b999fe5,human.pedestrian.adult,v0-40,True,all corners behind or at the camera plane,0.0,0.0,0.0,0.0,0.0,0.0,0.0,0.0,False,0.0,16,0
clip_sample_011,7,4533b16ea9124957960f9ccd5eeb2429,8178cfbc864e4cb0b6e35746b32bed9f,3b12bb50abc6479aad7cdca503c4339d,vehicle.bicycle,v80-100,True,all corners behind or at the camera plane,0.0,0.0,0.0,0.0,0.0,0.0,0.0,0.0,False,0.0,5,0
clip_sample_011,7,4533b16ea9124957960f9ccd5eeb2429,8178cfbc864e4cb0b6e35746b32bed9f,3e6b4e722f39423f8b3a7da562449891,human.pedestrian.adult,v80-100,True,projected box falls entirely outside the image,0.0,0.0,0.0,0.0,0.0,0.0,0.0,0.0,False,0.0,2,0
clip_sample_011,7,4533b16ea9124957960f9ccd5eeb2429,8178cfbc864e4cb0b6e35746b32bed9f,3f81e988f45c44119cca8011a3274603,vehicle.car,v80-100,False,,215.64,463.12,754.49,894.52,215.64,463.12,754.49,894.52,False,7.736,462,2
clip_sample_011,7,4533b16ea9124957960f9ccd5eeb2429,8178cfbc864e4cb0b6e35746b32bed9f,41fd985de63547f48fe139c572ddbacb,vehicle.car,v0-40,True,projected box falls entirely outside the image,0.0,0.0,0.0,0.0,0.0,0.0,0.0,0.0,False,0.0,2,0
clip_sample_011,7,4533b16ea9124957960f9ccd5eeb2429,8178cfbc864e4cb0b6e35746b32bed9f,43e0b606c4dc44eabf8c2de8f44411b9,human.pedestrian.adult,v60-80,True,projected box falls entirely outside the image,0.0,0.0,0.0,0.0,0.0,0.0,0.0,0.0,False,0.0,1,0
clip_sample_011,7,4533b16ea9124957960f9ccd5eeb2429,8178cfbc864e4cb0b6e35746b32bed9f,46a3cc53b10846a3a6a61c51b0f3a7b5,human.pedestrian.adult,v0-40,True,projected box falls entirely outside the image,0.0,0.0,0.0,0.0,0.0,0.0,0.0,0.0,False,0.0,3,0
clip_sample_011,7,4533b16ea9124957960f9ccd5eeb2429,8178cfbc864e4cb0b6e35746b32bed9f,47304f98d3d3484d8af8d5e4c7428022,human.pedestrian.personal_mobility,v80-100,True,projected box falls entirely outside the image,0.0,0.0,0.0,0.0,0.0,0.0,0.0,0.0,False,0.0,114,0
clip_sample_011,7,4533b16ea9124957960f9ccd5eeb2429,8178cfbc864e4cb0b6e35746b32bed9f,55f7fb5fa2854b0da825c2cd1c94b23b,human.pedestrian.adult,v80-100,True,projected box falls entirely outside the image,0.0,0.0,0.0,0.0,0.0,0.0,0.0,0.0,False,0.0,67,0
clip_sample_011,7,4533b16ea9124957960f9ccd5eeb2429,8178cfbc864e4cb0b6e35746b32bed9f,575b8651141f42d7bcaf03a8cab65bd3,human.pedestrian.adult,v80-100,False,,1121.46,544.21,1182.71,649.69,1121.46,544.21,1182.71,649.69,False,21.597,9,0
clip_sample_011,7,4533b16ea9124957960f9ccd5eeb2429,8178cfbc864e4cb0b6e35746b32bed9f,6a4b9f7abafd44f38ff670c3064b13dc,vehicle.car,v80-100,True,projected box falls entirely outside the image,0.0,0.0,0.0,0.0,0.0,0.0,0.0,0.0,False,0.0,92,4
clip_sample_011,7,4533b16ea9124957960f9ccd5eeb2429,8178cfbc864e4cb0b6e35746b32bed9f,7b8032aef1494ed28eb726c0fe7b7be7,vehicle.car,v80-100,False,,0.0,474.6,237.41,635.61,-73.65,474.6,237.41,635.61,True,18.615,65,3
clip_sample_011,7,4533b16ea9124957960f9ccd5eeb2429,8178cfbc864e4cb0b6e35746b32bed9f,7e7f7598a9094b23a1268c4fc85cfb17,human.pedestrian.adult,v60-80,True,projected box falls entirely outside the image,0.0,0.0,0.0,0.0,0.0,0.0,0.0,0.0,False,0.0,2,0
clip_sample_011,7,4533b16ea9124957960f9ccd5eeb2429,8178cfbc864e4cb0b6e35746b32bed9f,870c468534f7401cba587f6af0dc2eec,vehicle.car,v80-100,True,all corners behind or at the camera plane,0.0,0.0,0.0,0.0,0.0,0.0,0.0,0.0,False,0.0,162,8
clip_sample_011,7,4533b16ea9124957960f9ccd5eeb2429,8178cfbc864e4cb0b6e35746b32bed9f,8c3247533921448abe371a59d4696252,human.pedestrian.adult,v80-100,False,,1393.22,544.8,1446.21,644.98,1393.22,544.8,1446.21,644.98,False,22.619,4,0
clip_sample_011,7,4533b16ea9124957960f9ccd5eeb2429,8178cfbc864e4cb0b6e35746b32bed9f,8e992e7479094a61a550b951c1451092,human.pedestrian.adult,v80-100,False,,685.43,530.32,733.26,635.12,685.43,530.32,733.26,635.12,False,20.814,2,2
clip_sample_011,7,4533b16ea9124957960f9ccd5eeb2429,8178cfbc864e4cb0b6e35746b32bed9f,911ed6e0595042f7a6fde8a57825726b,human.pedestrian.adult,v80-100,True,projected box falls entirely outside the image,0.0,0.0,0.0,0.0,0.0,0.0,0.0,0.0,False,0.0,6,0
clip_sample_011,7,4533b16ea9124957960f9ccd5eeb2429,8178cfbc864e4cb0b6e35746b32bed9f,9441225cd01f4730a02b5d8927063f53,human.pedestrian.adult,v80-100,True,projected box falls entirely outside the image,0.0,0.0,0.0,0.0,0.0,0.0,0.0,0.0,False,0.0,20,0
clip_sample_011,7,4533b16ea9124957960f9ccd5eeb2429,8178cfbc864e4cb0b6e35746b32bed9f,9777aa985269472595ff1ee88420008f,human.pedestrian.adult,v80-100,True,all corners behind or at the camera plane,0.0,0.0,0.0,0.0,0.0,0.0,0.0,0.0,False,0.0,28,0
clip_sample_011,7,4533b16ea9124957960f9ccd5eeb2429,8178cfbc864e4cb0b6e35746b32bed9f,986c792f751041d38689019012a2e97b,human.pedestrian.adult,v80-100,True,projected box falls entirely outside the image,0.0,0.0,0.0,0.0,0.0,0.0,0.0,0.0,False,0.0,4,0
clip_sample_011,7,4533b16ea9124957960f9ccd5eeb2429,8178cfbc864e4cb0b6e35746b32bed9f,a0328b62fcaa46a093c7de5ae9b53ecf,vehicle.car,v40-60,False,,103.06,440.96,472.58,610.2,103.06,440.96,472.58,610.2,False,25.026,62,1
clip_sample_011,7,4533b16ea9124957960f9ccd5eeb2429,8178cfbc864e4cb0b6e35746b32bed9f,a17eaee4f19f45e2a80e0ed11751b86b,vehicle.car,v0-40,True,projected box falls entirely outside the image,0.0,0.0,0.0,0.0,0.0,0.0,0.0,0.0,False,0.0,5,0
clip_sample_011,7,4533b16ea9124957960f9ccd5eeb2429,8178cfbc864e4cb0b6e35746b32bed9f,a2cf4f44341946b8b1359049c8bac214,human.pedestrian.adult,v60-80,True,projected box falls entirely outside the image,0.0,0.0,0.0,0.0,0.0,0.0,0.0,0.0,False,0.0,0,0
clip_sample_011,7,4533b16ea9124957960f9ccd5eeb2429,8178cfbc864e4cb0b6e35746b32bed9f,a811914d417942b182285ca2bad0d1a8,human.pedestrian.adult,v80-100,True,projected box falls entirely outside the image,0.0,0.0,0.0,0.0,0.0,0.0,0.0,0.0,False,0.0,5,0
clip_sample_011,7,4533b16ea9124957960f9ccd5eeb2429,8178cfbc864e4cb0b6e35746b32bed9f,af4dc3d76f18426d8a4541876cb997c0,human.pedestrian.adult,v60-80,False,,1096.24,484.65,1145.69,555.37,1096.24,484.65,1145.69,555.37,False,32.699,2,1
clip_sample_011,7,4533b16ea9124957960f9ccd5eeb2429,8178cfbc864e4cb0b6e35746b32bed9f,af9f8e591cf54233a6ac8bbb58c7872d,human.pedestrian.adult,v80-100,True,projected box falls entirely outside the image,0.0,0.0,0.0,0.0,0.0,0.0,0.0,0.0,False,0.0,4,0
clip_sample_011,7,4533b16ea9124957960f9ccd5eeb2429,8178cfbc864e4cb0b6e35746b32bed9f,b20e566fd73e4a6e9797b11a0657aa03,human.pedestrian.adult,v0-40,True,all corners behind or at the camera plane,0.0,0.0,0.0,0.0,0.0,0.0,0.0,0.0,False,0.0,0,0
clip_sample_011,7,4533b16ea9124957960f9ccd5eeb2429,8178cfbc864e4cb0b6e35746b32bed9f,b7fb892b65c04d319f238a827eb0a1e5,human.pedestrian.adult,v80-100,True,all corners behind or at the camera plane,0.0,0.0,0.0,0.0,0.0,0.0,0.0,0.0,False,0.0,2,0
clip_sample_011,7,4533b16ea9124957960f9ccd5eeb2429,8178cfbc864e4cb0b6e35746b32bed9f,b9cfadb6439a4ee5a9faf4f4ecbd2408,human.pedestrian.adult,v80-100,True,projected box falls entirely outside the image,0.0,0.0,0.0,0.0,0.0,0.0,0.0,0.0,False,0.0,11,0
clip_sample_011,7,4533b16ea9124957960f9ccd5eeb2429,8178cfbc864e4cb0b6e35746b32bed9f,bbab4b240644425ea76ee82dde094e49,vehicle.car,v0-40,False,,0.0,509.32,13.46,589.74,-270.27,504.09,13.46,593.41,True,23.992,6,1
clip_sample_011,7,4533b16ea9124957960f9ccd5eeb2429,8178cfbc864e4cb0b6e35746b32bed9f,c3c2aa02ee5f430a85a3d6bc3f33d1d4,human.pedestrian.adult,v0-40,True,all corners behind or at the camera plane,0.0,0.0,0.0,0.0,0.0,0.0,0.0,0.0,False,0.0,9,0
clip_sample_011,7,4533b16ea9124957960f9ccd5eeb2429,8178cfbc864e4cb0b6e35746b32bed9f,c530e58bfaaf4ba38bf0f66c11381d7b,human.pedestrian.adult,v0-40,False,,735.66,540.3,780.17,639.02,735.66,540.3,780.17,639.02,False,20.87,7,0
clip_sample_011,7,4533b16ea9124957960f9ccd5eeb2429,8178cfbc864e4cb0b6e35746b32bed9f,c5bf5dcd6ce44959812034babd813887,human.pedestrian.adult,v80-100,False,,1039.52,537.27,1085.96,627.33,1039.52,537.27,1085.96,627.33,False,24.107,6,0
clip_sample_011,7,4533b16ea9124957960f9ccd5eeb2429,8178cfbc864e4cb0b6e35746b32bed9f,c82d05b5d41b4618995950edb7922349,vehicle.car,v40-60,True,projected box falls entirely outside the image,0.0,0.0,0.0,0.0,0.0,0.0,0.0,0.0,False,0.0,7,1
clip_sample_011,7,4533b16ea9124957960f9ccd5eeb2429,8178cfbc864e4cb0b6e35746b32bed9f,cd1add73166f4b43aa014f51a30f662c,vehicle.bicycle,v80-100,True,all corners behind or at the camera plane,0.0,0.0,0.0,0.0,0.0,0.0,0.0,0.0,False,0.0,7,0
clip_sample_011,7,4533b16ea9124957960f9ccd5eeb2429,8178cfbc864e4cb0b6e35746b32bed9f,ce93ff973b8047f9b80668b81debca3b,human.pedestrian.adult,v80-100,False,,935.32,481.93,971.2,556.08,935.32,481.93,971.2,556.08,False,32.75,2,0
clip_sample_011,7,4533b16ea9124957960f9ccd5eeb2429,8178cfbc864e4cb0b6e35746b32bed9f,d0de3763c12f4eea8ff4eab91a887297,human.pedestrian.adult,v80-100,True,projected box falls entirely outside the image,0.0,0.0,0.0,0.0,0.0,0.0,0.0,0.0,False,0.0,4,0
clip_sample_011,7,4533b16ea9124957960f9ccd5eeb2429,8178cfbc864e4cb0b6e35746b32bed9f,d4caaa59277b48a5a750d5d9ead9e402,vehicle.car,v80-100,True,projected box falls entirely outside the image,0.0,0.0,0.0,0.0,0.0,0.0,0.0,0.0,False,0.0,1,0
clip_sample_011,7,4533b16ea9124957960f9ccd5eeb2429,8178cfbc864e4cb0b6e35746b32bed9f,d569afe307654e3c82846e568999afec,human.pedestrian.adult,v60-80,True,projected box falls entirely outside the image,0.0,0.0,0.0,0.0,0.0,0.0,0.0,0.0,False,0.0,3,0
clip_sample_011,7,4533b16ea9124957960f9ccd5eeb2429,8178cfbc864e4cb0b6e35746b32bed9f,d61323aefb8640da9d5258fae57c2d1c,human.pedestrian.adult,v60-80,True,projected box falls entirely outside the image,0.0,0.0,0.0,0.0,0.0,0.0,0.0,0.0,False,0.0,1,0
clip_sample_011,7,4533b16ea9124957960f9ccd5eeb2429,8178cfbc864e4cb0b6e35746b32bed9f,d8da4b1be5e14912b2a3b86ea27b7716,human.pedestrian.adult,v0-40,True,projected box falls entirely outside the image,0.0,0.0,0.0,0.0,0.0,0.0,0.0,0.0,False,0.0,2,0
clip_sample_011,7,4533b16ea9124957960f9ccd5eeb2429,8178cfbc864e4cb0b6e35746b32bed9f,dbdc553e768b4ee7abfc3b456a991fa2,vehicle.car,v0-40,True,projected box falls entirely outside the image,0.0,0.0,0.0,0.0,0.0,0.0,0.0,0.0,False,0.0,2,0
clip_sample_011,7,4533b16ea9124957960f9ccd5eeb2429,8178cfbc864e4cb0b6e35746b32bed9f,dc534f142fbf42afbdd38a1afae9df7f,human.pedestrian.adult,v80-100,True,all corners behind or at the camera plane,0.0,0.0,0.0,0.0,0.0,0.0,0.0,0.0,False,0.0,27,0
clip_sample_011,7,4533b16ea9124957960f9ccd5eeb2429,8178cfbc864e4cb0b6e35746b32bed9f,e6505be7823b40858d669c34afba37c4,human.pedestrian.adult,v0-40,False,,645.03,531.42,692.87,640.08,645.03,531.42,692.87,640.08,False,21.297,0,1
clip_sample_011,7,4533b16ea9124957960f9ccd5eeb2429,8178cfbc864e4cb0b6e35746b32bed9f,e6d7aee18c7c4c5c953ee4bcee294834,human.pedestrian.adult,v80-100,True,projected box falls entirely outside the image,0.0,0.0,0.0,0.0,0.0,0.0,0.0,0.0,False,0.0,6,0
clip_sample_011,7,4533b16ea9124957960f9ccd5eeb2429,8178cfbc864e4cb0b6e35746b32bed9f,ec69560d753043d28b2f905dffdea722,vehicle.car,v0-40,False,,28.08,514.02,344.62,614.05,28.08,514.02,344.62,614.05,False,22.259,6,0
clip_sample_011,7,4533b16ea9124957960f9ccd5eeb2429,8178cfbc864e4cb0b6e35746b32bed9f,f0af9c2de58e496687a6f81e36991492,vehicle.bicycle,v80-100,False,,996.74,557.64,1087.11,613.55,996.74,557.64,1087.11,613.55,False,26.353,2,0
clip_sample_011,7,4533b16ea9124957960f9ccd5eeb2429,8178cfbc864e4cb0b6e35746b32bed9f,f12d635edc9b4062897f56432583cc54,human.pedestrian.adult,v80-100,True,all corners behind or at the camera plane,0.0,0.0,0.0,0.0,0.0,0.0,0.0,0.0,False,0.0,8,0
clip_sample_011,7,4533b16ea9124957960f9ccd5eeb2429,8178cfbc864e4cb0b6e35746b32bed9f,f2e5400419984231855abb04d5efa716,human.pedestrian.adult,v0-40,True,projected box falls entirely outside the image,0.0,0.0,0.0,0.0,0.0,0.0,0.0,0.0,False,0.0,1,0
clip_sample_011,7,4533b16ea9124957960f9ccd5eeb2429,8178cfbc864e4cb0b6e35746b32bed9f,fbcad891cccb4d8a8fba633468335667,vehicle.car,v0-40,False,,568.65,516.49,774.33,586.69,568.65,516.49,774.33,586.69,False,30.355,9,0
clip_sample_011,7,4533b16ea9124957960f9ccd5eeb2429,8178cfbc864e4cb0b6e35746b32bed9f,ff7b5cbe03fa4c54ba9a3d07284b60a2,human.pedestrian.adult,v80-100,True,all corners behind or at the camera plane,0.0,0.0,0.0,0.0,0.0,0.0,0.0,0.0,False,0.0,2,0
clip_sample_011,13,886031e85e7a43a49fe3cc374cfd9719,07c29094cb6144aa889c16c52f762d79,005855d523f84d8a9e3bef3031c93e56,human.pedestrian.adult,v80-100,True,projected box falls entirely outside the image,0.0,0.0,0.0,0.0,0.0,0.0,0.0,0.0,False,0.0,4,0
clip_sample_011,13,886031e85e7a43a49fe3cc374cfd9719,07c29094cb6144aa889c16c52f762d79,0a70b7f2364c4a0eb1512694661b4dc8,human.pedestrian.adult,v80-100,False,,1413.81,497.23,1449.74,569.31,1413.81,497.23,1449.74,569.31,False,28.28,2,1
clip_sample_011,13,886031e85e7a43a49fe3cc374cfd9719,07c29094cb6144aa889c16c52f762d79,0ae0723e31c9489492e6d53e21598d6c,human.pedestrian.adult,v60-80,False,,1464.47,506.78,1512.23,590.83,1464.47,506.78,1512.23,590.83,False,25.433,2,0
clip_sample_011,13,886031e85e7a43a49fe3cc374cfd9719,07c29094cb6144aa889c16c52f762d79,0c55b24f75814764ab76476f6d77c436,vehicle.car,v80-100,True,projected box falls entirely outside the image,0.0,0.0,0.0,0.0,0.0,0.0,0.0,0.0,False,0.0,3,1
clip_sample_011,13,886031e85e7a43a49fe3cc374cfd9719,07c29094cb6144aa889c16c52f762d79,13e93cfb18fa472cb347d1129cfbab9e,human.pedestrian.adult,v80-100,True,projected box falls entirely outside the image,0.0,0.0,0.0,0.0,0.0,0.0,0.0,0.0,False,0.0,5,0
clip_sample_011,13,886031e85e7a43a49fe3cc374cfd9719,07c29094cb6144aa889c16c52f762d79,155047a77309452a908e6c96ddd60b55,human.pedestrian.adult,v80-100,False,,609.53,496.88,743.27,683.33,609.53,496.88,743.27,683.33,False,12.204,20,0
clip_sample_011,13,886031e85e7a43a49fe3cc374cfd9719,07c29094cb6144aa889c16c52f762d79,27c29ce8b23147a9b30c905cee92fb0c,human.pedestrian.adult,v80-100,True,projected box falls entirely outside the image,0.0,0.0,0.0,0.0,0.0,0.0,0.0,0.0,False,0.0,7,0
clip_sample_011,13,886031e85e7a43a49fe3cc374cfd9719,07c29094cb6144aa889c16c52f762d79,2bfbbe1b78b341b7a1fc0474ef84bafb,human.pedestrian.adult,v0-40,True,projected box falls entirely outside the image,0.0,0.0,0.0,0.0,0.0,0.0,0.0,0.0,False,0.0,1,0
clip_sample_011,13,886031e85e7a43a49fe3cc374cfd9719,07c29094cb6144aa889c16c52f762d79,2c44e4c8d57345dfb834a2c524eee269,vehicle.bus.rigid,v40-60,True,projected box falls entirely outside the image,0.0,0.0,0.0,0.0,0.0,0.0,0.0,0.0,False,0.0,30,3
clip_sample_011,13,886031e85e7a43a49fe3cc374cfd9719,07c29094cb6144aa889c16c52f762d79,2c761ca3c6e745ab8b7553a3f3dc937e,human.pedestrian.adult,v80-100,True,projected box falls entirely outside the image,0.0,0.0,0.0,0.0,0.0,0.0,0.0,0.0,False,0.0,11,0
clip_sample_011,13,886031e85e7a43a49fe3cc374cfd9719,07c29094cb6144aa889c16c52f762d79,3288bc56cb484253b0e9d877d7d1f437,human.pedestrian.adult,v0-40,True,projected box falls entirely outside the image,0.0,0.0,0.0,0.0,0.0,0.0,0.0,0.0,False,0.0,3,0
clip_sample_011,13,886031e85e7a43a49fe3cc374cfd9719,07c29094cb6144aa889c16c52f762d79,3543efbc49b147c6a7151e945b999fe5,human.pedestrian.adult,v80-100,True,all corners behind or at the camera plane,0.0,0.0,0.0,0.0,0.0,0.0,0.0,0.0,False,0.0,12,0
clip_sample_011,13,886031e85e7a43a49fe3cc374cfd9719,07c29094cb6144aa889c16c52f762d79,3b12bb50abc6479aad7cdca503c4339d,vehicle.bicycle,v80-100,True,all corners behind or at the camera plane,0.0,0.0,0.0,0.0,0.0,0.0,0.0,0.0,False,0.0,5,0
clip_sample_011,13,886031e85e7a43a49fe3cc374cfd9719,07c29094cb6144aa889c16c52f762d79,3e6b4e722f39423f8b3a7da562449891,human.pedestrian.adult,v80-100,True,projected box falls entirely outside the image,0.0,0.0,0.0,0.0,0.0,0.0,0.0,0.0,False,0.0,2,0
clip_sample_011,13,886031e85e7a43a49fe3cc374cfd9719,07c29094cb6144aa889c16c52f762d79,3f81e988f45c44119cca8011a3274603,vehicle.car,v80-100,False,,7.06,452.54,622.46,900.0,7.06,452.54,622.46,910.53,True,7.31,478,2
clip_sample_011,13,886031e85e7a43a49fe3cc374cfd9719,07c29094cb6144aa889c16c52f762d79,41fd985de63547f48fe139c572ddbacb,vehicle.car,v0-40,True,all corners behind or at the camera plane,0.0,0.0,0.0,0.0,0.0,0.0,0.0,0.0,False,0.0,0,0
clip_sample_011,13,886031e85e7a43a49fe3cc374cfd9719,07c29094cb6144aa889c16c52f762d79,43e0b606c4dc44eabf8c2de8f44411b9,human.pedestrian.adult,v40-60,True,projected box falls entirely outside the image,0.0,0.0,0.0,0.0,0.0,0.0,0.0,0.0,False,0.0,3,0
clip_sample_011,13,886031e85e7a43a49fe3cc374cfd9719,07c29094cb6144aa889c16c52f762d79,46a3cc53b10846a3a6a61c51b0f3a7b5,human.pedestrian.adult,v0-40,True,projected box falls entirely outside the image,0.0,0.0,0.0,0.0,0.0,0.0,0.0,0.0,False,0.0,5,0
clip_sample_011,13,886031e85e7a43a49fe3cc374cfd9719,07c29094cb6144aa889c16c52f762d79,47304f98d3d3484d8af8d5e4c7428022,human.pedestrian.personal_mobility,v80-100,True,projected box falls entirely outside the image,0.0,0.0,0.0,0.0,0.0,0.0,0.0,0.0,False,0.0,153,0
clip_sample_011,13,886031e85e7a43a49fe3cc374cfd9719,07c29094cb6144aa889c16c52f762d79,55f7fb5fa2854b0da825c2cd1c94b23b,human.pedestrian.adult,v80-100,True,all corners behind or at the camera plane,0.0,0.0,0.0,0.0,0.0,0.0,0.0,0.0,False,0.0,76,0
clip_sample_011,13,886031e85e7a43a49fe3cc374cfd9719,07c29094cb6144aa889c16c52f762d79,575b8651141f42d7bcaf03a8cab65bd3,human.pedestrian.adult,v80-100,False,,1171.77,524.76,1236.66,635.75,1171.77,524.76,1236.66,635.75,False,20.501,6,0
clip_sample_011,13,886031e85e7a43a49fe3cc374cfd9719,07c29094cb6144aa889c16c52f762d79,6a4b9f7abafd44f38ff670c3064b13dc,vehicle.car,v80-100,True,projected box falls entirely outside the image,0.0,0.0,0.0,0.0,0.0,0.0,0.0,0.0,False,0.0,79,2
clip_sample_011,13,886031e85e7a43a49fe3cc374cfd9719,07c29094cb6144aa889c16c52f762d79,7b8032aef1494ed28eb726c0fe7b7be7,vehicle.car,v80-100,False,,0.0,457.0,189.94,631.68,-139.25,457.0,189.94,631.68,True,17.308,72,0
clip_sample_011,13,886031e85e7a43a49fe3cc374cfd9719,07c29094cb6144aa889c16c52f762d79,7e7f7598a9094b23a1268c4fc85cfb17,human.pedestrian.adult,v60-80,True,projected box falls entirely outside the image,0.0,0.0,0.0,0.0,0.0,0.0,0.0,0.0,False,0.0,1,0
clip_sample_011,13,886031e85e7a43a49fe3cc374cfd9719,07c29094cb6144aa889c16c52f762d79,870c468534f7401cba587f6af0dc2eec,vehicle.car,v80-100,True,all corners behind or at the camera plane,0.0,0.0,0.0,0.0,0.0,0.0,0.0,0.0,False,0.0,162,10
clip_sample_011,13,886031e85e7a43a49fe3cc374cfd9719,07c29094cb6144aa889c16c52f762d79,8c3247533921448abe371a59d4696252,human.pedestrian.adult,v80-100,False,,1472.92,520.02,1530.33,626.08,1472.92,520.02,1530.33,626.08,False,21.315,4,1
clip_sample_011,13,886031e85e7a43a49fe3cc374cfd9719,07c29094cb6144aa889c16c52f762d79,8e992e7479094a61a550b951c1451092,human.pedestrian.adult,v80-100,False,,681.68,517.42,730.37,625.98,681.68,517.42,730.37,625.98,False,20.078,8,1
clip_sample_011,13,886031e85e7a43a49fe3cc374cfd9719,07c29094cb6144aa889c16c52f762d79,911ed6e0595042f7a6fde8a57825726b,human.pedestrian.adult,v80-100,True,projected box falls entirely outside the image,0.0,0.0,0.0,0.0,0.0,0.0,0.0,0.0,False,0.0,4,0
clip_sample_011,13,886031e85e7a43a49fe3cc374cfd9719,07c29094cb6144aa889c16c52f762d79,9441225cd01f4730a02b5d8927063f53,human.pedestrian.adult,v80-100,True,projected box falls entirely outside the image,0.0,0.0,0.0,0.0,0.0,0.0,0.0,0.0,False,0.0,18,0
clip_sample_011,13,886031e85e7a43a49fe3cc374cfd9719,07c29094cb6144aa889c16c52f762d79,9777aa985269472595ff1ee88420008f,human.pedestrian.adult,v80-100,True,all corners behind or at the camera plane,0.0,0.0,0.0,0.0,0.0,0.0,0.0,0.0,False,0.0,22,0
clip_sample_011,13,886031e85e7a43a49fe3cc374cfd9719,07c29094cb6144aa889c16c52f762d79,986c792f751041d38689019012a2e97b,human.pedestrian.adult,v0-40,True,projected box falls entirely outside the image,0.0,0.0,0.0,0.0,0.0,0.0,0.0,0.0,False,0.0,4,0
clip_sample_011,13,886031e85e7a43a49fe3cc374cfd9719,07c29094cb6144aa889c16c52f762d79,a0328b62fcaa46a093c7de5ae9b53ecf,vehicle.car,v0-40,False,,61.55,420.75,451.18,600.09,61.55,420.75,451.18,600.09,False,23.65,62,0
clip_sample_011,13,886031e85e7a43a49fe3cc374cfd9719,07c29094cb6144aa889c16c52f762d79,a17eaee4f19f45e2a80e0ed11751b86b,vehicle.car,v0-40,True,projected box falls entirely outside the image,0.0,0.0,0.0,0.0,0.0,0.0,0.0,0.0,False,0.0,6,1
clip_sample_011,13,886031e85e7a43a49fe3cc374cfd9719,07c29094cb6144aa889c16c52f762d79,a2cf4f44341946b8b1359049c8bac214,human.pedestrian.adult,v80-100,True,projected box falls entirely outside the image,0.0,0.0,0.0,0.0,0.0,0.0,0.0,0.0,False,0.0,3,0
clip_sample_011,13,886031e85e7a43a49fe3cc374cfd9719,07c29094cb6144aa889c16c52f762d79,a811914d417942b182285ca2bad0d1a8,human.pedestrian.adult,v80-100,True,projected box falls entirely outside the image,0.0,0.0,0.0,0.0,0.0,0.0,0.0,0.0,False,0.0,5,0
clip_sample_011,13,886031e85e7a43a49fe3cc374cfd9719,07c29094cb6144aa889c16c52f762d79,af4dc3d76f18426d8a4541876cb997c0,human.pedestrian.adult,v80-100,False,,1095.55,461.14,1145.65,534.74,1095.55,461.14,1145.65,534.74,False,31.275,2,0
clip_sample_011,13,886031e85e7a43a49fe3cc374cfd9719,07c29094cb6144aa889c16c52f762d79,af9f8e591cf54233a6ac8bbb58c7872d,human.pedestrian.adult,v80-100,True,projected box falls entirely outside the image,0.0,0.0,0.0,0.0,0.0,0.0,0.0,0.0,False,0.0,3,0
clip_sample_011,13,886031e85e7a43a49fe3cc374cfd9719,07c29094cb6144aa889c16c52f762d79,b20e566fd73e4a6e9797b11a0657aa03,human.pedestrian.adult,v0-40,True,all corners behind or at the camera plane,0.0,0.0,0.0,0.0,0.0,0.0,0.0,0.0,False,0.0,0,0
clip_sample_011,13,886031e85e7a43a49fe3cc374cfd9719,07c29094cb6144aa889c16c52f762d79,b7fb892b65c04d319f238a827eb0a1e5,human.pedestrian.adult,v80-100,True,all corners behind or at the camera plane,0.0,0.0,0.0,0.0,0.0,0.0,0.0,0.0,False,0.0,3,0
clip_sample_011,13,886031e85e7a43a49fe3cc374cfd9719,07c29094cb6144aa889c16c52f762d79,b9cfadb6439a4ee5a9faf4f4ecbd2408,human.pedestrian.adult,v80-100,True,projected box falls entirely outside the image,0.0,0.0,0.0,0.0,0.0,0.0,0.0,0.0,False,0.0,6,0
clip_sample_011,13,886031e85e7a43a49fe3cc374cfd9719,07c29094cb6144aa889c16c52f762d79,bbab4b240644425ea76ee82dde094e49,vehicle.car,v80-100,True,projected box falls entirely outside the image,0.0,0.0,0.0,0.0,0.0,0.0,0.0,0.0,False,0.0,14,0
clip_sample_011,13,886031e85e7a43a49fe3cc374cfd9719,07c29094cb6144aa889c16c52f762d79,c3c2aa02ee5f430a85a3d6bc3f33d1d4,human.pedestrian.adult,v80-100,True,all corners behind or at the camera plane,0.0,0.0,0.0,0.0,0.0,0.0,0.0,0.0,False,0.0,4,0
clip_sample_011,13,886031e85e7a43a49fe3cc374cfd9719,07c29094cb6144aa889c16c52f762d79,c530e58bfaaf4ba38bf0f66c11381d7b,human.pedestrian.adult,v0-40,False,,739.92,529.0,784.58,631.24,739.92,529.0,784.58,631.24,False,20.129,7,0
clip_sample_011,13,886031e85e7a43a49fe3cc374cfd9719,07c29094cb6144aa889c16c52f762d79,c5bf5dcd6ce44959812034babd813887,human.pedestrian.adult,v80-100,False,,1089.85,515.2,1138.44,609.34,1089.85,515.2,1138.44,609.34,False,23.006,2,0
clip_sample_011,13,886031e85e7a43a49fe3cc374cfd9719,07c29094cb6144aa889c16c52f762d79,c82d05b5d41b4618995950edb7922349,vehicle.car,v60-80,True,projected box falls entirely outside the image,0.0,0.0,0.0,0.0,0.0,0.0,0.0,0.0,False,0.0,23,3
clip_sample_011,13,886031e85e7a43a49fe3cc374cfd9719,07c29094cb6144aa889c16c52f762d79,cd1add73166f4b43aa014f51a30f662c,vehicle.bicycle,v80-100,True,all corners behind or at the camera plane,0.0,0.0,0.0,0.0,0.0,0.0,0.0,0.0,False,0.0,8,0
clip_sample_011,13,886031e85e7a43a49fe3cc374cfd9719,07c29094cb6144aa889c16c52f762d79,ce93ff973b8047f9b80668b81debca3b,human.pedestrian.adult,v60-80,False,,916.4,459.74,953.5,536.49,916.4,459.74,953.5,536.49,False,31.548,2,1
clip_sample_011,13,886031e85e7a43a49fe3cc374cfd9719,07c29094cb6144aa889c16c52f762d79,d0de3763c12f4eea8ff4eab91a887297,human.pedestrian.adult,v80-100,True,projected box falls entirely outside the image,0.0,0.0,0.0,0.0,0.0,0.0,0.0,0.0,False,0.0,5,0
clip_sample_011,13,886031e85e7a43a49fe3cc374cfd9719,07c29094cb6144aa889c16c52f762d79,d4caaa59277b48a5a750d5d9ead9e402,vehicle.car,v0-40,True,projected box falls entirely outside the image,0.0,0.0,0.0,0.0,0.0,0.0,0.0,0.0,False,0.0,0,1
clip_sample_011,13,886031e85e7a43a49fe3cc374cfd9719,07c29094cb6144aa889c16c52f762d79,d569afe307654e3c82846e568999afec,human.pedestrian.adult,v60-80,True,projected box falls entirely outside the image,0.0,0.0,0.0,0.0,0.0,0.0,0.0,0.0,False,0.0,2,0
clip_sample_011,13,886031e85e7a43a49fe3cc374cfd9719,07c29094cb6144aa889c16c52f762d79,d61323aefb8640da9d5258fae57c2d1c,human.pedestrian.adult,v60-80,True,all corners behind or at the camera plane,0.0,0.0,0.0,0.0,0.0,0.0,0.0,0.0,False,0.0,9,0
clip_sample_011,13,886031e85e7a43a49fe3cc374cfd9719,07c29094cb6144aa889c16c52f762d79,d8da4b1be5e14912b2a3b86ea27b7716,human.pedestrian.adult,v80-100,True,projected box falls entirely outside the image,0.0,0.0,0.0,0.0,0.0,0.0,0.0,0.0,False,0.0,6,0
clip_sample_011,13,886031e85e7a43a49fe3cc374cfd9719,07c29094cb6144aa889c16c52f762d79,dbdc553e768b4ee7abfc3b456a991fa2,vehicle.car,v0-40,True,projected box falls entirely outside the image,0.0,0.0,0.0,0.0,0.0,0.0,0.0,0.0,False,0.0,7,0
clip_sample_011,13,886031e85e7a43a49fe3cc374cfd9719,07c29094cb6144aa889c16c52f762d79,dc534f142fbf42afbdd38a1afae9df7f,human.pedestrian.adult,v80-100,True,all corners behind or at the camera plane,0.0,0.0,0.0,0.0,0.0,0.0,0.0,0.0,False,0.0,23,2
clip_sample_011,13,886031e85e7a43a49fe3cc374cfd9719,07c29094cb6144aa889c16c52f762d79,e6505be7823b40858d669c34afba37c4,human.pedestrian.adult,v0-40,False,,642.9,513.26,691.79,626.4,642.9,513.26,691.79,626.4,False,20.409,0,0
clip_sample_011,13,886031e85e7a43a49fe3cc374cfd9719,07c29094cb6144aa889c16c52f762d79,e6d7aee18c7c4c5c953ee4bcee294834,human.pedestrian.adult,v0-40,True,projected box falls entirely outside the image,0.0,0.0,0.0,0.0,0.0,0.0,0.0,0.0,False,0.0,0,0
clip_sample_011,13,886031e85e7a43a49fe3cc374cfd9719,07c29094cb6144aa889c16c52f762d79,ec69560d753043d28b2f905dffdea722,vehicle.car,v0-40,False,,0.0,501.3,313.03,606.18,-24.0,501.13,313.03,606.18,True,20.894,1,0
clip_sample_011,13,886031e85e7a43a49fe3cc374cfd9719,07c29094cb6144aa889c16c52f762d79,f0af9c2de58e496687a6f81e36991492,vehicle.bicycle,v80-100,False,,1006.6,536.29,1101.51,594.54,1006.6,536.29,1101.51,594.54,False,24.993,1,0
clip_sample_011,13,886031e85e7a43a49fe3cc374cfd9719,07c29094cb6144aa889c16c52f762d79,f12d635edc9b4062897f56432583cc54,human.pedestrian.adult,v80-100,True,all corners behind or at the camera plane,0.0,0.0,0.0,0.0,0.0,0.0,0.0,0.0,False,0.0,4,0
clip_sample_011,13,886031e85e7a43a49fe3cc374cfd9719,07c29094cb6144aa889c16c52f762d79,f2e5400419984231855abb04d5efa716,human.pedestrian.adult,v0-40,True,projected box falls entirely outside the image,0.0,0.0,0.0,0.0,0.0,0.0,0.0,0.0,False,0.0,5,0
clip_sample_011,13,886031e85e7a43a49fe3cc374cfd9719,07c29094cb6144aa889c16c52f762d79,fbcad891cccb4d8a8fba633468335667,vehicle.car,v60-80,False,,556.91,496.73,771.86,568.79,556.91,496.73,771.86,568.79,False,28.989,18,0
clip_sample_011,13,886031e85e7a43a49fe3cc374cfd9719,07c29094cb6144aa889c16c52f762d79,ff7b5cbe03fa4c54ba9a3d07284b60a2,human.pedestrian.adult,v80-100,True,all corners behind or at the camera plane,0.0,0.0,0.0,0.0,0.0,0.0,0.0,0.0,False,0.0,2,0
clip_sample_011,19,3f63e450629640d58fd6b27fcfcbf0c2,a43568a562a043f38af0ec0b71520af7,005855d523f84d8a9e3bef3031c93e56,human.pedestrian.adult,v0-40,True,projected box falls entirely outside the image,0.0,0.0,0.0,0.0,0.0,0.0,0.0,0.0,False,0.0,2,0
clip_sample_011,19,3f63e450629640d58fd6b27fcfcbf0c2,a43568a562a043f38af0ec0b71520af7,029357560fcc41db9973bd656d63547d,human.pedestrian.adult,v80-100,False,,407.3,475.13,474.07,567.43,407.3,475.13,474.07,567.43,False,25.052,5,0
clip_sample_011,19,3f63e450629640d58fd6b27fcfcbf0c2,a43568a562a043f38af0ec0b71520af7,0a70b7f2364c4a0eb1512694661b4dc8,human.pedestrian.adult,v80-100,False,,1427.04,475.76,1465.48,551.47,1427.04,475.76,1465.48,551.47,False,26.921,2,0
clip_sample_011,19,3f63e450629640d58fd6b27fcfcbf0c2,a43568a562a043f38af0ec0b71520af7,0ae0723e31c9489492e6d53e21598d6c,human.pedestrian.adult,v80-100,False,,1489.26,485.08,1541.52,575.11,1489.26,485.08,1541.52,575.11,False,23.741,6,0
clip_sample_011,19,3f63e450629640d58fd6b27fcfcbf0c2,a43568a562a043f38af0ec0b71520af7,0c55b24f75814764ab76476f6d77c436,vehicle.car,v80-100,True,projected box falls entirely outside the image,0.0,0.0,0.0,0.0,0.0,0.0,0.0,0.0,False,0.0,6,0
clip_sample_011,19,3f63e450629640d58fd6b27fcfcbf0c2,a43568a562a043f38af0ec0b71520af7,13e93cfb18fa472cb347d1129cfbab9e,human.pedestrian.adult,v80-100,True,projected box falls entirely outside the image,0.0,0.0,0.0,0.0,0.0,0.0,0.0,0.0,False,0.0,1,0
clip_sample_011,19,3f63e450629640d58fd6b27fcfcbf0c2,a43568a562a043f38af0ec0b71520af7,155047a77309452a908e6c96ddd60b55,human.pedestrian.adult,v80-100,False,,637.48,478.65,782.47,682.38,637.48,478.65,782.47,682.38,False,11.213,26,0
clip_sample_011,19,3f63e450629640d58fd6b27fcfcbf0c2,a43568a562a043f38af0ec0b71520af7,27c29ce8b23147a9b30c905cee92fb0c,human.pedestrian.adult,v80-100,True,projected box falls entirely outside the image,0.0,0.0,0.0,0.0,0.0,0.0,0.0,0.0,False,0.0,4,0
clip_sample_011,19,3f63e450629640d58fd6b27fcfcbf0c2,a43568a562a043f38af0ec0b71520af7,2bfbbe1b78b341b7a1fc0474ef84bafb,human.pedestrian.adult,v60-80,True,projected box falls entirely outside the image,0.0,0.0,0.0,0.0,0.0,0.0,0.0,0.0,False,0.0,2,0
clip_sample_011,19,3f63e450629640d58fd6b27fcfcbf0c2,a43568a562a043f38af0ec0b71520af7,2c44e4c8d57345dfb834a2c524eee269,vehicle.bus.rigid,v60-80,True,projected box falls entirely outside the image,0.0,0.0,0.0,0.0,0.0,0.0,0.0,0.0,False,0.0,38,6
clip_sample_011,19,3f63e450629640d58fd6b27fcfcbf0c2,a43568a562a043f38af0ec0b71520af7,2c761ca3c6e745ab8b7553a3f3dc937e,human.pedestrian.adult,v80-100,True,all corners behind or at the camera plane,0.0,0.0,0.0,0.0,0.0,0.0,0.0,0.0,False,0.0,8,0
clip_sample_011,19,3f63e450629640d58fd6b27fcfcbf0c2,a43568a562a043f38af0ec0b71520af7,3288bc56cb484253b0e9d877d7d1f437,human.pedestrian.adult,v0-40,True,projected box falls entirely outside the image,0.0,0.0,0.0,0.0,0.0,0.0,0.0,0.0,False,0.0,2,0
clip_sample_011,19,3f63e450629640d58fd6b27fcfcbf0c2,a43568a562a043f38af0ec0b71520af7,3543efbc49b147c6a7151e945b999fe5,human.pedestrian.adult,v60-80,True,all corners behind or at the camera plane,0.0,0.0,0.0,0.0,0.0,0.0,0.0,0.0,False,0.0,17,0
clip_sample_011,19,3f63e450629640d58fd6b27fcfcbf0c2,a43568a562a043f38af0ec0b71520af7,3b12bb50abc6479aad7cdca503c4339d,vehicle.bicycle,v80-100,True,all corners behind or at the camera plane,0.0,0.0,0.0,0.0,0.0,0.0,0.0,0.0,False,0.0,5,0
clip_sample_011,19,3f63e450629640d58fd6b27fcfcbf0c2,a43568a562a043f38af0ec0b71520af7,3e6b4e722f39423f8b3a7da562449891,human.pedestrian.adult,v80-100,True,projected box falls entirely outside the image,0.0,0.0,0.0,0.0,0.0,0.0,0.0,0.0,False,0.0,2,0
clip_sample_011,19,3f63e450629640d58fd6b27fcfcbf0c2,a43568a562a043f38af0ec0b71520af7,3f81e988f45c44119cca8011a3274603,vehicle.car,v80-100,False,,0.0,425.52,402.93,900.0,-266.1,424.72,402.93,906.12,True,6.939,473,5
clip_sample_011,19,3f63e450629640d58fd6b27fcfcbf0c2,a43568a562a043f38af0ec0b71520af7,41fd985de63547f48fe139c572ddbacb,vehicle.car,v60-80,True,all corners behind or at the camera plane,0.0,0.0,0.0,0.0,0.0,0.0,0.0,0.0,False,0.0,3,2
clip_sample_011,19,3f63e450629640d58fd6b27fcfcbf0c2,a43568a562a043f38af0ec0b71520af7,43e0b606c4dc44eabf8c2de8f44411b9,human.pedestrian.adult,v40-60,True,projected box falls entirely outside the image,0.0,0.0,0.0,0.0,0.0,0.0,0.0,0.0,False,0.0,0,0
clip_sample_011,19,3f63e450629640d58fd6b27fcfcbf0c2,a43568a562a043f38af0ec0b71520af7,46a3cc53b10846a3a6a61c51b0f3a7b5,human.pedestrian.adult,v0-40,True,projected box falls entirely outside the image,0.0,0.0,0.0,0.0,0.0,0.0,0.0,0.0,False,0.0,1,0
clip_sample_011,19,3f63e450629640d58fd6b27fcfcbf0c2,a43568a562a043f38af0ec0b71520af7,47304f98d3d3484d8af8d5e4c7428022,human.pedestrian.personal_mobility,v80-100,True,projected box falls entirely outside the image,0.0,0.0,0.0,0.0,0.0,0.0,0.0,0.0,False,0.0,201,0
clip_sample_011,19,3f63e450629640d58fd6b27fcfcbf0c2,a43568a562a043f38af0ec0b71520af7,55f7fb5fa2854b0da825c2cd1c94b23b,human.pedestrian.adult,v80-100,True,all corners behind or at the camera plane,0.0,0.0,0.0,0.0,0.0,0.0,0.0,0.0,False,0.0,62,0
clip_sample_011,19,3f63e450629640d58fd6b27fcfcbf0c2,a43568a562a043f38af0ec0b71520af7,575b8651141f42d7bcaf03a8cab65bd3,human.pedestrian.adult,v80-100,False,,1241.22,507.3,1311.76,625.23,1241.22,507.3,1311.76,625.23,False,19.316,7,1
clip_sample_011,19,3f63e450629640d58fd6b27fcfcbf0c2,a43568a562a043f38af0ec0b71520af7,6a4b9f7abafd44f38ff670c3064b13dc,vehicle.car,v80-100,True,projected box falls entirely outside the image,0.0,0.0,0.0,0.0,0.0,0.0,0.0,0.0,False,0.0,58,3
clip_sample_011,19,3f63e450629640d58fd6b27fcfcbf0c2,a43568a562a043f38af0ec0b71520af7,7b8032aef1494ed28eb726c0fe7b7be7,vehicle.car,v80-100,False,,0.0,434.14,149.71,623.11,-197.51,433.8,149.71,623.96,True,16.066,19,1
clip_sample_011,19,3f63e450629640d58fd6b27fcfcbf0c2,a43568a562a043f38af0ec0b71520af7,7e7f7598a9094b23a1268c4fc85cfb17,human.pedestrian.adult,v40-60,True,projected box falls entirely outside the image,0.0,0.0,0.0,0.0,0.0,0.0,0.0,0.0,False,0.0,1,0
clip_sample_011,19,3f63e450629640d58fd6b27fcfcbf0c2,a43568a562a043f38af0ec0b71520af7,870c468534f7401cba587f6af0dc2eec,vehicle.car,v80-100,True,all corners behind or at the camera plane,0.0,0.0,0.0,0.0,0.0,0.0,0.0,0.0,False,0.0,187,8
clip_sample_011,19,3f63e450629640d58fd6b27fcfcbf0c2,a43568a562a043f38af0ec0b71520af7,8c3247533921448abe371a59d4696252,human.pedestrian.adult,v80-100,False,,1579.83,498.7,1600.0,610.52,1579.83,498.7,1644.26,612.47,True,19.871,2,0
clip_sample_011,19,3f63e450629640d58fd6b27fcfcbf0c2,a43568a562a043f38af0ec0b71520af7,8e992e7479094a61a550b951c1451092,human.pedestrian.adult,v60-80,False,,700.87,503.86,750.97,616.82,700.87,503.86,750.97,616.82,False,19.328,6,1
clip_sample_011,19,3f63e450629640d58fd6b27fcfcbf0c2,a43568a562a043f38af0ec0b71520af7,911ed6e0595042f7a6fde8a57825726b,human.pedestrian.adult,v80-100,True,projected box falls entirely outside the image,0.0,0.0,0.0,0.0,0.0,0.0,0.0,0.0,False,0.0,8,0
clip_sample_011,19,3f63e450629640d58fd6b27fcfcbf0c2,a43568a562a043f38af0ec0b71520af7,9441225cd01f4730a02b5d8927063f53,human.pedestrian.adult,v80-100,True,projected box falls entirely outside the image,0.0,0.0,0.0,0.0,0.0,0.0,0.0,0.0,False,0.0,18,0
clip_sample_011,19,3f63e450629640d58fd6b27fcfcbf0c2,a43568a562a043f38af0ec0b71520af7,9777aa985269472595ff1ee88420008f,human.pedestrian.adult,v80-100,True,all corners behind or at the camera plane,0.0,0.0,0.0,0.0,0.0,0.0,0.0,0.0,False,0.0,26,0
clip_sample_011,19,3f63e450629640d58fd6b27fcfcbf0c2,a43568a562a043f38af0ec0b71520af7,986c792f751041d38689019012a2e97b,human.pedestrian.adult,v40-60,True,projected box falls entirely outside the image,0.0,0.0,0.0,0.0,0.0,0.0,0.0,0.0,False,0.0,5,0
clip_sample_011,19,3f63e450629640d58fd6b27fcfcbf0c2,a43568a562a043f38af0ec0b71520af7,a0328b62fcaa46a093c7de5ae9b53ecf,vehicle.car,v0-40,False,,29.96,396.28,440.5,587.45,29.96,396.28,440.5,587.45,False,22.333,84,1
clip_sample_011,19,3f63e450629640d58fd6b27fcfcbf0c2,a43568a562a043f38af0ec0b71520af7,a17eaee4f19f45e2a80e0ed11751b86b,vehicle.car,v0-40,True,projected box falls entirely outside the image,0.0,0.0,0.0,0.0,0.0,0.0,0.0,0.0,False,0.0,1,0
clip_sample_011,19,3f63e450629640d58fd6b27fcfcbf0c2,a43568a562a043f38af0ec0b71520af7,a2cf4f44341946b8b1359049c8bac214,human.pedestrian.adult,v80-100,True,projected box falls entirely outside the image,0.0,0.0,0.0,0.0,0.0,0.0,0.0,0.0,False,0.0,2,0
clip_sample_011,19,3f63e450629640d58fd6b27fcfcbf0c2,a43568a562a043f38af0ec0b71520af7,a811914d417942b182285ca2bad0d1a8,human.pedestrian.adult,v80-100,True,projected box falls entirely outside the image,0.0,0.0,0.0,0.0,0.0,0.0,0.0,0.0,False,0.0,4,0
clip_sample_011,19,3f63e450629640d58fd6b27fcfcbf0c2,a43568a562a043f38af0ec0b71520af7,af4dc3d76f18426d8a4541876cb997c0,human.pedestrian.adult,v80-100,False,,1119.53,437.72,1171.22,515.05,1119.53,437.72,1171.22,515.05,False,29.752,4,0
clip_sample_011,19,3f63e450629640d58fd6b27fcfcbf0c2,a43568a562a043f38af0ec0b71520af7,af9f8e591cf54233a6ac8bbb58c7872d,human.pedestrian.adult,v80-100,True,projected box falls entirely outside the image,0.0,0.0,0.0,0.0,0.0,0.0,0.0,0.0,False,0.0,6,0
clip_sample_011,19,3f63e450629640d58fd6b27fcfcbf0c2,a43568a562a043f38af0ec0b71520af7,b20e566fd73e4a6e9797b11a0657aa03,human.pedestrian.adult,v0-40,True,all corners behind or at the camera plane,0.0,0.0,0.0,0.0,0.0,0.0,0.0,0.0,False,0.0,0,0
clip_sample_011,19,3f63e450629640d58fd6b27fcfcbf0c2,a43568a562a043f38af0ec0b71520af7,b9cfadb6439a4ee5a9faf4f4ecbd2408,human.pedestrian.adult,v0-40,True,projected box falls entirely outside the image,0.0,0.0,0.0,0.0,0.0,0.0,0.0,0.0,False,0.0,7,0
clip_sample_011,19,3f63e450629640d58fd6b27fcfcbf0c2,a43568a562a043f38af0ec0b71520af7,bbab4b240644425ea76ee82dde094e49,vehicle.car,v60-80,True,projected box falls entirely outside the image,0.0,0.0,0.0,0.0,0.0,0.0,0.0,0.0,False,0.0,21,0
clip_sample_011,19,3f63e450629640d58fd6b27fcfcbf0c2,a43568a562a043f38af0ec0b71520af7,c3c2aa02ee5f430a85a3d6bc3f33d1d4,human.pedestrian.adult,v0-40,True,all corners behind or at the camera plane,0.0,0.0,0.0,0.0,0.0,0.0,0.0,0.0,False,0.0,0,0
clip_sample_011,19,3f63e450629640d58fd6b27fcfcbf0c2,a43568a562a043f38af0ec0b71520af7,c530e58bfaaf4ba38bf0f66c11381d7b,human.pedestrian.adult,v0-40,False,,759.07,507.69,804.94,613.52,759.07,507.69,804.94,613.52,False,19.429,9,0
clip_sample_011,19,3f63e450629640d58fd6b27fcfcbf0c2,a43568a562a043f38af0ec0b71520af7,c5bf5dcd6ce44959812034babd813887,human.pedestrian.adult,v80-100,False,,1148.42,494.12,1200.89,594.05,1148.42,494.12,1200.89,594.05,False,21.673,3,0
clip_sample_011,19,3f63e450629640d58fd6b27fcfcbf0c2,a43568a562a043f38af0ec0b71520af7,c82d05b5d41b4618995950edb7922349,vehicle.car,v80-100,True,fewer than 3 corners in front of camera; projection undefined,0.0,0.0,0.0,0.0,0.0,0.0,0.0,0.0,False,0.0,13,1
clip_sample_011,19,3f63e450629640d58fd6b27fcfcbf0c2,a43568a562a043f38af0ec0b71520af7,cd1add73166f4b43aa014f51a30f662c,vehicle.bicycle,v80-100,True,all corners behind or at the camera plane,0.0,0.0,0.0,0.0,0.0,0.0,0.0,0.0,False,0.0,4,0
clip_sample_011,19,3f63e450629640d58fd6b27fcfcbf0c2,a43568a562a043f38af0ec0b71520af7,ce93ff973b8047f9b80668b81debca3b,human.pedestrian.adult,v40-60,False,,902.31,437.76,941.44,517.73,902.31,437.76,941.44,517.73,False,30.281,1,0
clip_sample_011,19,3f63e450629640d58fd6b27fcfcbf0c2,a43568a562a043f38af0ec0b71520af7,d0de3763c12f4eea8ff4eab91a887297,human.pedestrian.adult,v0-40,True,projected box falls entirely outside the image,0.0,0.0,0.0,0.0,0.0,0.0,0.0,0.0,False,0.0,2,0
clip_sample_011,19,3f63e450629640d58fd6b27fcfcbf0c2,a43568a562a043f38af0ec0b71520af7,d4caaa59277b48a5a750d5d9ead9e402,vehicle.car,v80-100,True,projected box falls entirely outside the image,0.0,0.0,0.0,0.0,0.0,0.0,0.0,0.0,False,0.0,5,1
clip_sample_011,19,3f63e450629640d58fd6b27fcfcbf0c2,a43568a562a043f38af0ec0b71520af7,d569afe307654e3c82846e568999afec,human.pedestrian.adult,v80-100,True,projected box falls entirely outside the image,0.0,0.0,0.0,0.0,0.0,0.0,0.0,0.0,False,0.0,4,0
clip_sample_011,19,3f63e450629640d58fd6b27fcfcbf0c2,a43568a562a043f38af0ec0b71520af7,d61323aefb8640da9d5258fae57c2d1c,human.pedestrian.adult,v60-80,True,all corners behind or at the camera plane,0.0,0.0,0.0,0.0,0.0,0.0,0.0,0.0,False,0.0,15,0
clip_sample_011,19,3f63e450629640d58fd6b27fcfcbf0c2,a43568a562a043f38af0ec0b71520af7,d8da4b1be5e14912b2a3b86ea27b7716,human.pedestrian.adult,v80-100,True,projected box falls entirely outside the image,0.0,0.0,0.0,0.0,0.0,0.0,0.0,0.0,False,0.0,10,0
clip_sample_011,19,3f63e450629640d58fd6b27fcfcbf0c2,a43568a562a043f38af0ec0b71520af7,dbdc553e768b4ee7abfc3b456a991fa2,vehicle.car,v40-60,True,projected box falls entirely outside the image,0.0,0.0,0.0,0.0,0.0,0.0,0.0,0.0,False,0.0,14,0
clip_sample_011,19,3f63e450629640d58fd6b27fcfcbf0c2,a43568a562a043f38af0ec0b71520af7,dc534f142fbf42afbdd38a1afae9df7f,human.pedestrian.adult,v80-100,True,all corners behind or at the camera plane,0.0,0.0,0.0,0.0,0.0,0.0,0.0,0.0,False,0.0,22,0
clip_sample_011,19,3f63e450629640d58fd6b27fcfcbf0c2,a43568a562a043f38af0ec0b71520af7,e6505be7823b40858d669c34afba37c4,human.pedestrian.adult,v0-40,False,,652.25,493.7,703.04,612.03,652.25,493.7,703.04,612.03,False,19.512,1,0
clip_sample_011,19,3f63e450629640d58fd6b27fcfcbf0c2,a43568a562a043f38af0ec0b71520af7,e6d7aee18c7c4c5c953ee4bcee294834,human.pedestrian.adult,v0-40,True,projected box falls entirely outside the image,0.0,0.0,0.0,0.0,0.0,0.0,0.0,0.0,False,0.0,1,0
clip_sample_011,19,3f63e450629640d58fd6b27fcfcbf0c2,a43568a562a043f38af0ec0b71520af7,ec69560d753043d28b2f905dffdea722,vehicle.car,v0-40,False,,0.0,482.98,290.76,595.09,-67.35,482.63,290.76,595.09,True,19.594,0,0
clip_sample_011,19,3f63e450629640d58fd6b27fcfcbf0c2,a43568a562a043f38af0ec0b71520af7,f0af9c2de58e496687a6f81e36991492,vehicle.bicycle,v80-100,False,,1029.77,515.9,1130.97,577.69,1029.77,515.9,1130.97,577.69,False,23.558,4,1
clip_sample_011,19,3f63e450629640d58fd6b27fcfcbf0c2,a43568a562a043f38af0ec0b71520af7,f12d635edc9b4062897f56432583cc54,human.pedestrian.adult,v80-100,True,all corners behind or at the camera plane,0.0,0.0,0.0,0.0,0.0,0.0,0.0,0.0,False,0.0,7,1
clip_sample_011,19,3f63e450629640d58fd6b27fcfcbf0c2,a43568a562a043f38af0ec0b71520af7,f2e5400419984231855abb04d5efa716,human.pedestrian.adult,v80-100,True,projected box falls entirely outside the image,0.0,0.0,0.0,0.0,0.0,0.0,0.0,0.0,False,0.0,6,0
clip_sample_011,19,3f63e450629640d58fd6b27fcfcbf0c2,a43568a562a043f38af0ec0b71520af7,fbcad891cccb4d8a8fba633468335667,vehicle.car,v60-80,False,,555.79,475.23,781.15,550.81,555.79,475.23,781.15,550.81,False,27.619,11,1
clip_sample_011,19,3f63e450629640d58fd6b27fcfcbf0c2,a43568a562a043f38af0ec0b71520af7,ff7b5cbe03fa4c54ba9a3d07284b60a2,human.pedestrian.adult,v80-100,True,all corners behind or at the camera plane,0.0,0.0,0.0,0.0,0.0,0.0,0.0,0.0,False,0.0,4,0
clip_sample_011,25,be6fb7ba760d4c94834582f6ad761252,d1136fce62f14400a069613e274f46f7,005855d523f84d8a9e3bef3031c93e56,human.pedestrian.adult,v0-40,True,projected box falls entirely outside the image,0.0,0.0,0.0,0.0,0.0,0.0,0.0,0.0,False,0.0,0,0
clip_sample_011,25,be6fb7ba760d4c94834582f6ad761252,d1136fce62f14400a069613e274f46f7,029357560fcc41db9973bd656d63547d,human.pedestrian.adult,v0-40,False,,423.63,455.91,492.15,550.84,423.63,455.91,492.15,550.84,False,24.284,1,0
clip_sample_011,25,be6fb7ba760d4c94834582f6ad761252,d1136fce62f14400a069613e274f46f7,0a70b7f2364c4a0eb1512694661b4dc8,human.pedestrian.adult,v80-100,False,,1510.43,447.03,1553.03,528.16,1510.43,447.03,1553.03,528.16,False,25.08,3,0
clip_sample_011,25,be6fb7ba760d4c94834582f6ad761252,d1136fce62f14400a069613e274f46f7,0ae0723e31c9489492e6d53e21598d6c,human.pedestrian.adult,v80-100,True,projected box falls entirely outside the image,0.0,0.0,0.0,0.0,0.0,0.0,0.0,0.0,False,0.0,4,0
clip_sample_011,25,be6fb7ba760d4c94834582f6ad761252,d1136fce62f14400a069613e274f46f7,0c55b24f75814764ab76476f6d77c436,vehicle.car,v80-100,True,fewer than 3 corners in front of camera; projection undefined,0.0,0.0,0.0,0.0,0.0,0.0,0.0,0.0,False,0.0,4,2
clip_sample_011,25,be6fb7ba760d4c94834582f6ad761252,d1136fce62f14400a069613e274f46f7,13e93cfb18fa472cb347d1129cfbab9e,human.pedestrian.adult,v80-100,True,projected box falls entirely outside the image,0.0,0.0,0.0,0.0,0.0,0.0,0.0,0.0,False,0.0,2,0
clip_sample_011,25,be6fb7ba760d4c94834582f6ad761252,d1136fce62f14400a069613e274f46f7,155047a77309452a908e6c96ddd60b55,human.pedestrian.adult,v80-100,False,,742.64,463.21,898.96,685.49,742.64,463.21,898.96,685.49,False,10.302,36,1
clip_sample_011,25,be6fb7ba760d4c94834582f6ad761252,d1136fce62f14400a069613e274f46f7,27c29ce8b23147a9b30c905cee92fb0c,human.pedestrian.adult,v60-80,True,projected box falls entirely outside the image,0.0,0.0,0.0,0.0,0.0,0.0,0.0,0.0,False,0.0,8,0
clip_sample_011,25,be6fb7ba760d4c94834582f6ad761252,d1136fce62f14400a069613e274f46f7,2bfbbe1b78b341b7a1fc0474ef84bafb,human.pedestrian.adult,v0-40,True,projected box falls entirely outside the image,0.0,0.0,0.0,0.0,0.0,0.0,0.0,0.0,False,0.0,1,0
clip_sample_011,25,be6fb7ba760d4c94834582f6ad761252,d1136fce62f14400a069613e274f46f7,2c44e4c8d57345dfb834a2c524eee269,vehicle.bus.rigid,v60-80,True,all corners behind or at the camera plane,0.0,0.0,0.0,0.0,0.0,0.0,0.0,0.0,False,0.0,39,6
clip_sample_011,25,be6fb7ba760d4c94834582f6ad761252,d1136fce62f14400a069613e274f46f7,2c761ca3c6e745ab8b7553a3f3dc937e,human.pedestrian.adult,v80-100,True,all corners behind or at the camera plane,0.0,0.0,0.0,0.0,0.0,0.0,0.0,0.0,False,0.0,5,0
clip_sample_011,25,be6fb7ba760d4c94834582f6ad761252,d1136fce62f14400a069613e274f46f7,3288bc56cb484253b0e9d877d7d1f437,human.pedestrian.adult,v80-100,True,projected box falls entirely outside the image,0.0,0.0,0.0,0.0,0.0,0.0,0.0,0.0,False,0.0,3,0
clip_sample_011,25,be6fb7ba760d4c94834582f6ad761252,d1136fce62f14400a069613e274f46f7,3543efbc49b147c6a7151e945b999fe5,human.pedestrian.adult,v0-40,True,all corners behind or at the camera plane,0.0,0.0,0.0,0.0,0.0,0.0,0.0,0.0,False,0.0,11,0
clip_sample_011,25,be6fb7ba760d4c94834582f6ad761252,d1136fce62f14400a069613e274f46f7,3b12bb50abc6479aad7cdca503c4339d,vehicle.bicycle,v40-60,True,all corners behind or at the camera plane,0.0,0.0,0.0,0.0,0.0,0.0,0.0,0.0,False,0.0,4,0
clip_sample_011,25,be6fb7ba760d4c94834582f6ad761252,d1136fce62f14400a069613e274f46f7,3e6b4e722f39423f8b3a7da562449891,human.pedestrian.adult,v80-100,True,projected box falls entirely outside the image,0.0,0.0,0.0,0.0,0.0,0.0,0.0,0.0,False,0.0,2,0
clip_sample_011,25,be6fb7ba760d4c94834582f6ad761252,d1136fce62f14400a069613e274f46f7,3f81e988f45c44119cca8011a3274603,vehicle.car,v80-100,False,,0.0,417.0,214.34,836.0,-533.66,409.68,214.34,887.36,True,6.813,423,3
clip_sample_011,25,be6fb7ba760d4c94834582f6ad761252,d1136fce62f14400a069613e274f46f7,41fd985de63547f48fe139c572ddbacb,vehicle.car,v40-60,True,all corners behind or at the camera plane,0.0,0.0,0.0,0.0,0.0,0.0,0.0,0.0,False,0.0,6,1
clip_sample_011,25,be6fb7ba760d4c94834582f6ad761252,d1136fce62f14400a069613e274f46f7,43e0b606c4dc44eabf8c2de8f44411b9,human.pedestrian.adult,v80-100,True,projected box falls entirely outside the image,0.0,0.0,0.0,0.0,0.0,0.0,0.0,0.0,False,0.0,4,0
clip_sample_011,25,be6fb7ba760d4c94834582f6ad761252,d1136fce62f14400a069613e274f46f7,46a3cc53b10846a3a6a61c51b0f3a7b5,human.pedestrian.adult,v0-40,True,projected box falls entirely outside the image,0.0,0.0,0.0,0.0,0.0,0.0,0.0,0.0,False,0.0,0,0
clip_sample_011,25,be6fb7ba760d4c94834582f6ad761252,d1136fce62f14400a069613e274f46f7,47304f98d3d3484d8af8d5e4c7428022,human.pedestrian.personal_mobility,v80-100,True,projected box falls entirely outside the image,0.0,0.0,0.0,0.0,0.0,0.0,0.0,0.0,False,0.0,245,0
clip_sample_011,25,be6fb7ba760d4c94834582f6ad761252,d1136fce62f14400a069613e274f46f7,55f7fb5fa2854b0da825c2cd1c94b23b,human.pedestrian.adult,v80-100,True,all corners behind or at the camera plane,0.0,0.0,0.0,0.0,0.0,0.0,0.0,0.0,False,0.0,54,0
clip_sample_011,25,be6fb7ba760d4c94834582f6ad761252,d1136fce62f14400a069613e274f46f7,575b8651141f42d7bcaf03a8cab65bd3,human.pedestrian.adult,v80-100,False,,1384.87,483.71,1464.09,610.9,1384.87,483.71,1464.09,610.9,False,17.9,11,1
clip_sample_011,25,be6fb7ba760d4c94834582f6ad761252,d1136fce62f14400a069613e274f46f7,6a4b9f7abafd44f38ff670c3064b13dc,vehicle.car,v80-100,True,projected box falls entirely outside the image,0.0,0.0,0.0,0.0,0.0,0.0,0.0,0.0,False,0.0,67,3
clip_sample_011,25,be6fb7ba760d4c94834582f6ad761252,d1136fce62f14400a069613e274f46f7,7b8032aef1494ed28eb726c0fe7b7be7,vehicle.car,v80-100,False,,0.0,418.99,175.77,621.65,-174.62,418.99,175.77,621.65,True,15.265,13,2
clip_sample_011,25,be6fb7ba760d4c94834582f6ad761252,d1136fce62f14400a069613e274f46f7,7e7f7598a9094b23a1268c4fc85cfb17,human.pedestrian.adult,v40-60,True,projected box falls entirely outside the image,0.0,0.0,0.0,0.0,0.0,0.0,0.0,0.0,False,0.0,0,0
clip_sample_011,25,be6fb7ba760d4c94834582f6ad761252,d1136fce62f14400a069613e274f46f7,870c468534f7401cba587f6af0dc2eec,vehicle.car,v80-100,True,all corners behind or at the camera plane,0.0,0.0,0.0,0.0,0.0,0.0,0.0,0.0,False,0.0,151,7
clip_sample_011,25,be6fb7ba760d4c94834582f6ad761252,d1136fce62f14400a069613e274f46f7,8c3247533921448abe371a59d4696252,human.pedestrian.adult,v80-100,True,projected box falls entirely outside the image,0.0,0.0,0.0,0.0,0.0,0.0,0.0,0.0,False,0.0,1,0
clip_sample_011,25,be6fb7ba760d4c94834582f6ad761252,d1136fce62f14400a069613e274f46f7,8e992e7479094a61a550b951c1451092,human.pedestrian.adult,v0-40,False,,767.42,482.75,818.56,600.37,767.42,482.75,818.56,600.37,False,18.521,0,0
clip_sample_011,25,be6fb7ba760d4c94834582f6ad761252,d1136fce62f14400a069613e274f46f7,911ed6e0595042f7a6fde8a57825726b,human.pedestrian.adult,v80-100,True,projected box falls entirely outside the image,0.0,0.0,0.0,0.0,0.0,0.0,0.0,0.0,False,0.0,5,0
clip_sample_011,25,be6fb7ba760d4c94834582f6ad761252,d1136fce62f14400a069613e274f46f7,9441225cd01f4730a02b5d8927063f53,human.pedestrian.adult,v80-100,True,projected box falls entirely outside the image,0.0,0.0,0.0,0.0,0.0,0.0,0.0,0.0,False,0.0,18,0
clip_sample_011,25,be6fb7ba760d4c94834582f6ad761252,d1136fce62f14400a069613e274f46f7,9777aa985269472595ff1ee88420008f,human.pedestrian.adult,v80-100,True,all corners behind or at the camera plane,0.0,0.0,0.0,0.0,0.0,0.0,0.0,0.0,False,0.0,22,0
clip_sample_011,25,be6fb7ba760d4c94834582f6ad761252,d1136fce62f14400a069613e274f46f7,986c792f751041d38689019012a2e97b,human.pedestrian.adult,v60-80,True,projected box falls entirely outside the image,0.0,0.0,0.0,0.0,0.0,0.0,0.0,0.0,False,0.0,3,0
clip_sample_011,25,be6fb7ba760d4c94834582f6ad761252,d1136fce62f14400a069613e274f46f7,a0328b62fcaa46a093c7de5ae9b53ecf,vehicle.car,v80-100,False,,68.39,377.25,487.41,578.75,68.39,377.25,487.41,578.75,False,21.428,115,1
clip_sample_011,25,be6fb7ba760d4c94834582f6ad761252,d1136fce62f14400a069613e274f46f7,a17eaee4f19f45e2a80e0ed11751b86b,vehicle.car,v0-40,True,projected box falls entirely outside the image,0.0,0.0,0.0,0.0,0.0,0.0,0.0,0.0,False,0.0,7,0
clip_sample_011,25,be6fb7ba760d4c94834582f6ad761252,d1136fce62f14400a069613e274f46f7,a2cf4f44341946b8b1359049c8bac214,human.pedestrian.adult,v40-60,True,projected box falls entirely outside the image,0.0,0.0,0.0,0.0,0.0,0.0,0.0,0.0,False,0.0,2,1
clip_sample_011,25,be6fb7ba760d4c94834582f6ad761252,d1136fce62f14400a069613e274f46f7,a811914d417942b182285ca2bad0d1a8,human.pedestrian.adult,v80-100,True,projected box falls entirely outside the image,0.0,0.0,0.0,0.0,0.0,0.0,0.0,0.0,False,0.0,5,0
clip_sample_011,25,be6fb7ba760d4c94834582f6ad761252,d1136fce62f14400a069613e274f46f7,af4dc3d76f18426d8a4541876cb997c0,human.pedestrian.adult,v80-100,False,,1203.07,411.97,1257.22,494.37,1203.07,411.97,1257.22,494.37,False,27.922,5,0
clip_sample_011,25,be6fb7ba760d4c94834582f6ad761252,d1136fce62f14400a069613e274f46f7,af9f8e591cf54233a6ac8bbb58c7872d,human.pedestrian.adult,v0-40,True,projected box falls entirely outside the image,0.0,0.0,0.0,0.0,0.0,0.0,0.0,0.0,False,0.0,2,0
clip_sample_011,25,be6fb7ba760d4c94834582f6ad761252,d1136fce62f14400a069613e274f46f7,b20e566fd73e4a6e9797b11a0657aa03,human.pedestrian.adult,v0-40,True,all corners behind or at the camera plane,0.0,0.0,0.0,0.0,0.0,0.0,0.0,0.0,False,0.0,0,0
clip_sample_011,25,be6fb7ba760d4c94834582f6ad761252,d1136fce62f14400a069613e274f46f7,b9cfadb6439a4ee5a9faf4f4ecbd2408,human.pedestrian.adult,v0-40,True,projected box falls entirely outside the image,0.0,0.0,0.0,0.0,0.0,0.0,0.0,0.0,False,0.0,3,0
clip_sample_011,25,be6fb7ba760d4c94834582f6ad761252,d1136fce62f14400a069613e274f46f7,bbab4b240644425ea76ee82dde094e49,vehicle.car,v0-40,True,projected box falls entirely outside the image,0.0,0.0,0.0,0.0,0.0,0.0,0.0,0.0,False,0.0,1,0
clip_sample_011,25,be6fb7ba760d4c94834582f6ad761252,d1136fce62f14400a069613e274f46f7,c3c2aa02ee5f430a85a3d6bc3f33d1d4,human.pedestrian.adult,v0-40,True,all corners behind or at the camera plane,0.0,0.0,0.0,0.0,0.0,0.0,0.0,0.0,False,0.0,3,1
clip_sample_011,25,be6fb7ba760d4c94834582f6ad761252,d1136fce62f14400a069613e274f46f7,c530e58bfaaf4ba38bf0f66c11381d7b,human.pedestrian.adult,v0-40,False,,834.33,487.98,881.16,598.42,834.33,487.98,881.16,598.42,False,18.581,6,0
clip_sample_011,25,be6fb7ba760d4c94834582f6ad761252,d1136fce62f14400a069613e274f46f7,c5bf5dcd6ce44959812034babd813887,human.pedestrian.adult,v80-100,False,,1283.77,466.81,1342.14,574.47,1283.77,466.81,1342.14,574.47,False,20.062,2,0
clip_sample_011,25,be6fb7ba760d4c94834582f6ad761252,d1136fce62f14400a069613e274f46f7,c82d05b5d41b4618995950edb7922349,vehicle.car,v80-100,True,all corners behind or at the camera plane,0.0,0.0,0.0,0.0,0.0,0.0,0.0,0.0,False,0.0,17,1
clip_sample_011,25,be6fb7ba760d4c94834582f6ad761252,d1136fce62f14400a069613e274f46f7,cd1add73166f4b43aa014f51a30f662c,vehicle.bicycle,v80-100,True,all corners behind or at the camera plane,0.0,0.0,0.0,0.0,0.0,0.0,0.0,0.0,False,0.0,4,0
clip_sample_011,25,be6fb7ba760d4c94834582f6ad761252,d1136fce62f14400a069613e274f46f7,ce93ff973b8047f9b80668b81debca3b,human.pedestrian.adult,v0-40,False,,957.49,416.1,998.27,499.86,957.49,416.1,998.27,499.86,False,28.939,1,0
clip_sample_011,25,be6fb7ba760d4c94834582f6ad761252,d1136fce62f14400a069613e274f46f7,d0de3763c12f4eea8ff4eab91a887297,human.pedestrian.adult,v0-40,True,projected box falls entirely outside the image,0.0,0.0,0.0,0.0,0.0,0.0,0.0,0.0,False,0.0,2,0
clip_sample_011,25,be6fb7ba760d4c94834582f6ad761252,d1136fce62f14400a069613e274f46f7,d4caaa59277b48a5a750d5d9ead9e402,vehicle.car,v80-100,True,projected box falls entirely outside the image,0.0,0.0,0.0,0.0,0.0,0.0,0.0,0.0,False,0.0,3,0
clip_sample_011,25,be6fb7ba760d4c94834582f6ad761252,d1136fce62f14400a069613e274f46f7,d569afe307654e3c82846e568999afec,human.pedestrian.adult,v60-80,True,projected box falls entirely outside the image,0.0,0.0,0.0,0.0,0.0,0.0,0.0,0.0,False,0.0,2,0
clip_sample_011,25,be6fb7ba760d4c94834582f6ad761252,d1136fce62f14400a069613e274f46f7,d61323aefb8640da9d5258fae57c2d1c,human.pedestrian.adult,v80-100,True,all corners behind or at the camera plane,0.0,0.0,0.0,0.0,0.0,0.0,0.0,0.0,False,0.0,9,0
clip_sample_011,25,be6fb7ba760d4c94834582f6ad761252,d1136fce62f14400a069613e274f46f7,d8da4b1be5e14912b2a3b86ea27b7716,human.pedestrian.adult,v80-100,True,projected box falls entirely outside the image,0.0,0.0,0.0,0.0,0.0,0.0,0.0,0.0,False,0.0,5,0
clip_sample_011,25,be6fb7ba760d4c94834582f6ad761252,d1136fce62f14400a069613e274f46f7,dbdc553e768b4ee7abfc3b456a991fa2,vehicle.car,v0-40,True,projected box falls entirely outside the image,0.0,0.0,0.0,0.0,0.0,0.0,0.0,0.0,False,0.0,5,0
clip_sample_011,25,be6fb7ba760d4c94834582f6ad761252,d1136fce62f14400a069613e274f46f7,dc534f142fbf42afbdd38a1afae9df7f,human.pedestrian.adult,v80-100,True,all corners behind or at the camera plane,0.0,0.0,0.0,0.0,0.0,0.0,0.0,0.0,False,0.0,17,0
clip_sample_011,25,be6fb7ba760d4c94834582f6ad761252,d1136fce62f14400a069613e274f46f7,e6505be7823b40858d669c34afba37c4,human.pedestrian.adult,v80-100,False,,729.97,474.18,781.29,597.21,729.97,474.18,781.29,597.21,False,18.737,7,0
clip_sample_011,25,be6fb7ba760d4c94834582f6ad761252,d1136fce62f14400a069613e274f46f7,e6d7aee18c7c4c5c953ee4bcee294834,human.pedestrian.adult,v80-100,True,projected box falls entirely outside the image,0.0,0.0,0.0,0.0,0.0,0.0,0.0,0.0,False,0.0,3,0
clip_sample_011,25,be6fb7ba760d4c94834582f6ad761252,d1136fce62f14400a069613e274f46f7,ec69560d753043d28b2f905dffdea722,vehicle.car,v0-40,False,,0.0,465.67,330.16,581.79,-35.68,465.64,330.16,581.79,True,18.734,32,1
clip_sample_011,25,be6fb7ba760d4c94834582f6ad761252,d1136fce62f14400a069613e274f46f7,f0af9c2de58e496687a6f81e36991492,vehicle.bicycle,v80-100,False,,1112.63,495.34,1223.0,561.22,1112.63,495.34,1223.0,561.22,False,21.929,5,1
clip_sample_011,25,be6fb7ba760d4c94834582f6ad761252,d1136fce62f14400a069613e274f46f7,f12d635edc9b4062897f56432583cc54,human.pedestrian.adult,v80-100,True,all corners behind or at the camera plane,0.0,0.0,0.0,0.0,0.0,0.0,0.0,0.0,False,0.0,6,1
clip_sample_011,25,be6fb7ba760d4c94834582f6ad761252,d1136fce62f14400a069613e274f46f7,f2e5400419984231855abb04d5efa716,human.pedestrian.adult,v80-100,True,projected box falls entirely outside the image,0.0,0.0,0.0,0.0,0.0,0.0,0.0,0.0,False,0.0,6,0
clip_sample_011,25,be6fb7ba760d4c94834582f6ad761252,d1136fce62f14400a069613e274f46f7,fbcad891cccb4d8a8fba633468335667,vehicle.car,v80-100,False,,610.51,456.82,844.95,534.67,610.51,456.82,844.95,534.67,False,26.371,24,0
clip_sample_011,31,41377f1b5cb34525885b97cf94f55f35,f65ffdc408fb4a0c8ef0d1614b47dce8,005855d523f84d8a9e3bef3031c93e56,human.pedestrian.adult,v80-100,True,projected box falls entirely outside the image,0.0,0.0,0.0,0.0,0.0,0.0,0.0,0.0,False,0.0,5,0
clip_sample_011,31,41377f1b5cb34525885b97cf94f55f35,f65ffdc408fb4a0c8ef0d1614b47dce8,029357560fcc41db9973bd656d63547d,human.pedestrian.adult,v0-40,False,,525.04,454.76,593.68,551.41,525.04,454.76,593.68,551.41,False,23.89,0,0
clip_sample_011,31,41377f1b5cb34525885b97cf94f55f35,f65ffdc408fb4a0c8ef0d1614b47dce8,0a70b7f2364c4a0eb1512694661b4dc8,human.pedestrian.adult,v60-80,True,projected box falls entirely outside the image,0.0,0.0,0.0,0.0,0.0,0.0,0.0,0.0,False,0.0,1,0
clip_sample_011,31,41377f1b5cb34525885b97cf94f55f35,f65ffdc408fb4a0c8ef0d1614b47dce8,0ae0723e31c9489492e6d53e21598d6c,human.pedestrian.adult,v80-100,True,projected box falls entirely outside the image,0.0,0.0,0.0,0.0,0.0,0.0,0.0,0.0,False,0.0,5,0
clip_sample_011,31,41377f1b5cb34525885b97cf94f55f35,f65ffdc408fb4a0c8ef0d1614b47dce8,0c55b24f75814764ab76476f6d77c436,vehicle.car,v80-100,True,all corners behind or at the camera plane,0.0,0.0,0.0,0.0,0.0,0.0,0.0,0.0,False,0.0,7,1
clip_sample_011,31,41377f1b5cb34525885b97cf94f55f35,f65ffdc408fb4a0c8ef0d1614b47dce8,13e93cfb18fa472cb347d1129cfbab9e,human.pedestrian.adult,v80-100,True,projected box falls entirely outside the image,0.0,0.0,0.0,0.0,0.0,0.0,0.0,0.0,False,0.0,3,0
clip_sample_011,31,41377f1b5cb34525885b97cf94f55f35,f65ffdc408fb4a0c8ef0d1614b47dce8,155047a77309452a908e6c96ddd60b55,human.pedestrian.adult,v80-100,False,,943.04,460.06,1120.31,708.78,943.04,460.06,1120.31,708.78,False,9.27,40,0
clip_sample_011,31,41377f1b5cb34525885b97cf94f55f35,f65ffdc408fb4a0c8ef0d1614b47dce8,27c29ce8b23147a9b30c905cee92fb0c,human.pedestrian.adult,v80-100,True,projected box falls entirely outside the image,0.0,0.0,0.0,0.0,0.0,0.0,0.0,0.0,False,0.0,5,0
clip_sample_011,31,41377f1b5cb34525885b97cf94f55f35,f65ffdc408fb4a0c8ef0d1614b47dce8,2bfbbe1b78b341b7a1fc0474ef84bafb,human.pedestrian.adult,v0-40,True,projected box falls entirely outside the image,0.0,0.0,0.0,0.0,0.0,0.0,0.0,0.0,False,0.0,1,0
clip_sample_011,31,41377f1b5cb34525885b97cf94f55f35,f65ffdc408fb4a0c8ef0d1614b47dce8,2c44e4c8d57345dfb834a2c524eee269,vehicle.bus.rigid,v60-80,True,all corners behind or at the camera plane,0.0,0.0,0.0,0.0,0.0,0.0,0.0,0.0,False,0.0,37,5
clip_sample_011,31,41377f1b5cb34525885b97cf94f55f35,f65ffdc408fb4a0c8ef0d1614b47dce8,2c761ca3c6e745ab8b7553a3f3dc937e,human.pedestrian.adult,v80-100,True,all corners behind or at the camera plane,0.0,0.0,0.0,0.0,0.0,0.0,0.0,0.0,False,0.0,8,0
clip_sample_011,31,41377f1b5cb34525885b97cf94f55f35,f65ffdc408fb4a0c8ef0d1614b47dce8,3288bc56cb484253b0e9d877d7d1f437,human.pedestrian.adult,v80-100,True,projected box falls entirely outside the image,0.0,0.0,0.0,0.0,0.0,0.0,0.0,0.0,False,0.0,4,0
clip_sample_011,31,41377f1b5cb34525885b97cf94f55f35,f65ffdc408fb4a0c8ef0d1614b47dce8,3543efbc49b147c6a7151e945b999fe5,human.pedestrian.adult,v0-40,True,all corners behind or at the camera plane,0.0,0.0,0.0,0.0,0.0,0.0,0.0,0.0,False,0.0,10,0
clip_sample_011,31,41377f1b5cb34525885b97cf94f55f35,f65ffdc408fb4a0c8ef0d1614b47dce8,3b12bb50abc6479aad7cdca503c4339d,vehicle.bicycle,v0-40,True,all corners behind or at the camera plane,0.0,0.0,0.0,0.0,0.0,0.0,0.0,0.0,False,0.0,6,0
clip_sample_011,31,41377f1b5cb34525885b97cf94f55f35,f65ffdc408fb4a0c8ef0d1614b47dce8,3e6b4e722f39423f8b3a7da562449891,human.pedestrian.adult,v80-100,True,projected box falls entirely outside the image,0.0,0.0,0.0,0.0,0.0,0.0,0.0,0.0,False,0.0,4,0
clip_sample_011,31,41377f1b5cb34525885b97cf94f55f35,f65ffdc408fb4a0c8ef0d1614b47dce8,3f81e988f45c44119cca8011a3274603,vehicle.car,v80-100,False,,0.0,427.91,53.8,787.99,-635.88,417.91,53.8,868.22,True,7.129,318,3
clip_sample_011,31,41377f1b5cb34525885b97cf94f55f35,f65ffdc408fb4a0c8ef0d1614b47dce8,41fd985de63547f48fe139c572ddbacb,vehicle.car,v40-60,True,all corners behind or at the camera plane,0.0,0.0,0.0,0.0,0.0,0.0,0.0,0.0,False,0.0,8,0
clip_sample_011,31,41377f1b5cb34525885b97cf94f55f35,f65ffdc408fb4a0c8ef0d1614b47dce8,43e0b606c4dc44eabf8c2de8f44411b9,human.pedestrian.adult,v80-100,True,projected box falls entirely outside the image,0.0,0.0,0.0,0.0,0.0,0.0,0.0,0.0,False,0.0,5,0
clip_sample_011,31,41377f1b5cb34525885b97cf94f55f35,f65ffdc408fb4a0c8ef0d1614b47dce8,46a3cc53b10846a3a6a61c51b0f3a7b5,human.pedestrian.adult,v0-40,True,projected box falls entirely outside the image,0.0,0.0,0.0,0.0,0.0,0.0,0.0,0.0,False,0.0,2,0
clip_sample_011,31,41377f1b5cb34525885b97cf94f55f35,f65ffdc408fb4a0c8ef0d1614b47dce8,47304f98d3d3484d8af8d5e4c7428022,human.pedestrian.personal_mobility,v80-100,True,projected box falls entirely outside the image,0.0,0.0,0.0,0.0,0.0,0.0,0.0,0.0,False,0.0,341,0
clip_sample_011,31,41377f1b5cb34525885b97cf94f55f35,f65ffdc408fb4a0c8ef0d1614b47dce8,5239af09678744329fe215bedc5fe6fb,vehicle.car,v80-100,True,projected box falls entirely outside the image,0.0,0.0,0.0,0.0,0.0,0.0,0.0,0.0,False,0.0,4,0
clip_sample_011,31,41377f1b5cb34525885b97cf94f55f35,f65ffdc408fb4a0c8ef0d1614b47dce8,55f7fb5fa2854b0da825c2cd1c94b23b,human.pedestrian.adult,v80-100,True,all corners behind or at the camera plane,0.0,0.0,0.0,0.0,0.0,0.0,0.0,0.0,False,0.0,43,0
clip_sample_011,31,41377f1b5cb34525885b97cf94f55f35,f65ffdc408fb4a0c8ef0d1614b47dce8,575b8651141f42d7bcaf03a8cab65bd3,human.pedestrian.adult,v80-100,True,projected box falls entirely outside the image,0.0,0.0,0.0,0.0,0.0,0.0,0.0,0.0,False,0.0,9,0
clip_sample_011,31,41377f1b5cb34525885b97cf94f55f35,f65ffdc408fb4a0c8ef0d1614b47dce8,6a4b9f7abafd44f38ff670c3064b13dc,vehicle.car,v80-100,True,projected box falls entirely outside the image,0.0,0.0,0.0,0.0,0.0,0.0,0.0,0.0,False,0.0,50,1
clip_sample_011,31,41377f1b5cb34525885b97cf94f55f35,f65ffdc408fb4a0c8ef0d1614b47dce8,7b8032aef1494ed28eb726c0fe7b7be7,vehicle.car,v80-100,False,,0.0,422.07,301.21,631.7,-30.38,422.07,301.21,631.7,True,14.967,91,1
clip_sample_011,31,41377f1b5cb34525885b97cf94f55f35,f65ffdc408fb4a0c8ef0d1614b47dce8,7e7f7598a9094b23a1268c4fc85cfb17,human.pedestrian.adult,v0-40,True,projected box falls entirely outside the image,0.0,0.0,0.0,0.0,0.0,0.0,0.0,0.0,False,0.0,2,0
clip_sample_011,31,41377f1b5cb34525885b97cf94f55f35,f65ffdc408fb4a0c8ef0d1614b47dce8,870c468534f7401cba587f6af0dc2eec,vehicle.car,v80-100,True,all corners behind or at the camera plane,0.0,0.0,0.0,0.0,0.0,0.0,0.0,0.0,False,0.0,163,7
clip_sample_011,31,41377f1b5cb34525885b97cf94f55f35,f65ffdc408fb4a0c8ef0d1614b47dce8,8c3247533921448abe371a59d4696252,human.pedestrian.adult,v80-100,True,projected box falls entirely outside the image,0.0,0.0,0.0,0.0,0.0,0.0,0.0,0.0,False,0.0,3,0
clip_sample_011,31,41377f1b5cb34525885b97cf94f55f35,f65ffdc408fb4a0c8ef0d1614b47dce8,8e992e7479094a61a550b951c1451092,human.pedestrian.adult,v80-100,False,,920.59,481.95,974.3,605.79,920.59,481.95,974.3,605.79,False,17.631,7,1
clip_sample_011,31,41377f1b5cb34525885b97cf94f55f35,f65ffdc408fb4a0c8ef0d1614b47dce8,911ed6e0595042f7a6fde8a57825726b,human.pedestrian.adult,v0-40,True,projected box falls entirely outside the image,0.0,0.0,0.0,0.0,0.0,0.0,0.0,0.0,False,0.0,5,0
clip_sample_011,31,41377f1b5cb34525885b97cf94f55f35,f65ffdc408fb4a0c8ef0d1614b47dce8,9441225cd01f4730a02b5d8927063f53,human.pedestrian.adult,v0-40,True,projected box falls entirely outside the image,0.0,0.0,0.0,0.0,0.0,0.0,0.0,0.0,False,0.0,15,0
clip_sample_011,31,41377f1b5cb34525885b97cf94f55f35,f65ffdc408fb4a0c8ef0d1614b47dce8,9777aa985269472595ff1ee88420008f,human.pedestrian.adult,v80-100,True,all corners behind or at the camera plane,0.0,0.0,0.0,0.0,0.0,0.0,0.0,0.0,False,0.0,20,0
clip_sample_011,31,41377f1b5cb34525885b97cf94f55f35,f65ffdc408fb4a0c8ef0d1614b47dce8,986c792f751041d38689019012a2e97b,human.pedestrian.adult,v0-40,True,projected box falls entirely outside the image,0.0,0.0,0.0,0.0,0.0,0.0,0.0,0.0,False,0.0,3,0
clip_sample_011,31,41377f1b5cb34525885b97cf94f55f35,f65ffdc408fb4a0c8ef0d1614b47dce8,a0328b62fcaa46a093c7de5ae9b53ecf,vehicle.car,v80-100,False,,208.05,377.5,620.05,587.25,208.05,377.5,620.05,587.25,False,20.944,121,3
clip_sample_011,31,41377f1b5cb34525885b97cf94f55f35,f65ffdc408fb4a0c8ef0d1614b47dce8,a17eaee4f19f45e2a80e0ed11751b86b,vehicle.car,v0-40,True,projected box falls entirely outside the image,0.0,0.0,0.0,0.0,0.0,0.0,0.0,0.0,False,0.0,0,0
clip_sample_011,31,41377f1b5cb34525885b97cf94f55f35,f65ffdc408fb4a0c8ef0d1614b47dce8,a2cf4f44341946b8b1359049c8bac214,human.pedestrian.adult,v0-40,True,projected box falls entirely outside the image,0.0,0.0,0.0,0.0,0.0,0.0,0.0,0.0,False,0.0,0,0
clip_sample_011,31,41377f1b5cb34525885b97cf94f55f35,f65ffdc408fb4a0c8ef0d1614b47dce8,a811914d417942b182285ca2bad0d1a8,human.pedestrian.adult,v0-40,True,projected box falls entirely outside the image,0.0,0.0,0.0,0.0,0.0,0.0,0.0,0.0,False,0.0,4,0
clip_sample_011,31,41377f1b5cb34525885b97cf94f55f35,f65ffdc408fb4a0c8ef0d1614b47dce8,af4dc3d76f18426d8a4541876cb997c0,human.pedestrian.adult,v80-100,False,,1384.34,407.19,1445.61,497.97,1384.34,407.19,1445.61,497.97,False,25.46,3,0
clip_sample_011,31,41377f1b5cb34525885b97cf94f55f35,f65ffdc408fb4a0c8ef0d1614b47dce8,af9f8e591cf54233a6ac8bbb58c7872d,human.pedestrian.adult,v0-40,True,projected box falls entirely outside the image,0.0,0.0,0.0,0.0,0.0,0.0,0.0,0.0,False,0.0,1,0
clip_sample_011,31,41377f1b5cb34525885b97cf94f55f35,f65ffdc408fb4a0c8ef0d1614b47dce8,b20e566fd73e4a6e9797b11a0657aa03,human.pedestrian.adult,v0-40,True,all corners behind or at the camera plane,0.0,0.0,0.0,0.0,0.0,0.0,0.0,0.0,False,0.0,0,0
clip_sample_011,31,41377f1b5cb34525885b97cf94f55f35,f65ffdc408fb4a0c8ef0d1614b47dce8,b9cfadb6439a4ee5a9faf4f4ecbd2408,human.pedestrian.adult,v40-60,True,projected box falls entirely outside the image,0.0,0.0,0.0,0.0,0.0,0.0,0.0,0.0,False,0.0,6,0
clip_sample_011,31,41377f1b5cb34525885b97cf94f55f35,f65ffdc408fb4a0c8ef0d1614b47dce8,bbab4b240644425ea76ee82dde094e49,vehicle.car,v0-40,False,,0.0,465.47,122.91,563.67,-160.18,465.25,122.91,563.67,True,21.396,0,0
clip_sample_011,31,41377f1b5cb34525885b97cf94f55f35,f65ffdc408fb4a0c8ef0d1614b47dce8,c3c2aa02ee5f430a85a3d6bc3f33d1d4,human.pedestrian.adult,v60-80,True,all corners behind or at the camera plane,0.0,0.0,0.0,0.0,0.0,0.0,0.0,0.0,False,0.0,7,0
clip_sample_011,31,41377f1b5cb34525885b97cf94f55f35,f65ffdc408fb4a0c8ef0d1614b47dce8,c530e58bfaaf4ba38bf0f66c11381d7b,human.pedestrian.adult,v0-40,False,,998.06,489.29,1047.51,606.37,998.06,489.29,1047.51,606.37,False,17.583,2,0
clip_sample_011,31,41377f1b5cb34525885b97cf94f55f35,f65ffdc408fb4a0c8ef0d1614b47dce8,c5bf5dcd6ce44959812034babd813887,human.pedestrian.adult,v80-100,False,,1535.73,461.7,1600.0,583.53,1535.73,461.7,1607.27,583.53,True,17.752,1,0
clip_sample_011,31,41377f1b5cb34525885b97cf94f55f35,f65ffdc408fb4a0c8ef0d1614b47dce8,c82d05b5d41b4618995950edb7922349,vehicle.car,v80-100,True,all corners behind or at the camera plane,0.0,0.0,0.0,0.0,0.0,0.0,0.0,0.0,False,0.0,24,1
clip_sample_011,31,41377f1b5cb34525885b97cf94f55f35,f65ffdc408fb4a0c8ef0d1614b47dce8,cd1add73166f4b43aa014f51a30f662c,vehicle.bicycle,v40-60,True,all corners behind or at the camera plane,0.0,0.0,0.0,0.0,0.0,0.0,0.0,0.0,False,0.0,10,0
clip_sample_011,31,41377f1b5cb34525885b97cf94f55f35,f65ffdc408fb4a0c8ef0d1614b47dce8,ce93ff973b8047f9b80668b81debca3b,human.pedestrian.adult,v0-40,False,,1073.53,410.68,1117.79,499.37,1073.53,410.68,1117.79,499.37,False,27.387,3,0
clip_sample_011,31,41377f1b5cb34525885b97cf94f55f35,f65ffdc408fb4a0c8ef0d1614b47dce8,d0de3763c12f4eea8ff4eab91a887297,human.pedestrian.adult,v60-80,True,projected box falls entirely outside the image,0.0,0.0,0.0,0.0,0.0,0.0,0.0,0.0,False,0.0,2,0
clip_sample_011,31,41377f1b5cb34525885b97cf94f55f35,f65ffdc408fb4a0c8ef0d1614b47dce8,d4caaa59277b48a5a750d5d9ead9e402,vehicle.car,v0-40,True,projected box falls entirely outside the image,0.0,0.0,0.0,0.0,0.0,0.0,0.0,0.0,False,0.0,1,0
clip_sample_011,31,41377f1b5cb34525885b97cf94f55f35,f65ffdc408fb4a0c8ef0d1614b47dce8,d569afe307654e3c82846e568999afec,human.pedestrian.adult,v60-80,True,projected box falls entirely outside the image,0.0,0.0,0.0,0.0,0.0,0.0,0.0,0.0,False,0.0,1,0
clip_sample_011,31,41377f1b5cb34525885b97cf94f55f35,f65ffdc408fb4a0c8ef0d1614b47dce8,d61323aefb8640da9d5258fae57c2d1c,human.pedestrian.adult,v80-100,True,all corners behind or at the camera plane,0.0,0.0,0.0,0.0,0.0,0.0,0.0,0.0,False,0.0,9,0
clip_sample_011,31,41377f1b5cb34525885b97cf94f55f35,f65ffdc408fb4a0c8ef0d1614b47dce8,d8da4b1be5e14912b2a3b86ea27b7716,human.pedestrian.adult,v80-100,True,projected box falls entirely outside the image,0.0,0.0,0.0,0.0,0.0,0.0,0.0,0.0,False,0.0,3,2
clip_sample_011,31,41377f1b5cb34525885b97cf94f55f35,f65ffdc408fb4a0c8ef0d1614b47dce8,dbdc553e768b4ee7abfc3b456a991fa2,vehicle.car,v0-40,True,projected box falls entirely outside the image,0.0,0.0,0.0,0.0,0.0,0.0,0.0,0.0,False,0.0,5,0
clip_sample_011,31,41377f1b5cb34525885b97cf94f55f35,f65ffdc408fb4a0c8ef0d1614b47dce8,dc534f142fbf42afbdd38a1afae9df7f,human.pedestrian.adult,v80-100,True,all corners behind or at the camera plane,0.0,0.0,0.0,0.0,0.0,0.0,0.0,0.0,False,0.0,15,0
clip_sample_011,31,41377f1b5cb34525885b97cf94f55f35,f65ffdc408fb4a0c8ef0d1614b47dce8,e6505be7823b40858d669c34afba37c4,human.pedestrian.adult,v80-100,False,,874.44,474.72,928.1,603.71,874.44,474.72,928.1,603.71,False,17.913,8,3
clip_sample_011,31,41377f1b5cb34525885b97cf94f55f35,f65ffdc408fb4a0c8ef0d1614b47dce8,e6d7aee18c7c4c5c953ee4bcee294834,human.pedestrian.adult,v80-100,True,projected box falls entirely outside the image,0.0,0.0,0.0,0.0,0.0,0.0,0.0,0.0,False,0.0,2,0
clip_sample_011,31,41377f1b5cb34525885b97cf94f55f35,f65ffdc408fb4a0c8ef0d1614b47dce8,ec69560d753043d28b2f905dffdea722,vehicle.car,v40-60,False,,104.38,468.01,459.64,588.39,104.38,468.01,459.64,588.39,False,18.348,24,1
clip_sample_011,31,41377f1b5cb34525885b97cf94f55f35,f65ffdc408fb4a0c8ef0d1614b47dce8,f0af9c2de58e496687a6f81e36991492,vehicle.bicycle,v80-100,False,,1292.67,498.03,1420.68,571.65,1292.67,498.03,1420.68,571.65,False,19.843,6,0
clip_sample_011,31,41377f1b5cb34525885b97cf94f55f35,f65ffdc408fb4a0c8ef0d1614b47dce8,f12d635edc9b4062897f56432583cc54,human.pedestrian.adult,v80-100,True,all corners behind or at the camera plane,0.0,0.0,0.0,0.0,0.0,0.0,0.0,0.0,False,0.0,4,0
clip_sample_011,31,41377f1b5cb34525885b97cf94f55f35,f65ffdc408fb4a0c8ef0d1614b47dce8,f2e5400419984231855abb04d5efa716,human.pedestrian.adult,v80-100,True,projected box falls entirely outside the image,0.0,0.0,0.0,0.0,0.0,0.0,0.0,0.0,False,0.0,7,0
clip_sample_011,31,41377f1b5cb34525885b97cf94f55f35,f65ffdc408fb4a0c8ef0d1614b47dce8,fbcad891cccb4d8a8fba633468335667,vehicle.car,v80-100,False,,746.68,457.14,992.68,539.74,746.68,457.14,992.68,539.74,False,25.094,33,0
